ISO-10303-21;
HEADER;
/* Generated by software containing ST-Developer
 * from STEP Tools, Inc. (www.steptools.com) 
 */

FILE_DESCRIPTION(
/* description */ (''),
/* implementation_level */ '2;1');

FILE_NAME(
/* name */ 'D2F-L Microswitch.step',
/* time_stamp */ '2026-03-26T21:53:52-07:00',
/* author */ (''),
/* organization */ (''),
/* preprocessor_version */ 'ST-DEVELOPER v20.1',
/* originating_system */ 'Autodesk Translation Framework v14.24.0.0',
/* authorisation */ '');

FILE_SCHEMA (('AUTOMOTIVE_DESIGN { 1 0 10303 214 3 1 1 }'));
ENDSEC;

DATA;
#10=MECHANICAL_DESIGN_GEOMETRIC_PRESENTATION_REPRESENTATION('',(#45,#46,
#47,#48,#49,#50,#51,#52),#9313);
#11=CONTEXT_DEPENDENT_OVER_RIDING_STYLED_ITEM('',(#9364),#9335,#52,(#23));
#12=CONTEXT_DEPENDENT_OVER_RIDING_STYLED_ITEM('',(#9363),#9334,#52,(#22));
#13=CONTEXT_DEPENDENT_OVER_RIDING_STYLED_ITEM('',(#9365),#9336,#52,(#24));
#14=CONTEXT_DEPENDENT_OVER_RIDING_STYLED_ITEM('',(#9362),#9333,#52,(#21));
#15=MAPPED_ITEM('',#16,#5604);
#16=REPRESENTATION_MAP(#5604,#9332);
#17=ITEM_DEFINED_TRANSFORMATION($,$,#5290,#5600);
#18=ITEM_DEFINED_TRANSFORMATION($,$,#5480,#5601);
#19=ITEM_DEFINED_TRANSFORMATION($,$,#5537,#5602);
#20=ITEM_DEFINED_TRANSFORMATION($,$,#5586,#5603);
#21=(
REPRESENTATION_RELATIONSHIP($,$,#9333,#9332)
REPRESENTATION_RELATIONSHIP_WITH_TRANSFORMATION(#17)
SHAPE_REPRESENTATION_RELATIONSHIP()
);
#22=(
REPRESENTATION_RELATIONSHIP($,$,#9334,#9332)
REPRESENTATION_RELATIONSHIP_WITH_TRANSFORMATION(#18)
SHAPE_REPRESENTATION_RELATIONSHIP()
);
#23=(
REPRESENTATION_RELATIONSHIP($,$,#9335,#9332)
REPRESENTATION_RELATIONSHIP_WITH_TRANSFORMATION(#19)
SHAPE_REPRESENTATION_RELATIONSHIP()
);
#24=(
REPRESENTATION_RELATIONSHIP($,$,#9336,#9332)
REPRESENTATION_RELATIONSHIP_WITH_TRANSFORMATION(#20)
SHAPE_REPRESENTATION_RELATIONSHIP()
);
#25=CONTEXT_DEPENDENT_SHAPE_REPRESENTATION(#21,#9328);
#26=CONTEXT_DEPENDENT_SHAPE_REPRESENTATION(#22,#9329);
#27=CONTEXT_DEPENDENT_SHAPE_REPRESENTATION(#23,#9330);
#28=CONTEXT_DEPENDENT_SHAPE_REPRESENTATION(#24,#9331);
#29=NEXT_ASSEMBLY_USAGE_OCCURRENCE('Switch Body:1','Switch Body:1',
'Switch Body:1',#9338,#9339,'Switch Body:1');
#30=NEXT_ASSEMBLY_USAGE_OCCURRENCE('Lever:1','Lever:1','Lever:1',#9338,
#9340,'Lever:1');
#31=NEXT_ASSEMBLY_USAGE_OCCURRENCE('Contacts:1','Contacts:1',
'Contacts:1',#9338,#9341,'Contacts:1');
#32=NEXT_ASSEMBLY_USAGE_OCCURRENCE('Plunger:1','Plunger:1','Plunger:1',
#9338,#9342,'Plunger:1');
#33=ELLIPSE('',#5483,0.559016994374932,0.499999999999987);
#34=ELLIPSE('',#5487,0.894427191000315,0.80000000000058);
#35=ELLIPSE('',#5500,0.559016994374949,0.499999999999999);
#36=ELLIPSE('',#5512,0.894427191000493,0.800000000000816);
#37=SHAPE_REPRESENTATION_RELATIONSHIP('SRR','None',#9333,#41);
#38=SHAPE_REPRESENTATION_RELATIONSHIP('SRR','None',#9334,#42);
#39=SHAPE_REPRESENTATION_RELATIONSHIP('SRR','None',#9335,#43);
#40=SHAPE_REPRESENTATION_RELATIONSHIP('SRR','None',#9336,#44);
#41=ADVANCED_BREP_SHAPE_REPRESENTATION('',(#53,#54),#9309);
#42=ADVANCED_BREP_SHAPE_REPRESENTATION('',(#55),#9310);
#43=ADVANCED_BREP_SHAPE_REPRESENTATION('',(#56,#57,#58),#9311);
#44=ADVANCED_BREP_SHAPE_REPRESENTATION('',(#59),#9312);
#45=STYLED_ITEM('',(#9362),#53);
#46=STYLED_ITEM('',(#9362),#54);
#47=STYLED_ITEM('',(#9363),#55);
#48=STYLED_ITEM('',(#9364),#56);
#49=STYLED_ITEM('',(#9364),#57);
#50=STYLED_ITEM('',(#9364),#58);
#51=STYLED_ITEM('',(#9365),#59);
#52=STYLED_ITEM('',(#9366),#15);
#53=MANIFOLD_SOLID_BREP('Body1',#5237);
#54=MANIFOLD_SOLID_BREP('Body2',#5238);
#55=MANIFOLD_SOLID_BREP('Body1',#5239);
#56=MANIFOLD_SOLID_BREP('Body1',#5240);
#57=MANIFOLD_SOLID_BREP('Body2',#5241);
#58=MANIFOLD_SOLID_BREP('Body3',#5242);
#59=MANIFOLD_SOLID_BREP('Body1',#5243);
#60=CYLINDRICAL_SURFACE('',#5308,0.2);
#61=CYLINDRICAL_SURFACE('',#5315,0.2);
#62=CYLINDRICAL_SURFACE('',#5316,0.2);
#63=CYLINDRICAL_SURFACE('',#5324,0.2);
#64=CYLINDRICAL_SURFACE('',#5365,1.4);
#65=CYLINDRICAL_SURFACE('',#5367,1.4);
#66=CYLINDRICAL_SURFACE('',#5373,1.4);
#67=CYLINDRICAL_SURFACE('',#5375,1.4);
#68=CYLINDRICAL_SURFACE('',#5409,0.2);
#69=CYLINDRICAL_SURFACE('',#5417,0.2);
#70=CYLINDRICAL_SURFACE('',#5420,0.2);
#71=CYLINDRICAL_SURFACE('',#5425,0.2);
#72=CYLINDRICAL_SURFACE('',#5444,1.35);
#73=CYLINDRICAL_SURFACE('',#5447,1.35);
#74=CYLINDRICAL_SURFACE('',#5451,1.);
#75=CYLINDRICAL_SURFACE('',#5455,1.1);
#76=CYLINDRICAL_SURFACE('',#5458,1.1);
#77=CYLINDRICAL_SURFACE('',#5481,0.5);
#78=CYLINDRICAL_SURFACE('',#5484,0.800000000000001);
#79=CYLINDRICAL_SURFACE('',#5498,0.5);
#80=CYLINDRICAL_SURFACE('',#5510,0.800000000000001);
#81=CYLINDRICAL_SURFACE('',#5523,0.150000000000005);
#82=CYLINDRICAL_SURFACE('',#5526,0.150000000000005);
#83=CYLINDRICAL_SURFACE('',#5529,0.5);
#84=CYLINDRICAL_SURFACE('',#5530,0.5);
#85=CYLINDRICAL_SURFACE('',#5531,0.5);
#86=CYLINDRICAL_SURFACE('',#5535,0.1);
#87=CYLINDRICAL_SURFACE('',#5536,0.0999999999999998);
#88=CYLINDRICAL_SURFACE('',#5544,0.6);
#89=CYLINDRICAL_SURFACE('',#5546,0.6);
#90=CYLINDRICAL_SURFACE('',#5548,0.6);
#91=CYLINDRICAL_SURFACE('',#5560,0.6);
#92=CYLINDRICAL_SURFACE('',#5562,0.6);
#93=CYLINDRICAL_SURFACE('',#5564,0.6);
#94=CYLINDRICAL_SURFACE('',#5572,0.6);
#95=CYLINDRICAL_SURFACE('',#5575,0.6);
#96=CYLINDRICAL_SURFACE('',#5578,0.6);
#97=CYLINDRICAL_SURFACE('',#5597,0.6);
#98=CIRCLE('',#5304,0.2);
#99=CIRCLE('',#5305,1.4);
#100=CIRCLE('',#5306,1.4);
#101=CIRCLE('',#5307,0.2);
#102=CIRCLE('',#5309,0.2);
#103=CIRCLE('',#5311,0.2);
#104=CIRCLE('',#5312,1.4);
#105=CIRCLE('',#5313,1.4);
#106=CIRCLE('',#5317,0.2);
#107=CIRCLE('',#5318,0.2);
#108=CIRCLE('',#5320,0.2);
#109=CIRCLE('',#5321,1.4);
#110=CIRCLE('',#5322,1.4);
#111=CIRCLE('',#5325,0.2);
#112=CIRCLE('',#5366,1.4);
#113=CIRCLE('',#5374,1.4);
#114=CIRCLE('',#5410,0.2);
#115=CIRCLE('',#5411,0.2);
#116=CIRCLE('',#5413,0.2);
#117=CIRCLE('',#5414,0.2);
#118=CIRCLE('',#5415,1.35);
#119=CIRCLE('',#5416,1.35);
#120=CIRCLE('',#5418,0.2);
#121=CIRCLE('',#5419,0.2);
#122=CIRCLE('',#5421,0.2);
#123=CIRCLE('',#5423,1.35);
#124=CIRCLE('',#5424,1.35);
#125=CIRCLE('',#5426,0.2);
#126=CIRCLE('',#5445,1.35);
#127=CIRCLE('',#5446,1.35);
#128=CIRCLE('',#5448,1.35);
#129=CIRCLE('',#5449,1.35);
#130=CIRCLE('',#5452,1.);
#131=CIRCLE('',#5453,1.);
#132=CIRCLE('',#5456,1.1);
#133=CIRCLE('',#5457,1.1);
#134=CIRCLE('',#5459,1.1);
#135=CIRCLE('',#5460,1.1);
#136=CIRCLE('',#5482,0.5);
#137=CIRCLE('',#5485,0.800000000000001);
#138=CIRCLE('',#5486,0.800000000000001);
#139=CIRCLE('',#5489,0.150000000000005);
#140=CIRCLE('',#5491,0.150000000000005);
#141=CIRCLE('',#5493,0.150000000000005);
#142=CIRCLE('',#5496,0.5);
#143=CIRCLE('',#5497,0.5);
#144=CIRCLE('',#5499,0.5);
#145=CIRCLE('',#5502,0.0999999999999994);
#146=CIRCLE('',#5503,0.0999999999999994);
#147=CIRCLE('',#5504,0.5);
#148=CIRCLE('',#5507,0.1);
#149=CIRCLE('',#5508,0.5);
#150=CIRCLE('',#5509,0.0999999999999998);
#151=CIRCLE('',#5511,0.800000000000001);
#152=CIRCLE('',#5513,0.800000000000001);
#153=CIRCLE('',#5515,0.5);
#154=CIRCLE('',#5516,0.5);
#155=CIRCLE('',#5518,0.150000000000005);
#156=CIRCLE('',#5524,0.150000000000005);
#157=CIRCLE('',#5527,0.150000000000005);
#158=CIRCLE('',#5541,0.6);
#159=CIRCLE('',#5542,0.6);
#160=CIRCLE('',#5543,0.6);
#161=CIRCLE('',#5545,0.6);
#162=CIRCLE('',#5547,0.6);
#163=CIRCLE('',#5549,0.6);
#164=CIRCLE('',#5557,0.6);
#165=CIRCLE('',#5558,0.6);
#166=CIRCLE('',#5559,0.6);
#167=CIRCLE('',#5561,0.6);
#168=CIRCLE('',#5563,0.6);
#169=CIRCLE('',#5565,0.6);
#170=CIRCLE('',#5573,0.6);
#171=CIRCLE('',#5574,0.6);
#172=CIRCLE('',#5576,0.6);
#173=CIRCLE('',#5577,0.6);
#174=CIRCLE('',#5579,0.6);
#175=CIRCLE('',#5580,0.6);
#176=CIRCLE('',#5594,0.6);
#177=CIRCLE('',#5598,0.6);
#178=B_SPLINE_SURFACE_WITH_KNOTS('',3,1,((#6948,#6949),(#6950,#6951),(#6952,
#6953),(#6954,#6955),(#6956,#6957)),.UNSPECIFIED.,.F.,.F.,.F.,(4,1,4),(2,
2),(0.,0.00977990784017575,0.0219543107629587),(0.,0.024),.UNSPECIFIED.);
#179=B_SPLINE_SURFACE_WITH_KNOTS('',3,1,((#6967,#6968),(#6969,#6970),(#6971,
#6972),(#6973,#6974),(#6975,#6976)),.UNSPECIFIED.,.F.,.F.,.F.,(4,1,4),(2,
2),(0.,0.0120014961922395,0.0215629171107096),(0.,0.024),.UNSPECIFIED.);
#180=B_SPLINE_SURFACE_WITH_KNOTS('',3,1,((#6984,#6985),(#6986,#6987),(#6988,
#6989),(#6990,#6991),(#6992,#6993)),.UNSPECIFIED.,.F.,.F.,.F.,(4,1,4),(2,
2),(0.,0.00859129238590464,0.0176718826512768),(0.,0.024),.UNSPECIFIED.);
#181=B_SPLINE_SURFACE_WITH_KNOTS('',3,1,((#7001,#7002),(#7003,#7004),(#7005,
#7006),(#7007,#7008),(#7009,#7010)),.UNSPECIFIED.,.F.,.F.,.F.,(4,1,4),(2,
2),(0.,0.00910430149387444,0.0177806357549332),(0.,0.024),.UNSPECIFIED.);
#182=B_SPLINE_SURFACE_WITH_KNOTS('',3,1,((#7018,#7019),(#7020,#7021),(#7022,
#7023),(#7024,#7025),(#7026,#7027)),.UNSPECIFIED.,.F.,.F.,.F.,(4,1,4),(2,
2),(0.,0.0160174785172927,0.0307613351369312),(0.,0.024),.UNSPECIFIED.);
#183=B_SPLINE_SURFACE_WITH_KNOTS('',3,1,((#7037,#7038),(#7039,#7040),(#7041,
#7042),(#7043,#7044),(#7045,#7046)),.UNSPECIFIED.,.F.,.F.,.F.,(4,1,4),(2,
2),(0.,0.0152134519200422,0.0326660878711909),(0.,0.024),.UNSPECIFIED.);
#184=B_SPLINE_SURFACE_WITH_KNOTS('',3,1,((#7054,#7055),(#7056,#7057),(#7058,
#7059),(#7060,#7061),(#7062,#7063)),.UNSPECIFIED.,.F.,.F.,.F.,(4,1,4),(2,
2),(0.,0.0173224931870079,0.0324523087034046),(0.,0.024),.UNSPECIFIED.);
#185=B_SPLINE_SURFACE_WITH_KNOTS('',3,1,((#7071,#7072),(#7073,#7074),(#7075,
#7076),(#7077,#7078),(#7079,#7080)),.UNSPECIFIED.,.F.,.F.,.F.,(4,1,4),(2,
2),(0.,0.0146706676388651,0.0306269652651026),(0.,0.024),.UNSPECIFIED.);
#186=B_SPLINE_SURFACE_WITH_KNOTS('',3,1,((#7088,#7089),(#7090,#7091),(#7092,
#7093),(#7094,#7095),(#7096,#7097)),.UNSPECIFIED.,.F.,.F.,.F.,(4,1,4),(2,
2),(0.,0.0161140783923908,0.0308073838476083),(0.,0.024),.UNSPECIFIED.);
#187=B_SPLINE_SURFACE_WITH_KNOTS('',3,1,((#7105,#7106),(#7107,#7108),(#7109,
#7110),(#7111,#7112),(#7113,#7114)),.UNSPECIFIED.,.F.,.F.,.F.,(4,1,4),(2,
2),(0.,0.00889025077652073,0.017598183721008),(0.,0.024),.UNSPECIFIED.);
#188=B_SPLINE_SURFACE_WITH_KNOTS('',3,1,((#7122,#7123),(#7124,#7125),(#7126,
#7127),(#7128,#7129),(#7130,#7131)),.UNSPECIFIED.,.F.,.F.,.F.,(4,1,4),(2,
2),(0.,0.00878102363248774,0.0176938452840447),(0.,0.024),.UNSPECIFIED.);
#189=B_SPLINE_SURFACE_WITH_KNOTS('',3,1,((#7139,#7140),(#7141,#7142),(#7143,
#7144),(#7145,#7146),(#7147,#7148)),.UNSPECIFIED.,.F.,.F.,.F.,(4,1,4),(2,
2),(0.,0.0119488507473442,0.021721917976962),(0.,0.024),.UNSPECIFIED.);
#190=B_SPLINE_SURFACE_WITH_KNOTS('',3,1,((#7156,#7157),(#7158,#7159),(#7160,
#7161),(#7162,#7163),(#7164,#7165)),.UNSPECIFIED.,.F.,.F.,.F.,(4,1,4),(2,
2),(0.,0.00965573625506921,0.0217201830182221),(0.,0.024),.UNSPECIFIED.);
#191=B_SPLINE_SURFACE_WITH_KNOTS('',3,1,((#7171,#7172),(#7173,#7174),(#7175,
#7176),(#7177,#7178),(#7179,#7180)),.UNSPECIFIED.,.F.,.F.,.F.,(4,1,4),(2,
2),(0.,0.0083237007253012,0.017477842205373),(0.,0.024),.UNSPECIFIED.);
#192=B_SPLINE_SURFACE_WITH_KNOTS('',3,1,((#7188,#7189),(#7190,#7191),(#7192,
#7193),(#7194,#7195),(#7196,#7197)),.UNSPECIFIED.,.F.,.F.,.F.,(4,1,4),(2,
2),(0.,0.00645435134227388,0.0125653382250694),(0.,0.024),.UNSPECIFIED.);
#193=B_SPLINE_SURFACE_WITH_KNOTS('',3,1,((#7205,#7206),(#7207,#7208),(#7209,
#7210),(#7211,#7212),(#7213,#7214)),.UNSPECIFIED.,.F.,.F.,.F.,(4,1,4),(2,
2),(0.,0.00658148436810826,0.0132028212820012),(0.,0.024),.UNSPECIFIED.);
#194=B_SPLINE_SURFACE_WITH_KNOTS('',3,1,((#7222,#7223),(#7224,#7225),(#7226,
#7227),(#7228,#7229),(#7230,#7231)),.UNSPECIFIED.,.F.,.F.,.F.,(4,1,4),(2,
2),(0.,0.0111870023570135,0.0207821937921156),(0.,0.024),.UNSPECIFIED.);
#195=B_SPLINE_SURFACE_WITH_KNOTS('',3,1,((#7239,#7240),(#7241,#7242),(#7243,
#7244),(#7245,#7246),(#7247,#7248)),.UNSPECIFIED.,.F.,.F.,.F.,(4,1,4),(2,
2),(0.,0.0150373153830463,0.0321458006943961),(0.,0.024),.UNSPECIFIED.);
#196=B_SPLINE_SURFACE_WITH_KNOTS('',3,1,((#7639,#7640),(#7641,#7642),(#7643,
#7644),(#7645,#7646),(#7647,#7648)),.UNSPECIFIED.,.F.,.F.,.F.,(4,1,4),(2,
2),(-0.0168712365146997,-0.00780004408710257,0.),(0.,0.048),
 .UNSPECIFIED.);
#197=B_SPLINE_SURFACE_WITH_KNOTS('',3,1,((#7665,#7666),(#7667,#7668),(#7669,
#7670),(#7671,#7672),(#7673,#7674)),.UNSPECIFIED.,.F.,.F.,.F.,(4,1,4),(2,
2),(-0.0256590841722052,-0.0133677865245078,0.),(0.,0.048),
 .UNSPECIFIED.);
#198=B_SPLINE_SURFACE_WITH_KNOTS('',3,1,((#7688,#7689),(#7690,#7691),(#7692,
#7693),(#7694,#7695),(#7696,#7697)),.UNSPECIFIED.,.F.,.F.,.F.,(4,1,4),(2,
2),(-0.0297224026559861,-0.0144142619468816,0.),(0.,0.048),
 .UNSPECIFIED.);
#199=B_SPLINE_SURFACE_WITH_KNOTS('',3,1,((#7734,#7735),(#7736,#7737),(#7738,
#7739),(#7740,#7741),(#7742,#7743)),.UNSPECIFIED.,.F.,.F.,.F.,(4,1,4),(2,
2),(-0.0330276855474221,-0.0177829760320235,0.),(0.,0.048),
 .UNSPECIFIED.);
#200=B_SPLINE_SURFACE_WITH_KNOTS('',3,1,((#7757,#7758),(#7759,#7760),(#7761,
#7762),(#7763,#7764),(#7765,#7766)),.UNSPECIFIED.,.F.,.F.,.F.,(4,1,4),(2,
2),(-0.0318237989009129,-0.0148860644270494,0.),(0.,0.048),
 .UNSPECIFIED.);
#201=B_SPLINE_SURFACE_WITH_KNOTS('',3,1,((#7780,#7781),(#7782,#7783),(#7784,
#7785),(#7786,#7787),(#7788,#7789)),.UNSPECIFIED.,.F.,.F.,.F.,(4,1,4),(2,
2),(-0.0287824163754803,-0.0146487214492113,0.),(0.,0.048),
 .UNSPECIFIED.);
#202=B_SPLINE_SURFACE_WITH_KNOTS('',3,1,((#7803,#7804),(#7805,#7806),(#7807,
#7808),(#7809,#7810),(#7811,#7812)),.UNSPECIFIED.,.F.,.F.,.F.,(4,1,4),(2,
2),(-0.0223086909739345,-0.0105449274968208,0.),(0.,0.048),
 .UNSPECIFIED.);
#203=B_SPLINE_SURFACE_WITH_KNOTS('',3,1,((#7826,#7827),(#7828,#7829),(#7830,
#7831),(#7832,#7833),(#7834,#7835)),.UNSPECIFIED.,.F.,.F.,.F.,(4,1,4),(2,
2),(-0.0229734473434688,-0.0122780886149117,0.),(0.,0.048),
 .UNSPECIFIED.);
#204=B_SPLINE_SURFACE_WITH_KNOTS('',3,1,((#7878,#7879),(#7880,#7881),(#7882,
#7883),(#7884,#7885),(#7886,#7887)),.UNSPECIFIED.,.F.,.F.,.F.,(4,1,4),(2,
2),(-0.0115472090030548,-0.00593280372697984,0.),(0.,0.048),
 .UNSPECIFIED.);
#205=B_SPLINE_SURFACE_WITH_KNOTS('',3,1,((#7912,#7913),(#7914,#7915),(#7916,
#7917),(#7918,#7919),(#7920,#7921)),.UNSPECIFIED.,.F.,.F.,.F.,(4,1,4),(2,
2),(-0.0115987342011728,-0.00562498402913747,0.),(0.,0.048),
 .UNSPECIFIED.);
#206=B_SPLINE_SURFACE_WITH_KNOTS('',3,1,((#7935,#7936),(#7937,#7938),(#7939,
#7940),(#7941,#7942),(#7943,#7944)),.UNSPECIFIED.,.F.,.F.,.F.,(4,1,4),(2,
2),(-0.0160565564582166,-0.00814586868778828,0.),(0.,0.048),
 .UNSPECIFIED.);
#207=B_SPLINE_SURFACE_WITH_KNOTS('',3,1,((#7958,#7959),(#7960,#7961),(#7962,
#7963),(#7964,#7965),(#7966,#7967)),.UNSPECIFIED.,.F.,.F.,.F.,(4,1,4),(2,
2),(-0.0215581735025916,-0.00926201129892761,0.),(0.,0.048),
 .UNSPECIFIED.);
#208=B_SPLINE_SURFACE_WITH_KNOTS('',3,1,((#7981,#7982),(#7983,#7984),(#7985,
#7986),(#7987,#7988),(#7989,#7990)),.UNSPECIFIED.,.F.,.F.,.F.,(4,1,4),(2,
2),(-0.022419849189969,-0.0129531529549911,0.),(0.,0.048),.UNSPECIFIED.);
#209=B_SPLINE_SURFACE_WITH_KNOTS('',3,1,((#8004,#8005),(#8006,#8007),(#8008,
#8009),(#8010,#8011),(#8012,#8013)),.UNSPECIFIED.,.F.,.F.,.F.,(4,1,4),(2,
2),(-0.0158636833727893,-0.00785446103952143,0.),(0.,0.048),
 .UNSPECIFIED.);
#210=B_SPLINE_SURFACE_WITH_KNOTS('',3,1,((#8044,#8045),(#8046,#8047),(#8048,
#8049),(#8050,#8051),(#8052,#8053)),.UNSPECIFIED.,.F.,.F.,.F.,(4,1,4),(2,
2),(-0.0119210884741062,-0.00602653696817303,0.),(0.,0.048),
 .UNSPECIFIED.);
#211=B_SPLINE_SURFACE_WITH_KNOTS('',3,1,((#8067,#8068),(#8069,#8070),(#8071,
#8072),(#8073,#8074),(#8075,#8076)),.UNSPECIFIED.,.F.,.F.,.F.,(4,1,4),(2,
2),(-0.0145524434987776,-0.00654945306367058,0.),(0.,0.048),
 .UNSPECIFIED.);
#212=B_SPLINE_SURFACE_WITH_KNOTS('',3,1,((#8174,#8175),(#8176,#8177),(#8178,
#8179),(#8180,#8181),(#8182,#8183)),.UNSPECIFIED.,.F.,.F.,.F.,(4,1,4),(2,
2),(-0.0320738659108921,-0.0167097365325622,0.),(0.,0.024),
 .UNSPECIFIED.);
#213=B_SPLINE_SURFACE_WITH_KNOTS('',3,1,((#8200,#8201),(#8202,#8203),(#8204,
#8205),(#8206,#8207),(#8208,#8209)),.UNSPECIFIED.,.F.,.F.,.F.,(4,1,4),(2,
2),(-0.0371530009546767,-0.0180178298991436,0.),(0.,0.024),
 .UNSPECIFIED.);
#214=B_SPLINE_SURFACE_WITH_KNOTS('',3,1,((#8223,#8224),(#8225,#8226),(#8227,
#8228),(#8229,#8230),(#8231,#8232)),.UNSPECIFIED.,.F.,.F.,.F.,(4,1,4),(2,
2),(-0.0412846048597755,-0.0222287166213482,0.),(0.,0.024),
 .UNSPECIFIED.);
#215=B_SPLINE_SURFACE_WITH_KNOTS('',3,1,((#8246,#8247),(#8248,#8249),(#8250,
#8251),(#8252,#8253),(#8254,#8255)),.UNSPECIFIED.,.F.,.F.,.F.,(4,1,4),(2,
2),(-0.0397797425232603,-0.0186075667851061,0.),(0.,0.024),
 .UNSPECIFIED.);
#216=B_SPLINE_SURFACE_WITH_KNOTS('',3,1,((#8269,#8270),(#8271,#8272),(#8273,
#8274),(#8275,#8276),(#8277,#8278)),.UNSPECIFIED.,.F.,.F.,.F.,(4,1,4),(2,
2),(-0.0359780438045892,-0.0183109196612479,0.),(0.,0.024),
 .UNSPECIFIED.);
#217=B_SPLINE_SURFACE_WITH_KNOTS('',3,1,((#8292,#8293),(#8294,#8295),(#8296,
#8297),(#8298,#8299),(#8300,#8301)),.UNSPECIFIED.,.F.,.F.,.F.,(4,1,4),(2,
2),(-0.0278858579529912,-0.0131811693717989,0.),(0.,0.024),
 .UNSPECIFIED.);
#218=B_SPLINE_SURFACE_WITH_KNOTS('',3,1,((#8315,#8316),(#8317,#8318),(#8319,
#8320),(#8321,#8322),(#8323,#8324)),.UNSPECIFIED.,.F.,.F.,.F.,(4,1,4),(2,
2),(-0.028716814120043,-0.015347603004796,0.),(0.,0.024),.UNSPECIFIED.);
#219=B_SPLINE_SURFACE_WITH_KNOTS('',3,1,((#8344,#8345),(#8346,#8347),(#8348,
#8349),(#8350,#8351),(#8352,#8353)),.UNSPECIFIED.,.F.,.F.,.F.,(4,1,4),(2,
2),(-0.0181905581753638,-0.0081868095871711,0.),(0.,0.024),
 .UNSPECIFIED.);
#220=B_SPLINE_SURFACE_WITH_KNOTS('',3,1,((#8417,#8418),(#8419,#8420),(#8421,
#8422),(#8423,#8424),(#8425,#8426)),.UNSPECIFIED.,.F.,.F.,.F.,(4,1,4),(2,
2),(-0.014901365655362,-0.00753317121021628,0.),(0.,0.024),
 .UNSPECIFIED.);
#221=B_SPLINE_SURFACE_WITH_KNOTS('',3,1,((#8434,#8435),(#8436,#8437),(#8438,
#8439),(#8440,#8441),(#8442,#8443)),.UNSPECIFIED.,.F.,.F.,.F.,(4,1,4),(2,
2),(-0.0198296034201534,-0.00981807550356865,0.),(0.,0.024),
 .UNSPECIFIED.);
#222=B_SPLINE_SURFACE_WITH_KNOTS('',3,1,((#8462,#8463),(#8464,#8465),(#8466,
#8467),(#8468,#8469),(#8470,#8471)),.UNSPECIFIED.,.F.,.F.,.F.,(4,1,4),(2,
2),(-0.0280248066695232,-0.01619144470406,0.),(0.,0.024),.UNSPECIFIED.);
#223=B_SPLINE_SURFACE_WITH_KNOTS('',3,1,((#8479,#8480),(#8481,#8482),(#8483,
#8484),(#8485,#8486),(#8487,#8488)),.UNSPECIFIED.,.F.,.F.,.F.,(4,1,4),(2,
2),(-0.0269477177034153,-0.0115775133059034,0.),(0.,0.024),
 .UNSPECIFIED.);
#224=B_SPLINE_SURFACE_WITH_KNOTS('',3,1,((#8496,#8497),(#8498,#8499),(#8500,
#8501),(#8502,#8503),(#8504,#8505)),.UNSPECIFIED.,.F.,.F.,.F.,(4,1,4),(2,
2),(-0.0200706990334266,-0.0101823303783587,0.),(0.,0.024),
 .UNSPECIFIED.);
#225=B_SPLINE_SURFACE_WITH_KNOTS('',3,1,((#8513,#8514),(#8515,#8516),(#8517,
#8518),(#8519,#8520),(#8521,#8522)),.UNSPECIFIED.,.F.,.F.,.F.,(4,1,4),(2,
2),(-0.0144984305108657,-0.00703121277149813,0.),(0.,0.024),
 .UNSPECIFIED.);
#226=B_SPLINE_SURFACE_WITH_KNOTS('',3,1,((#8530,#8531),(#8532,#8533),(#8534,
#8535),(#8536,#8537),(#8538,#8539)),.UNSPECIFIED.,.F.,.F.,.F.,(4,1,4),(2,
2),(-0.014434006826015,-0.00741599462823763,0.),(0.,0.024),
 .UNSPECIFIED.);
#227=B_SPLINE_SURFACE_WITH_KNOTS('',3,1,((#8551,#8552),(#8553,#8554),(#8555,
#8556),(#8557,#8558),(#8559,#8560)),.UNSPECIFIED.,.F.,.F.,.F.,(4,1,4),(2,
2),(-0.0210890526575763,-0.00975005971683583,0.),(0.,0.024),
 .UNSPECIFIED.);
#228=FACE_BOUND('',#637,.T.);
#229=FACE_BOUND('',#667,.T.);
#230=FACE_BOUND('',#668,.T.);
#231=FACE_BOUND('',#669,.T.);
#232=FACE_BOUND('',#670,.T.);
#233=FACE_BOUND('',#673,.T.);
#234=FACE_BOUND('',#678,.T.);
#235=FACE_BOUND('',#700,.T.);
#236=FACE_BOUND('',#733,.T.);
#237=FACE_BOUND('',#736,.T.);
#238=FACE_BOUND('',#737,.T.);
#239=FACE_BOUND('',#774,.T.);
#240=FACE_BOUND('',#775,.T.);
#241=FACE_BOUND('',#800,.T.);
#242=FACE_BOUND('',#803,.T.);
#243=FACE_BOUND('',#807,.T.);
#244=FACE_BOUND('',#825,.T.);
#245=FACE_BOUND('',#835,.T.);
#246=FACE_BOUND('',#836,.T.);
#247=FACE_BOUND('',#837,.T.);
#248=FACE_BOUND('',#844,.T.);
#249=FACE_BOUND('',#845,.T.);
#250=FACE_BOUND('',#855,.T.);
#251=FACE_BOUND('',#856,.T.);
#252=FACE_BOUND('',#857,.T.);
#253=FACE_BOUND('',#858,.T.);
#254=FACE_BOUND('',#860,.T.);
#255=FACE_BOUND('',#863,.T.);
#256=FACE_BOUND('',#929,.T.);
#257=B_SPLINE_CURVE_WITH_KNOTS('',3,(#6820,#6821,#6822,#6823,#6824),
 .UNSPECIFIED.,.F.,.F.,(4,1,4),(-0.0330897053930056,-0.0176108457852729,
0.),.UNSPECIFIED.);
#258=B_SPLINE_CURVE_WITH_KNOTS('',3,(#6826,#6827,#6828,#6829,#6830),
 .UNSPECIFIED.,.F.,.F.,(4,1,4),(-0.0338237932933043,-0.0161319548901339,
0.),.UNSPECIFIED.);
#259=B_SPLINE_CURVE_WITH_KNOTS('',3,(#6832,#6833,#6834,#6835,#6836),
 .UNSPECIFIED.,.F.,.F.,(4,1,4),(-0.0315291494049815,-0.0164263252154869,
0.),.UNSPECIFIED.);
#260=B_SPLINE_CURVE_WITH_KNOTS('',3,(#6838,#6839,#6840,#6841,#6842),
 .UNSPECIFIED.,.F.,.F.,(4,1,4),(-0.036219305578656,-0.0168860532095078,
0.),.UNSPECIFIED.);
#261=B_SPLINE_CURVE_WITH_KNOTS('',3,(#6844,#6845,#6846,#6847,#6848),
 .UNSPECIFIED.,.F.,.F.,(4,1,4),(-0.0336422774482085,-0.0179741884974522,
0.),.UNSPECIFIED.);
#262=B_SPLINE_CURVE_WITH_KNOTS('',3,(#6850,#6851,#6852,#6853,#6854),
 .UNSPECIFIED.,.F.,.F.,(4,1,4),(-0.0336041640533652,-0.0161064197773002,
0.),.UNSPECIFIED.);
#263=B_SPLINE_CURVE_WITH_KNOTS('',3,(#6856,#6857,#6858,#6859,#6860),
 .UNSPECIFIED.,.F.,.F.,(4,1,4),(-0.0176299458488136,-0.00923380682178438,
0.),.UNSPECIFIED.);
#264=B_SPLINE_CURVE_WITH_KNOTS('',3,(#6862,#6863,#6864,#6865,#6866),
 .UNSPECIFIED.,.F.,.F.,(4,1,4),(-0.0132376002289707,-0.00643793266125822,
0.),.UNSPECIFIED.);
#265=B_SPLINE_CURVE_WITH_KNOTS('',3,(#6868,#6869,#6870,#6871,#6872),
 .UNSPECIFIED.,.F.,.F.,(4,1,4),(-0.0132674762028155,-0.00665376195432241,
0.),.UNSPECIFIED.);
#266=B_SPLINE_CURVE_WITH_KNOTS('',3,(#6873,#6874,#6875,#6876,#6877),
 .UNSPECIFIED.,.F.,.F.,(4,1,4),(-0.0229844107999255,-0.0106119605973448,
0.),.UNSPECIFIED.);
#267=B_SPLINE_CURVE_WITH_KNOTS('',3,(#6880,#6881,#6882,#6883,#6884),
 .UNSPECIFIED.,.F.,.F.,(4,1,4),(-0.022443993733025,-0.0124664864618061,
0.),.UNSPECIFIED.);
#268=B_SPLINE_CURVE_WITH_KNOTS('',3,(#6886,#6887,#6888,#6889,#6890),
 .UNSPECIFIED.,.F.,.F.,(4,1,4),(-0.0190578997341612,-0.00929959483374766,
0.),.UNSPECIFIED.);
#269=B_SPLINE_CURVE_WITH_KNOTS('',3,(#6892,#6893,#6894,#6895,#6896),
 .UNSPECIFIED.,.F.,.F.,(4,1,4),(-0.0182209503615987,-0.00936272539515808,
0.),.UNSPECIFIED.);
#270=B_SPLINE_CURVE_WITH_KNOTS('',3,(#6898,#6899,#6900,#6901,#6902),
 .UNSPECIFIED.,.F.,.F.,(4,1,4),(-0.0245235978540905,-0.0108742449045445,
3.46944695195361E-18),.UNSPECIFIED.);
#271=B_SPLINE_CURVE_WITH_KNOTS('',3,(#6904,#6905,#6906,#6907,#6908),
 .UNSPECIFIED.,.F.,.F.,(4,1,4),(-0.0226774749467998,-0.0125754217590591,
0.),.UNSPECIFIED.);
#272=B_SPLINE_CURVE_WITH_KNOTS('',3,(#6910,#6911,#6912,#6913,#6914),
 .UNSPECIFIED.,.F.,.F.,(4,1,4),(-0.0184652394789205,-0.00913696945863731,
0.),.UNSPECIFIED.);
#273=B_SPLINE_CURVE_WITH_KNOTS('',3,(#6916,#6917,#6918,#6919,#6920),
 .UNSPECIFIED.,.F.,.F.,(4,1,4),(-0.0182178910388918,-0.0091767962865347,
0.),.UNSPECIFIED.);
#274=B_SPLINE_CURVE_WITH_KNOTS('',3,(#6921,#6922,#6923,#6924,#6925),
 .UNSPECIFIED.,.F.,.F.,(4,1,4),(-0.0246141806774579,-0.0110743463269628,
-3.46944695195361E-18),.UNSPECIFIED.);
#275=B_SPLINE_CURVE_WITH_KNOTS('',3,(#6961,#6962,#6963,#6964,#6965),
 .UNSPECIFIED.,.F.,.F.,(4,1,4),(0.,0.00977990784017575,0.0219543107629587),
 .UNSPECIFIED.);
#276=B_SPLINE_CURVE_WITH_KNOTS('',3,(#6979,#6980,#6981,#6982,#6983),
 .UNSPECIFIED.,.F.,.F.,(4,1,4),(0.,0.0120014961922395,0.0215629171107096),
 .UNSPECIFIED.);
#277=B_SPLINE_CURVE_WITH_KNOTS('',3,(#6996,#6997,#6998,#6999,#7000),
 .UNSPECIFIED.,.F.,.F.,(4,1,4),(0.,0.00859129238590464,0.0176718826512768),
 .UNSPECIFIED.);
#278=B_SPLINE_CURVE_WITH_KNOTS('',3,(#7013,#7014,#7015,#7016,#7017),
 .UNSPECIFIED.,.F.,.F.,(4,1,4),(0.,0.00910430149387444,0.0177806357549332),
 .UNSPECIFIED.);
#279=B_SPLINE_CURVE_WITH_KNOTS('',3,(#7031,#7032,#7033,#7034,#7035),
 .UNSPECIFIED.,.F.,.F.,(4,1,4),(0.,0.0160174785172927,0.0307613351369312),
 .UNSPECIFIED.);
#280=B_SPLINE_CURVE_WITH_KNOTS('',3,(#7049,#7050,#7051,#7052,#7053),
 .UNSPECIFIED.,.F.,.F.,(4,1,4),(0.,0.0152134519200422,0.0326660878711909),
 .UNSPECIFIED.);
#281=B_SPLINE_CURVE_WITH_KNOTS('',3,(#7066,#7067,#7068,#7069,#7070),
 .UNSPECIFIED.,.F.,.F.,(4,1,4),(0.,0.0173224931870079,0.0324523087034046),
 .UNSPECIFIED.);
#282=B_SPLINE_CURVE_WITH_KNOTS('',3,(#7083,#7084,#7085,#7086,#7087),
 .UNSPECIFIED.,.F.,.F.,(4,1,4),(0.,0.0146706676388651,0.0306269652651026),
 .UNSPECIFIED.);
#283=B_SPLINE_CURVE_WITH_KNOTS('',3,(#7100,#7101,#7102,#7103,#7104),
 .UNSPECIFIED.,.F.,.F.,(4,1,4),(0.,0.0161140783923908,0.0308073838476083),
 .UNSPECIFIED.);
#284=B_SPLINE_CURVE_WITH_KNOTS('',3,(#7116,#7117,#7118,#7119,#7120),
 .UNSPECIFIED.,.F.,.F.,(4,1,4),(0.,0.00889025077652073,0.017598183721008),
 .UNSPECIFIED.);
#285=B_SPLINE_CURVE_WITH_KNOTS('',3,(#7133,#7134,#7135,#7136,#7137),
 .UNSPECIFIED.,.F.,.F.,(4,1,4),(0.,0.00878102363248774,0.0176938452840447),
 .UNSPECIFIED.);
#286=B_SPLINE_CURVE_WITH_KNOTS('',3,(#7150,#7151,#7152,#7153,#7154),
 .UNSPECIFIED.,.F.,.F.,(4,1,4),(0.,0.0119488507473442,0.021721917976962),
 .UNSPECIFIED.);
#287=B_SPLINE_CURVE_WITH_KNOTS('',3,(#7166,#7167,#7168,#7169,#7170),
 .UNSPECIFIED.,.F.,.F.,(4,1,4),(0.,0.00965573625506921,0.0217201830182221),
 .UNSPECIFIED.);
#288=B_SPLINE_CURVE_WITH_KNOTS('',3,(#7182,#7183,#7184,#7185,#7186),
 .UNSPECIFIED.,.F.,.F.,(4,1,4),(0.,0.0083237007253012,0.017477842205373),
 .UNSPECIFIED.);
#289=B_SPLINE_CURVE_WITH_KNOTS('',3,(#7199,#7200,#7201,#7202,#7203),
 .UNSPECIFIED.,.F.,.F.,(4,1,4),(0.,0.00645435134227388,0.0125653382250694),
 .UNSPECIFIED.);
#290=B_SPLINE_CURVE_WITH_KNOTS('',3,(#7216,#7217,#7218,#7219,#7220),
 .UNSPECIFIED.,.F.,.F.,(4,1,4),(0.,0.00658148436810826,0.0132028212820012),
 .UNSPECIFIED.);
#291=B_SPLINE_CURVE_WITH_KNOTS('',3,(#7233,#7234,#7235,#7236,#7237),
 .UNSPECIFIED.,.F.,.F.,(4,1,4),(0.,0.0111870023570135,0.0207821937921156),
 .UNSPECIFIED.);
#292=B_SPLINE_CURVE_WITH_KNOTS('',3,(#7249,#7250,#7251,#7252,#7253),
 .UNSPECIFIED.,.F.,.F.,(4,1,4),(0.,0.0150373153830463,0.0321458006943961),
 .UNSPECIFIED.);
#293=B_SPLINE_CURVE_WITH_KNOTS('',3,(#7651,#7652,#7653,#7654,#7655),
 .UNSPECIFIED.,.F.,.F.,(4,1,4),(-0.0187230128393349,-0.00865617202763748,
0.),.UNSPECIFIED.);
#294=B_SPLINE_CURVE_WITH_KNOTS('',3,(#7659,#7660,#7661,#7662,#7663),
 .UNSPECIFIED.,.F.,.F.,(4,1,4),(-0.0168712365146997,-0.00780004408710257,
0.),.UNSPECIFIED.);
#295=B_SPLINE_CURVE_WITH_KNOTS('',3,(#7676,#7677,#7678,#7679,#7680),
 .UNSPECIFIED.,.F.,.F.,(4,1,4),(-0.0263306411690875,-0.0137176521125823,
-3.46944695195361E-18),.UNSPECIFIED.);
#296=B_SPLINE_CURVE_WITH_KNOTS('',3,(#7683,#7684,#7685,#7686,#7687),
 .UNSPECIFIED.,.F.,.F.,(4,1,4),(-0.0256590841722052,-0.0133677865245078,
0.),.UNSPECIFIED.);
#297=B_SPLINE_CURVE_WITH_KNOTS('',3,(#7699,#7700,#7701,#7702,#7703,#7704,
#7705,#7706,#7707,#7708,#7709,#7710,#7711,#7712,#7713,#7714,#7715,#7716,
#7717,#7718,#7719,#7720,#7721,#7722,#7723,#7724,#7725,#7726),
 .UNSPECIFIED.,.F.,.F.,(4,3,3,3,3,3,3,3,3,4),(-0.0320691152253848,-0.0238173740784344,
-0.0196915035049592,-0.0175598301778617,-0.016266185915183,-0.0155656329314839,
-0.012086558241351,-0.00784771761112876,-0.0032650470414842,0.),
 .UNSPECIFIED.);
#298=B_SPLINE_CURVE_WITH_KNOTS('',3,(#7729,#7730,#7731,#7732,#7733),
 .UNSPECIFIED.,.F.,.F.,(4,1,4),(-0.0297224026559861,-0.0144142619468816,
0.),.UNSPECIFIED.);
#299=B_SPLINE_CURVE_WITH_KNOTS('',3,(#7745,#7746,#7747,#7748,#7749),
 .UNSPECIFIED.,.F.,.F.,(4,1,4),(-0.0340090185614714,-0.018311351580568,
6.93889390390723E-18),.UNSPECIFIED.);
#300=B_SPLINE_CURVE_WITH_KNOTS('',3,(#7752,#7753,#7754,#7755,#7756),
 .UNSPECIFIED.,.F.,.F.,(4,1,4),(-0.0330276855474221,-0.0177829760320235,
0.),.UNSPECIFIED.);
#301=B_SPLINE_CURVE_WITH_KNOTS('',3,(#7768,#7769,#7770,#7771,#7772),
 .UNSPECIFIED.,.F.,.F.,(4,1,4),(-0.0354147353634508,-0.0165657794007776,
0.),.UNSPECIFIED.);
#302=B_SPLINE_CURVE_WITH_KNOTS('',3,(#7775,#7776,#7777,#7778,#7779),
 .UNSPECIFIED.,.F.,.F.,(4,1,4),(-0.0318237989009129,-0.0148860644270494,
0.),.UNSPECIFIED.);
#303=B_SPLINE_CURVE_WITH_KNOTS('',3,(#7791,#7792,#7793,#7794,#7795),
 .UNSPECIFIED.,.F.,.F.,(4,1,4),(-0.0295970408459031,-0.0150633220441461,
0.),.UNSPECIFIED.);
#304=B_SPLINE_CURVE_WITH_KNOTS('',3,(#7798,#7799,#7800,#7801,#7802),
 .UNSPECIFIED.,.F.,.F.,(4,1,4),(-0.0287824163754803,-0.0146487214492113,
0.),.UNSPECIFIED.);
#305=B_SPLINE_CURVE_WITH_KNOTS('',3,(#7814,#7815,#7816,#7817,#7818),
 .UNSPECIFIED.,.F.,.F.,(4,1,4),(-0.0244830225150688,-0.0115726959338888,
0.),.UNSPECIFIED.);
#306=B_SPLINE_CURVE_WITH_KNOTS('',3,(#7821,#7822,#7823,#7824,#7825),
 .UNSPECIFIED.,.F.,.F.,(4,1,4),(-0.0223086909739345,-0.0105449274968208,
0.),.UNSPECIFIED.);
#307=B_SPLINE_CURVE_WITH_KNOTS('',3,(#7837,#7838,#7839,#7840,#7841,#7842,
#7843,#7844,#7845,#7846,#7847,#7848,#7849,#7850,#7851,#7852,#7853,#7854,
#7855,#7856,#7857,#7858),.UNSPECIFIED.,.F.,.F.,(4,3,3,3,3,3,3,4),(-0.0234900179202781,
-0.0207365553732962,-0.016622260595321,-0.0140693695228427,-0.0125079658173457,
-0.0117363261325665,-0.0111377069057721,0.),.UNSPECIFIED.);
#308=B_SPLINE_CURVE_WITH_KNOTS('',3,(#7861,#7862,#7863,#7864,#7865),
 .UNSPECIFIED.,.F.,.F.,(4,1,4),(-0.0229734473434688,-0.0122780886149117,
0.),.UNSPECIFIED.);
#309=B_SPLINE_CURVE_WITH_KNOTS('',3,(#7889,#7890,#7891,#7892,#7893,#7894,
#7895,#7896,#7897,#7898,#7899,#7900,#7901,#7902,#7903,#7904),
 .UNSPECIFIED.,.F.,.F.,(4,3,3,3,3,4),(-0.0117732676829706,-0.00965181467797353,
-0.00767407246459831,-0.0060448159868055,-0.00541900868545691,0.),
 .UNSPECIFIED.);
#310=B_SPLINE_CURVE_WITH_KNOTS('',3,(#7906,#7907,#7908,#7909,#7910),
 .UNSPECIFIED.,.F.,.F.,(4,1,4),(-0.0115472090030548,-0.00593280372697984,
0.),.UNSPECIFIED.);
#311=B_SPLINE_CURVE_WITH_KNOTS('',3,(#7923,#7924,#7925,#7926,#7927),
 .UNSPECIFIED.,.F.,.F.,(4,1,4),(-0.0124053845011207,-0.00601618146289249,
1.73472347597681E-18),.UNSPECIFIED.);
#312=B_SPLINE_CURVE_WITH_KNOTS('',3,(#7929,#7930,#7931,#7932,#7933),
 .UNSPECIFIED.,.F.,.F.,(4,1,4),(-0.0115987342011728,-0.00562498402913747,
0.),.UNSPECIFIED.);
#313=B_SPLINE_CURVE_WITH_KNOTS('',3,(#7946,#7947,#7948,#7949,#7950),
 .UNSPECIFIED.,.F.,.F.,(4,1,4),(-0.0165571119241118,-0.00839981224702823,
0.),.UNSPECIFIED.);
#314=B_SPLINE_CURVE_WITH_KNOTS('',3,(#7952,#7953,#7954,#7955,#7956),
 .UNSPECIFIED.,.F.,.F.,(4,1,4),(-0.0160565564582166,-0.00814586868778828,
0.),.UNSPECIFIED.);
#315=B_SPLINE_CURVE_WITH_KNOTS('',3,(#7969,#7970,#7971,#7972,#7973),
 .UNSPECIFIED.,.F.,.F.,(4,1,4),(-0.0245804505207052,-0.0105604684194667,
0.),.UNSPECIFIED.);
#316=B_SPLINE_CURVE_WITH_KNOTS('',3,(#7975,#7976,#7977,#7978,#7979),
 .UNSPECIFIED.,.F.,.F.,(4,1,4),(-0.0215581735025916,-0.00926201129892761,
0.),.UNSPECIFIED.);
#317=B_SPLINE_CURVE_WITH_KNOTS('',3,(#7992,#7993,#7994,#7995,#7996),
 .UNSPECIFIED.,.F.,.F.,(4,1,4),(-0.0233109211126876,-0.0134679731400455,
0.),.UNSPECIFIED.);
#318=B_SPLINE_CURVE_WITH_KNOTS('',3,(#7998,#7999,#8000,#8001,#8002),
 .UNSPECIFIED.,.F.,.F.,(4,1,4),(-0.022419849189969,-0.0129531529549911,
0.),.UNSPECIFIED.);
#319=B_SPLINE_CURVE_WITH_KNOTS('',3,(#8015,#8016,#8017,#8018,#8019,#8020,
#8021,#8022,#8023,#8024,#8025,#8026,#8027,#8028,#8029,#8030,#8031,#8032,
#8033,#8034,#8035,#8036),.UNSPECIFIED.,.F.,.F.,(4,3,3,3,3,3,3,4),(-0.0166573699155346,
-0.0124527864376515,-0.0102536756990604,-0.00871740935768117,-0.00824820295976848,
-0.00533807351556569,-0.00111265786037545,0.),.UNSPECIFIED.);
#320=B_SPLINE_CURVE_WITH_KNOTS('',3,(#8038,#8039,#8040,#8041,#8042),
 .UNSPECIFIED.,.F.,.F.,(4,1,4),(-0.0158636833727893,-0.00785446103952143,
0.),.UNSPECIFIED.);
#321=B_SPLINE_CURVE_WITH_KNOTS('',3,(#8055,#8056,#8057,#8058,#8059),
 .UNSPECIFIED.,.F.,.F.,(4,1,4),(-0.0121801274338059,-0.00615749043523423,
-1.73472347597681E-18),.UNSPECIFIED.);
#322=B_SPLINE_CURVE_WITH_KNOTS('',3,(#8061,#8062,#8063,#8064,#8065),
 .UNSPECIFIED.,.F.,.F.,(4,1,4),(-0.0119210884741062,-0.00602653696817303,
0.),.UNSPECIFIED.);
#323=B_SPLINE_CURVE_WITH_KNOTS('',3,(#8077,#8078,#8079,#8080,#8081),
 .UNSPECIFIED.,.F.,.F.,(4,1,4),(-0.0164043063983261,-0.00738289997875154,
0.),.UNSPECIFIED.);
#324=B_SPLINE_CURVE_WITH_KNOTS('',3,(#8082,#8083,#8084,#8085,#8086),
 .UNSPECIFIED.,.F.,.F.,(4,1,4),(-0.0145524434987776,-0.00654945306367058,
0.),.UNSPECIFIED.);
#325=B_SPLINE_CURVE_WITH_KNOTS('',3,(#8186,#8187,#8188,#8189,#8190),
 .UNSPECIFIED.,.F.,.F.,(4,1,4),(0.,0.0171470683559747,0.0329133119569361),
 .UNSPECIFIED.);
#326=B_SPLINE_CURVE_WITH_KNOTS('',3,(#8194,#8195,#8196,#8197,#8198),
 .UNSPECIFIED.,.F.,.F.,(4,1,4),(-0.0320738659108921,-0.0167097365325622,
0.),.UNSPECIFIED.);
#327=B_SPLINE_CURVE_WITH_KNOTS('',3,(#8211,#8212,#8213,#8214,#8215),
 .UNSPECIFIED.,.F.,.F.,(4,1,4),(0.,0.0194404093928972,0.0400863784804599),
 .UNSPECIFIED.);
#328=B_SPLINE_CURVE_WITH_KNOTS('',3,(#8218,#8219,#8220,#8221,#8222),
 .UNSPECIFIED.,.F.,.F.,(4,1,4),(-0.0371530009546767,-0.0180178298991436,
0.),.UNSPECIFIED.);
#329=B_SPLINE_CURVE_WITH_KNOTS('',3,(#8234,#8235,#8236,#8237,#8238),
 .UNSPECIFIED.,.F.,.F.,(4,1,4),(0.,0.0228891845292035,0.0425112684167791),
 .UNSPECIFIED.);
#330=B_SPLINE_CURVE_WITH_KNOTS('',3,(#8241,#8242,#8243,#8244,#8245),
 .UNSPECIFIED.,.F.,.F.,(4,1,4),(-0.0412846048597755,-0.0222287166213482,
0.),.UNSPECIFIED.);
#331=B_SPLINE_CURVE_WITH_KNOTS('',3,(#8257,#8258,#8259,#8260,#8261),
 .UNSPECIFIED.,.F.,.F.,(4,1,4),(0.,0.0207072183695118,0.0442684325481737),
 .UNSPECIFIED.);
#332=B_SPLINE_CURVE_WITH_KNOTS('',3,(#8264,#8265,#8266,#8267,#8268),
 .UNSPECIFIED.,.F.,.F.,(4,1,4),(-0.0397797425232603,-0.0186075667851061,
0.),.UNSPECIFIED.);
#333=B_SPLINE_CURVE_WITH_KNOTS('',3,(#8280,#8281,#8282,#8283,#8284),
 .UNSPECIFIED.,.F.,.F.,(4,1,4),(0.,0.0188291726825103,0.0369963285355467),
 .UNSPECIFIED.);
#334=B_SPLINE_CURVE_WITH_KNOTS('',3,(#8287,#8288,#8289,#8290,#8291),
 .UNSPECIFIED.,.F.,.F.,(4,1,4),(-0.0359780438045892,-0.0183109196612479,
0.),.UNSPECIFIED.);
#335=B_SPLINE_CURVE_WITH_KNOTS('',3,(#8303,#8304,#8305,#8306,#8307),
 .UNSPECIFIED.,.F.,.F.,(4,1,4),(0.,0.0144658695955823,0.0306037479172342),
 .UNSPECIFIED.);
#336=B_SPLINE_CURVE_WITH_KNOTS('',3,(#8310,#8311,#8312,#8313,#8314),
 .UNSPECIFIED.,.F.,.F.,(4,1,4),(-0.0278858579529912,-0.0131811693717989,
0.),.UNSPECIFIED.);
#337=B_SPLINE_CURVE_WITH_KNOTS('',3,(#8326,#8327,#8328,#8329,#8330),
 .UNSPECIFIED.,.F.,.F.,(4,1,4),(0.,0.0156927028061306,0.0293625284276578),
 .UNSPECIFIED.);
#338=B_SPLINE_CURVE_WITH_KNOTS('',3,(#8333,#8334,#8335,#8336,#8337),
 .UNSPECIFIED.,.F.,.F.,(4,1,4),(-0.028716814120043,-0.015347603004796,0.),
 .UNSPECIFIED.);
#339=B_SPLINE_CURVE_WITH_KNOTS('',3,(#8355,#8356,#8357,#8358,#8359),
 .UNSPECIFIED.,.F.,.F.,(4,1,4),(0.,0.00922862009789677,0.0205053933381063),
 .UNSPECIFIED.);
#340=B_SPLINE_CURVE_WITH_KNOTS('',3,(#8362,#8363,#8364,#8365,#8366),
 .UNSPECIFIED.,.F.,.F.,(4,1,4),(-0.0181905581753638,-0.0081868095871711,
0.),.UNSPECIFIED.);
#341=B_SPLINE_CURVE_WITH_KNOTS('',3,(#8369,#8370,#8371,#8372,#8373),
 .UNSPECIFIED.,.F.,.F.,(4,1,4),(-0.014901365655362,-0.00753317121021628,
0.),.UNSPECIFIED.);
#342=B_SPLINE_CURVE_WITH_KNOTS('',3,(#8375,#8376,#8377,#8378,#8379),
 .UNSPECIFIED.,.F.,.F.,(4,1,4),(-0.0198296034201534,-0.00981807550356865,
0.),.UNSPECIFIED.);
#343=B_SPLINE_CURVE_WITH_KNOTS('',3,(#8381,#8382,#8383,#8384,#8385),
 .UNSPECIFIED.,.F.,.F.,(4,1,4),(-0.0280248066695232,-0.01619144470406,0.),
 .UNSPECIFIED.);
#344=B_SPLINE_CURVE_WITH_KNOTS('',3,(#8387,#8388,#8389,#8390,#8391),
 .UNSPECIFIED.,.F.,.F.,(4,1,4),(-0.0269477177034153,-0.0115775133059034,
0.),.UNSPECIFIED.);
#345=B_SPLINE_CURVE_WITH_KNOTS('',3,(#8393,#8394,#8395,#8396,#8397),
 .UNSPECIFIED.,.F.,.F.,(4,1,4),(-0.0200706990334266,-0.0101823303783587,
0.),.UNSPECIFIED.);
#346=B_SPLINE_CURVE_WITH_KNOTS('',3,(#8399,#8400,#8401,#8402,#8403),
 .UNSPECIFIED.,.F.,.F.,(4,1,4),(-0.0144984305108657,-0.00703121277149813,
0.),.UNSPECIFIED.);
#347=B_SPLINE_CURVE_WITH_KNOTS('',3,(#8405,#8406,#8407,#8408,#8409),
 .UNSPECIFIED.,.F.,.F.,(4,1,4),(-0.014434006826015,-0.00741599462823763,
0.),.UNSPECIFIED.);
#348=B_SPLINE_CURVE_WITH_KNOTS('',3,(#8412,#8413,#8414,#8415,#8416),
 .UNSPECIFIED.,.F.,.F.,(4,1,4),(-0.0210890526575763,-0.00975005971683583,
0.),.UNSPECIFIED.);
#349=B_SPLINE_CURVE_WITH_KNOTS('',3,(#8428,#8429,#8430,#8431,#8432),
 .UNSPECIFIED.,.F.,.F.,(4,1,4),(0.,0.00769686055554699,0.0152251595425036),
 .UNSPECIFIED.);
#350=B_SPLINE_CURVE_WITH_KNOTS('',3,(#8445,#8446,#8447,#8448,#8449,#8450,
#8451,#8452,#8453,#8454,#8455,#8456,#8457,#8458,#8459,#8460),
 .UNSPECIFIED.,.F.,.F.,(4,3,3,3,3,4),(0.,0.00395627673103394,0.00755648947394299,
0.0103102530441202,0.0117698919252259,0.020821711906559),.UNSPECIFIED.);
#351=B_SPLINE_CURVE_WITH_KNOTS('',3,(#8473,#8474,#8475,#8476,#8477),
 .UNSPECIFIED.,.F.,.F.,(4,1,4),(0.,0.0168349720375246,0.0291386497784322),
 .UNSPECIFIED.);
#352=B_SPLINE_CURVE_WITH_KNOTS('',3,(#8490,#8491,#8492,#8493,#8494),
 .UNSPECIFIED.,.F.,.F.,(4,1,4),(0.,0.0132005842070719,0.0307255631959371),
 .UNSPECIFIED.);
#353=B_SPLINE_CURVE_WITH_KNOTS('',3,(#8507,#8508,#8509,#8510,#8511),
 .UNSPECIFIED.,.F.,.F.,(4,1,4),(0.,0.0104997593920067,0.0206963929522713),
 .UNSPECIFIED.);
#354=B_SPLINE_CURVE_WITH_KNOTS('',3,(#8524,#8525,#8526,#8527,#8528),
 .UNSPECIFIED.,.F.,.F.,(4,1,4),(0.,0.00752024128237476,0.0155068121532927),
 .UNSPECIFIED.);
#355=B_SPLINE_CURVE_WITH_KNOTS('',3,(#8541,#8542,#8543,#8544,#8545),
 .UNSPECIFIED.,.F.,.F.,(4,1,4),(0.,0.00756117575491773,0.0147165778739403),
 .UNSPECIFIED.);
#356=B_SPLINE_CURVE_WITH_KNOTS('',3,(#8561,#8562,#8563,#8564,#8565),
 .UNSPECIFIED.,.F.,.F.,(4,1,4),(0.,0.0108202211346265,0.0234037759666986),
 .UNSPECIFIED.);
#357=B_SPLINE_CURVE_WITH_KNOTS('',3,(#8875,#8876,#8877,#8878),
 .UNSPECIFIED.,.F.,.F.,(4,4),(-0.355217226934575,-0.344353162692376),
 .UNSPECIFIED.);
#358=B_SPLINE_CURVE_WITH_KNOTS('',3,(#8892,#8893,#8894,#8895,#8896,#8897,
#8898,#8899,#8900,#8901),.UNSPECIFIED.,.F.,.F.,(4,3,3,4),(0.0541006740316268,
0.0575923144762931,0.0627856488298066,0.0648361247701292),.UNSPECIFIED.);
#359=B_SPLINE_CURVE_WITH_KNOTS('',3,(#8955,#8956,#8957,#8958),
 .UNSPECIFIED.,.F.,.F.,(4,4),(-0.233151915786976,-0.222287851544777),
 .UNSPECIFIED.);
#360=B_SPLINE_CURVE_WITH_KNOTS('',3,(#9001,#9002,#9003,#9004,#9005,#9006,
#9007,#9008,#9009,#9010),.UNSPECIFIED.,.F.,.F.,(4,3,3,4),(0.0929724326414627,
0.0981657669949567,0.100216242935299,0.103707883379965),.UNSPECIFIED.);
#361=B_SPLINE_CURVE_WITH_KNOTS('',3,(#9039,#9040,#9041,#9042,#9043,#9044,
#9045,#9046,#9047,#9048,#9049,#9050,#9051,#9052,#9053,#9054,#9055,#9056,
#9057),.UNSPECIFIED.,.F.,.F.,(4,2,2,2,3,2,2,2,4),(-0.0195438997219478,-0.0170110813121894,
-0.0113430271390925,-0.00567151356954623,0.,0.00568285596865989,0.0113657119373198,
0.0170224175558304,0.019544213111635),.UNSPECIFIED.);
#362=B_SPLINE_CURVE_WITH_KNOTS('',3,(#9061,#9062,#9063,#9064,#9065,#9066,
#9067,#9068,#9069,#9070,#9071,#9072,#9073,#9074,#9075,#9076,#9077,#9078,
#9079),.UNSPECIFIED.,.F.,.F.,(4,2,2,2,3,2,2,2,4),(-0.0195442131116349,-0.0170224175558304,
-0.0113657119373198,-0.00568285596865989,0.,0.00567151356954625,0.0113430271390925,
0.0170110813121894,0.0195438997219478),.UNSPECIFIED.);
#363=FACE_OUTER_BOUND('',#635,.T.);
#364=FACE_OUTER_BOUND('',#636,.T.);
#365=FACE_OUTER_BOUND('',#638,.T.);
#366=FACE_OUTER_BOUND('',#639,.T.);
#367=FACE_OUTER_BOUND('',#640,.T.);
#368=FACE_OUTER_BOUND('',#641,.T.);
#369=FACE_OUTER_BOUND('',#642,.T.);
#370=FACE_OUTER_BOUND('',#643,.T.);
#371=FACE_OUTER_BOUND('',#644,.T.);
#372=FACE_OUTER_BOUND('',#645,.T.);
#373=FACE_OUTER_BOUND('',#646,.T.);
#374=FACE_OUTER_BOUND('',#647,.T.);
#375=FACE_OUTER_BOUND('',#648,.T.);
#376=FACE_OUTER_BOUND('',#649,.T.);
#377=FACE_OUTER_BOUND('',#650,.T.);
#378=FACE_OUTER_BOUND('',#651,.T.);
#379=FACE_OUTER_BOUND('',#652,.T.);
#380=FACE_OUTER_BOUND('',#653,.T.);
#381=FACE_OUTER_BOUND('',#654,.T.);
#382=FACE_OUTER_BOUND('',#655,.T.);
#383=FACE_OUTER_BOUND('',#656,.T.);
#384=FACE_OUTER_BOUND('',#657,.T.);
#385=FACE_OUTER_BOUND('',#658,.T.);
#386=FACE_OUTER_BOUND('',#659,.T.);
#387=FACE_OUTER_BOUND('',#660,.T.);
#388=FACE_OUTER_BOUND('',#661,.T.);
#389=FACE_OUTER_BOUND('',#662,.T.);
#390=FACE_OUTER_BOUND('',#663,.T.);
#391=FACE_OUTER_BOUND('',#664,.T.);
#392=FACE_OUTER_BOUND('',#665,.T.);
#393=FACE_OUTER_BOUND('',#666,.T.);
#394=FACE_OUTER_BOUND('',#671,.T.);
#395=FACE_OUTER_BOUND('',#672,.T.);
#396=FACE_OUTER_BOUND('',#674,.T.);
#397=FACE_OUTER_BOUND('',#675,.T.);
#398=FACE_OUTER_BOUND('',#676,.T.);
#399=FACE_OUTER_BOUND('',#677,.T.);
#400=FACE_OUTER_BOUND('',#679,.T.);
#401=FACE_OUTER_BOUND('',#680,.T.);
#402=FACE_OUTER_BOUND('',#681,.T.);
#403=FACE_OUTER_BOUND('',#682,.T.);
#404=FACE_OUTER_BOUND('',#683,.T.);
#405=FACE_OUTER_BOUND('',#684,.T.);
#406=FACE_OUTER_BOUND('',#685,.T.);
#407=FACE_OUTER_BOUND('',#686,.T.);
#408=FACE_OUTER_BOUND('',#687,.T.);
#409=FACE_OUTER_BOUND('',#688,.T.);
#410=FACE_OUTER_BOUND('',#689,.T.);
#411=FACE_OUTER_BOUND('',#690,.T.);
#412=FACE_OUTER_BOUND('',#691,.T.);
#413=FACE_OUTER_BOUND('',#692,.T.);
#414=FACE_OUTER_BOUND('',#693,.T.);
#415=FACE_OUTER_BOUND('',#694,.T.);
#416=FACE_OUTER_BOUND('',#695,.T.);
#417=FACE_OUTER_BOUND('',#696,.T.);
#418=FACE_OUTER_BOUND('',#697,.T.);
#419=FACE_OUTER_BOUND('',#698,.T.);
#420=FACE_OUTER_BOUND('',#699,.T.);
#421=FACE_OUTER_BOUND('',#701,.T.);
#422=FACE_OUTER_BOUND('',#702,.T.);
#423=FACE_OUTER_BOUND('',#703,.T.);
#424=FACE_OUTER_BOUND('',#704,.T.);
#425=FACE_OUTER_BOUND('',#705,.T.);
#426=FACE_OUTER_BOUND('',#706,.T.);
#427=FACE_OUTER_BOUND('',#707,.T.);
#428=FACE_OUTER_BOUND('',#708,.T.);
#429=FACE_OUTER_BOUND('',#709,.T.);
#430=FACE_OUTER_BOUND('',#710,.T.);
#431=FACE_OUTER_BOUND('',#711,.T.);
#432=FACE_OUTER_BOUND('',#712,.T.);
#433=FACE_OUTER_BOUND('',#713,.T.);
#434=FACE_OUTER_BOUND('',#714,.T.);
#435=FACE_OUTER_BOUND('',#715,.T.);
#436=FACE_OUTER_BOUND('',#716,.T.);
#437=FACE_OUTER_BOUND('',#717,.T.);
#438=FACE_OUTER_BOUND('',#718,.T.);
#439=FACE_OUTER_BOUND('',#719,.T.);
#440=FACE_OUTER_BOUND('',#720,.T.);
#441=FACE_OUTER_BOUND('',#721,.T.);
#442=FACE_OUTER_BOUND('',#722,.T.);
#443=FACE_OUTER_BOUND('',#723,.T.);
#444=FACE_OUTER_BOUND('',#724,.T.);
#445=FACE_OUTER_BOUND('',#725,.T.);
#446=FACE_OUTER_BOUND('',#726,.T.);
#447=FACE_OUTER_BOUND('',#727,.T.);
#448=FACE_OUTER_BOUND('',#728,.T.);
#449=FACE_OUTER_BOUND('',#729,.T.);
#450=FACE_OUTER_BOUND('',#730,.T.);
#451=FACE_OUTER_BOUND('',#731,.T.);
#452=FACE_OUTER_BOUND('',#732,.T.);
#453=FACE_OUTER_BOUND('',#734,.T.);
#454=FACE_OUTER_BOUND('',#735,.T.);
#455=FACE_OUTER_BOUND('',#738,.T.);
#456=FACE_OUTER_BOUND('',#739,.T.);
#457=FACE_OUTER_BOUND('',#740,.T.);
#458=FACE_OUTER_BOUND('',#741,.T.);
#459=FACE_OUTER_BOUND('',#742,.T.);
#460=FACE_OUTER_BOUND('',#743,.T.);
#461=FACE_OUTER_BOUND('',#744,.T.);
#462=FACE_OUTER_BOUND('',#745,.T.);
#463=FACE_OUTER_BOUND('',#746,.T.);
#464=FACE_OUTER_BOUND('',#747,.T.);
#465=FACE_OUTER_BOUND('',#748,.T.);
#466=FACE_OUTER_BOUND('',#749,.T.);
#467=FACE_OUTER_BOUND('',#750,.T.);
#468=FACE_OUTER_BOUND('',#751,.T.);
#469=FACE_OUTER_BOUND('',#752,.T.);
#470=FACE_OUTER_BOUND('',#753,.T.);
#471=FACE_OUTER_BOUND('',#754,.T.);
#472=FACE_OUTER_BOUND('',#755,.T.);
#473=FACE_OUTER_BOUND('',#756,.T.);
#474=FACE_OUTER_BOUND('',#757,.T.);
#475=FACE_OUTER_BOUND('',#758,.T.);
#476=FACE_OUTER_BOUND('',#759,.T.);
#477=FACE_OUTER_BOUND('',#760,.T.);
#478=FACE_OUTER_BOUND('',#761,.T.);
#479=FACE_OUTER_BOUND('',#762,.T.);
#480=FACE_OUTER_BOUND('',#763,.T.);
#481=FACE_OUTER_BOUND('',#764,.T.);
#482=FACE_OUTER_BOUND('',#765,.T.);
#483=FACE_OUTER_BOUND('',#766,.T.);
#484=FACE_OUTER_BOUND('',#767,.T.);
#485=FACE_OUTER_BOUND('',#768,.T.);
#486=FACE_OUTER_BOUND('',#769,.T.);
#487=FACE_OUTER_BOUND('',#770,.T.);
#488=FACE_OUTER_BOUND('',#771,.T.);
#489=FACE_OUTER_BOUND('',#772,.T.);
#490=FACE_OUTER_BOUND('',#773,.T.);
#491=FACE_OUTER_BOUND('',#776,.T.);
#492=FACE_OUTER_BOUND('',#777,.T.);
#493=FACE_OUTER_BOUND('',#778,.T.);
#494=FACE_OUTER_BOUND('',#779,.T.);
#495=FACE_OUTER_BOUND('',#780,.T.);
#496=FACE_OUTER_BOUND('',#781,.T.);
#497=FACE_OUTER_BOUND('',#782,.T.);
#498=FACE_OUTER_BOUND('',#783,.T.);
#499=FACE_OUTER_BOUND('',#784,.T.);
#500=FACE_OUTER_BOUND('',#785,.T.);
#501=FACE_OUTER_BOUND('',#786,.T.);
#502=FACE_OUTER_BOUND('',#787,.T.);
#503=FACE_OUTER_BOUND('',#788,.T.);
#504=FACE_OUTER_BOUND('',#789,.T.);
#505=FACE_OUTER_BOUND('',#790,.T.);
#506=FACE_OUTER_BOUND('',#791,.T.);
#507=FACE_OUTER_BOUND('',#792,.T.);
#508=FACE_OUTER_BOUND('',#793,.T.);
#509=FACE_OUTER_BOUND('',#794,.T.);
#510=FACE_OUTER_BOUND('',#795,.T.);
#511=FACE_OUTER_BOUND('',#796,.T.);
#512=FACE_OUTER_BOUND('',#797,.T.);
#513=FACE_OUTER_BOUND('',#798,.T.);
#514=FACE_OUTER_BOUND('',#799,.T.);
#515=FACE_OUTER_BOUND('',#801,.T.);
#516=FACE_OUTER_BOUND('',#802,.T.);
#517=FACE_OUTER_BOUND('',#804,.T.);
#518=FACE_OUTER_BOUND('',#805,.T.);
#519=FACE_OUTER_BOUND('',#806,.T.);
#520=FACE_OUTER_BOUND('',#808,.T.);
#521=FACE_OUTER_BOUND('',#809,.T.);
#522=FACE_OUTER_BOUND('',#810,.T.);
#523=FACE_OUTER_BOUND('',#811,.T.);
#524=FACE_OUTER_BOUND('',#812,.T.);
#525=FACE_OUTER_BOUND('',#813,.T.);
#526=FACE_OUTER_BOUND('',#814,.T.);
#527=FACE_OUTER_BOUND('',#815,.T.);
#528=FACE_OUTER_BOUND('',#816,.T.);
#529=FACE_OUTER_BOUND('',#817,.T.);
#530=FACE_OUTER_BOUND('',#818,.T.);
#531=FACE_OUTER_BOUND('',#819,.T.);
#532=FACE_OUTER_BOUND('',#820,.T.);
#533=FACE_OUTER_BOUND('',#821,.T.);
#534=FACE_OUTER_BOUND('',#822,.T.);
#535=FACE_OUTER_BOUND('',#823,.T.);
#536=FACE_OUTER_BOUND('',#824,.T.);
#537=FACE_OUTER_BOUND('',#826,.T.);
#538=FACE_OUTER_BOUND('',#827,.T.);
#539=FACE_OUTER_BOUND('',#828,.T.);
#540=FACE_OUTER_BOUND('',#829,.T.);
#541=FACE_OUTER_BOUND('',#830,.T.);
#542=FACE_OUTER_BOUND('',#831,.T.);
#543=FACE_OUTER_BOUND('',#832,.T.);
#544=FACE_OUTER_BOUND('',#833,.T.);
#545=FACE_OUTER_BOUND('',#834,.T.);
#546=FACE_OUTER_BOUND('',#838,.T.);
#547=FACE_OUTER_BOUND('',#839,.T.);
#548=FACE_OUTER_BOUND('',#840,.T.);
#549=FACE_OUTER_BOUND('',#841,.T.);
#550=FACE_OUTER_BOUND('',#842,.T.);
#551=FACE_OUTER_BOUND('',#843,.T.);
#552=FACE_OUTER_BOUND('',#846,.T.);
#553=FACE_OUTER_BOUND('',#847,.T.);
#554=FACE_OUTER_BOUND('',#848,.T.);
#555=FACE_OUTER_BOUND('',#849,.T.);
#556=FACE_OUTER_BOUND('',#850,.T.);
#557=FACE_OUTER_BOUND('',#851,.T.);
#558=FACE_OUTER_BOUND('',#852,.T.);
#559=FACE_OUTER_BOUND('',#853,.T.);
#560=FACE_OUTER_BOUND('',#854,.T.);
#561=FACE_OUTER_BOUND('',#859,.T.);
#562=FACE_OUTER_BOUND('',#861,.T.);
#563=FACE_OUTER_BOUND('',#862,.T.);
#564=FACE_OUTER_BOUND('',#864,.T.);
#565=FACE_OUTER_BOUND('',#865,.T.);
#566=FACE_OUTER_BOUND('',#866,.T.);
#567=FACE_OUTER_BOUND('',#867,.T.);
#568=FACE_OUTER_BOUND('',#868,.T.);
#569=FACE_OUTER_BOUND('',#869,.T.);
#570=FACE_OUTER_BOUND('',#870,.T.);
#571=FACE_OUTER_BOUND('',#871,.T.);
#572=FACE_OUTER_BOUND('',#872,.T.);
#573=FACE_OUTER_BOUND('',#873,.T.);
#574=FACE_OUTER_BOUND('',#874,.T.);
#575=FACE_OUTER_BOUND('',#875,.T.);
#576=FACE_OUTER_BOUND('',#876,.T.);
#577=FACE_OUTER_BOUND('',#877,.T.);
#578=FACE_OUTER_BOUND('',#878,.T.);
#579=FACE_OUTER_BOUND('',#879,.T.);
#580=FACE_OUTER_BOUND('',#880,.T.);
#581=FACE_OUTER_BOUND('',#881,.T.);
#582=FACE_OUTER_BOUND('',#882,.T.);
#583=FACE_OUTER_BOUND('',#883,.T.);
#584=FACE_OUTER_BOUND('',#884,.T.);
#585=FACE_OUTER_BOUND('',#885,.T.);
#586=FACE_OUTER_BOUND('',#886,.T.);
#587=FACE_OUTER_BOUND('',#887,.T.);
#588=FACE_OUTER_BOUND('',#888,.T.);
#589=FACE_OUTER_BOUND('',#889,.T.);
#590=FACE_OUTER_BOUND('',#890,.T.);
#591=FACE_OUTER_BOUND('',#891,.T.);
#592=FACE_OUTER_BOUND('',#892,.T.);
#593=FACE_OUTER_BOUND('',#893,.T.);
#594=FACE_OUTER_BOUND('',#894,.T.);
#595=FACE_OUTER_BOUND('',#895,.T.);
#596=FACE_OUTER_BOUND('',#896,.T.);
#597=FACE_OUTER_BOUND('',#897,.T.);
#598=FACE_OUTER_BOUND('',#898,.T.);
#599=FACE_OUTER_BOUND('',#899,.T.);
#600=FACE_OUTER_BOUND('',#900,.T.);
#601=FACE_OUTER_BOUND('',#901,.T.);
#602=FACE_OUTER_BOUND('',#902,.T.);
#603=FACE_OUTER_BOUND('',#903,.T.);
#604=FACE_OUTER_BOUND('',#904,.T.);
#605=FACE_OUTER_BOUND('',#905,.T.);
#606=FACE_OUTER_BOUND('',#906,.T.);
#607=FACE_OUTER_BOUND('',#907,.T.);
#608=FACE_OUTER_BOUND('',#908,.T.);
#609=FACE_OUTER_BOUND('',#909,.T.);
#610=FACE_OUTER_BOUND('',#910,.T.);
#611=FACE_OUTER_BOUND('',#911,.T.);
#612=FACE_OUTER_BOUND('',#912,.T.);
#613=FACE_OUTER_BOUND('',#913,.T.);
#614=FACE_OUTER_BOUND('',#914,.T.);
#615=FACE_OUTER_BOUND('',#915,.T.);
#616=FACE_OUTER_BOUND('',#916,.T.);
#617=FACE_OUTER_BOUND('',#917,.T.);
#618=FACE_OUTER_BOUND('',#918,.T.);
#619=FACE_OUTER_BOUND('',#919,.T.);
#620=FACE_OUTER_BOUND('',#920,.T.);
#621=FACE_OUTER_BOUND('',#921,.T.);
#622=FACE_OUTER_BOUND('',#922,.T.);
#623=FACE_OUTER_BOUND('',#923,.T.);
#624=FACE_OUTER_BOUND('',#924,.T.);
#625=FACE_OUTER_BOUND('',#925,.T.);
#626=FACE_OUTER_BOUND('',#926,.T.);
#627=FACE_OUTER_BOUND('',#927,.T.);
#628=FACE_OUTER_BOUND('',#928,.T.);
#629=FACE_OUTER_BOUND('',#930,.T.);
#630=FACE_OUTER_BOUND('',#931,.T.);
#631=FACE_OUTER_BOUND('',#932,.T.);
#632=FACE_OUTER_BOUND('',#933,.T.);
#633=FACE_OUTER_BOUND('',#934,.T.);
#634=FACE_OUTER_BOUND('',#935,.T.);
#635=EDGE_LOOP('',(#3287,#3288,#3289,#3290,#3291,#3292,#3293,#3294,#3295,
#3296));
#636=EDGE_LOOP('',(#3297,#3298,#3299,#3300,#3301,#3302,#3303,#3304,#3305,
#3306));
#637=EDGE_LOOP('',(#3307,#3308,#3309,#3310,#3311,#3312,#3313,#3314));
#638=EDGE_LOOP('',(#3315,#3316,#3317,#3318));
#639=EDGE_LOOP('',(#3319,#3320,#3321,#3322));
#640=EDGE_LOOP('',(#3323,#3324,#3325,#3326));
#641=EDGE_LOOP('',(#3327,#3328,#3329,#3330));
#642=EDGE_LOOP('',(#3331,#3332,#3333,#3334));
#643=EDGE_LOOP('',(#3335,#3336,#3337,#3338));
#644=EDGE_LOOP('',(#3339,#3340,#3341,#3342));
#645=EDGE_LOOP('',(#3343,#3344,#3345,#3346));
#646=EDGE_LOOP('',(#3347,#3348,#3349,#3350));
#647=EDGE_LOOP('',(#3351,#3352,#3353,#3354));
#648=EDGE_LOOP('',(#3355,#3356,#3357,#3358));
#649=EDGE_LOOP('',(#3359,#3360,#3361,#3362));
#650=EDGE_LOOP('',(#3363,#3364,#3365,#3366));
#651=EDGE_LOOP('',(#3367,#3368,#3369,#3370));
#652=EDGE_LOOP('',(#3371,#3372,#3373,#3374));
#653=EDGE_LOOP('',(#3375,#3376,#3377,#3378));
#654=EDGE_LOOP('',(#3379,#3380,#3381,#3382));
#655=EDGE_LOOP('',(#3383,#3384,#3385,#3386));
#656=EDGE_LOOP('',(#3387,#3388,#3389,#3390));
#657=EDGE_LOOP('',(#3391,#3392,#3393,#3394));
#658=EDGE_LOOP('',(#3395,#3396,#3397,#3398));
#659=EDGE_LOOP('',(#3399,#3400,#3401,#3402));
#660=EDGE_LOOP('',(#3403,#3404,#3405,#3406));
#661=EDGE_LOOP('',(#3407,#3408,#3409,#3410));
#662=EDGE_LOOP('',(#3411,#3412,#3413,#3414));
#663=EDGE_LOOP('',(#3415,#3416,#3417,#3418));
#664=EDGE_LOOP('',(#3419,#3420,#3421,#3422));
#665=EDGE_LOOP('',(#3423,#3424,#3425,#3426));
#666=EDGE_LOOP('',(#3427,#3428,#3429,#3430,#3431,#3432,#3433,#3434,#3435,
#3436,#3437,#3438));
#667=EDGE_LOOP('',(#3439,#3440,#3441,#3442));
#668=EDGE_LOOP('',(#3443,#3444,#3445,#3446));
#669=EDGE_LOOP('',(#3447,#3448,#3449,#3450,#3451,#3452,#3453,#3454,#3455,
#3456));
#670=EDGE_LOOP('',(#3457,#3458,#3459,#3460,#3461,#3462,#3463,#3464,#3465,
#3466));
#671=EDGE_LOOP('',(#3467,#3468,#3469,#3470));
#672=EDGE_LOOP('',(#3471,#3472,#3473,#3474,#3475,#3476,#3477,#3478,#3479,
#3480,#3481,#3482,#3483,#3484));
#673=EDGE_LOOP('',(#3485,#3486,#3487,#3488));
#674=EDGE_LOOP('',(#3489,#3490,#3491,#3492));
#675=EDGE_LOOP('',(#3493,#3494,#3495,#3496));
#676=EDGE_LOOP('',(#3497,#3498,#3499,#3500));
#677=EDGE_LOOP('',(#3501,#3502,#3503,#3504,#3505,#3506,#3507,#3508,#3509,
#3510,#3511,#3512,#3513,#3514));
#678=EDGE_LOOP('',(#3515,#3516,#3517,#3518));
#679=EDGE_LOOP('',(#3519,#3520,#3521,#3522));
#680=EDGE_LOOP('',(#3523,#3524,#3525,#3526));
#681=EDGE_LOOP('',(#3527,#3528,#3529,#3530));
#682=EDGE_LOOP('',(#3531,#3532,#3533,#3534));
#683=EDGE_LOOP('',(#3535,#3536,#3537,#3538));
#684=EDGE_LOOP('',(#3539,#3540,#3541,#3542));
#685=EDGE_LOOP('',(#3543,#3544,#3545));
#686=EDGE_LOOP('',(#3546,#3547,#3548,#3549));
#687=EDGE_LOOP('',(#3550,#3551,#3552,#3553));
#688=EDGE_LOOP('',(#3554,#3555,#3556,#3557,#3558,#3559));
#689=EDGE_LOOP('',(#3560,#3561,#3562,#3563));
#690=EDGE_LOOP('',(#3564,#3565,#3566,#3567,#3568,#3569));
#691=EDGE_LOOP('',(#3570,#3571,#3572,#3573));
#692=EDGE_LOOP('',(#3574,#3575,#3576,#3577));
#693=EDGE_LOOP('',(#3578,#3579,#3580,#3581));
#694=EDGE_LOOP('',(#3582,#3583,#3584,#3585));
#695=EDGE_LOOP('',(#3586,#3587,#3588,#3589,#3590,#3591));
#696=EDGE_LOOP('',(#3592,#3593,#3594,#3595));
#697=EDGE_LOOP('',(#3596,#3597,#3598,#3599));
#698=EDGE_LOOP('',(#3600,#3601,#3602,#3603));
#699=EDGE_LOOP('',(#3604,#3605,#3606,#3607,#3608,#3609,#3610,#3611,#3612,
#3613,#3614,#3615,#3616,#3617,#3618,#3619,#3620,#3621,#3622,#3623));
#700=EDGE_LOOP('',(#3624,#3625,#3626,#3627));
#701=EDGE_LOOP('',(#3628,#3629,#3630,#3631,#3632,#3633,#3634,#3635,#3636,
#3637,#3638,#3639,#3640,#3641,#3642,#3643));
#702=EDGE_LOOP('',(#3644,#3645,#3646,#3647));
#703=EDGE_LOOP('',(#3648,#3649,#3650,#3651));
#704=EDGE_LOOP('',(#3652,#3653,#3654,#3655));
#705=EDGE_LOOP('',(#3656,#3657,#3658,#3659));
#706=EDGE_LOOP('',(#3660,#3661,#3662,#3663));
#707=EDGE_LOOP('',(#3664,#3665,#3666,#3667));
#708=EDGE_LOOP('',(#3668,#3669,#3670,#3671));
#709=EDGE_LOOP('',(#3672,#3673,#3674,#3675));
#710=EDGE_LOOP('',(#3676,#3677,#3678,#3679));
#711=EDGE_LOOP('',(#3680,#3681,#3682,#3683));
#712=EDGE_LOOP('',(#3684,#3685,#3686,#3687));
#713=EDGE_LOOP('',(#3688,#3689,#3690,#3691));
#714=EDGE_LOOP('',(#3692,#3693,#3694,#3695));
#715=EDGE_LOOP('',(#3696,#3697,#3698,#3699));
#716=EDGE_LOOP('',(#3700,#3701,#3702,#3703));
#717=EDGE_LOOP('',(#3704,#3705,#3706,#3707));
#718=EDGE_LOOP('',(#3708,#3709,#3710,#3711));
#719=EDGE_LOOP('',(#3712,#3713,#3714,#3715));
#720=EDGE_LOOP('',(#3716,#3717,#3718));
#721=EDGE_LOOP('',(#3719,#3720,#3721,#3722));
#722=EDGE_LOOP('',(#3723,#3724,#3725,#3726));
#723=EDGE_LOOP('',(#3727,#3728,#3729,#3730));
#724=EDGE_LOOP('',(#3731,#3732,#3733,#3734));
#725=EDGE_LOOP('',(#3735,#3736,#3737,#3738));
#726=EDGE_LOOP('',(#3739,#3740,#3741,#3742));
#727=EDGE_LOOP('',(#3743,#3744,#3745,#3746,#3747,#3748,#3749,#3750));
#728=EDGE_LOOP('',(#3751,#3752,#3753,#3754));
#729=EDGE_LOOP('',(#3755,#3756,#3757,#3758));
#730=EDGE_LOOP('',(#3759,#3760,#3761,#3762,#3763,#3764,#3765,#3766));
#731=EDGE_LOOP('',(#3767,#3768,#3769,#3770));
#732=EDGE_LOOP('',(#3771,#3772,#3773,#3774,#3775,#3776,#3777,#3778,#3779,
#3780,#3781,#3782,#3783,#3784,#3785,#3786));
#733=EDGE_LOOP('',(#3787,#3788,#3789,#3790));
#734=EDGE_LOOP('',(#3791,#3792,#3793,#3794,#3795,#3796,#3797,#3798));
#735=EDGE_LOOP('',(#3799,#3800,#3801,#3802,#3803,#3804,#3805,#3806,#3807,
#3808,#3809,#3810));
#736=EDGE_LOOP('',(#3811,#3812,#3813,#3814));
#737=EDGE_LOOP('',(#3815,#3816,#3817,#3818));
#738=EDGE_LOOP('',(#3819,#3820,#3821,#3822,#3823,#3824,#3825,#3826));
#739=EDGE_LOOP('',(#3827,#3828,#3829,#3830));
#740=EDGE_LOOP('',(#3831,#3832,#3833,#3834));
#741=EDGE_LOOP('',(#3835,#3836,#3837,#3838));
#742=EDGE_LOOP('',(#3839,#3840,#3841,#3842));
#743=EDGE_LOOP('',(#3843,#3844,#3845,#3846));
#744=EDGE_LOOP('',(#3847,#3848,#3849,#3850));
#745=EDGE_LOOP('',(#3851,#3852,#3853,#3854));
#746=EDGE_LOOP('',(#3855,#3856,#3857,#3858));
#747=EDGE_LOOP('',(#3859,#3860,#3861,#3862));
#748=EDGE_LOOP('',(#3863,#3864,#3865,#3866));
#749=EDGE_LOOP('',(#3867,#3868,#3869,#3870));
#750=EDGE_LOOP('',(#3871,#3872,#3873,#3874));
#751=EDGE_LOOP('',(#3875,#3876,#3877,#3878));
#752=EDGE_LOOP('',(#3879,#3880,#3881,#3882));
#753=EDGE_LOOP('',(#3883,#3884,#3885,#3886));
#754=EDGE_LOOP('',(#3887,#3888,#3889,#3890));
#755=EDGE_LOOP('',(#3891,#3892,#3893,#3894));
#756=EDGE_LOOP('',(#3895,#3896,#3897,#3898));
#757=EDGE_LOOP('',(#3899,#3900,#3901,#3902,#3903,#3904,#3905,#3906,#3907,
#3908,#3909,#3910,#3911,#3912,#3913,#3914,#3915,#3916));
#758=EDGE_LOOP('',(#3917,#3918,#3919,#3920));
#759=EDGE_LOOP('',(#3921,#3922,#3923,#3924));
#760=EDGE_LOOP('',(#3925,#3926,#3927,#3928));
#761=EDGE_LOOP('',(#3929,#3930,#3931,#3932));
#762=EDGE_LOOP('',(#3933,#3934,#3935,#3936));
#763=EDGE_LOOP('',(#3937,#3938,#3939,#3940));
#764=EDGE_LOOP('',(#3941,#3942,#3943,#3944));
#765=EDGE_LOOP('',(#3945,#3946,#3947,#3948));
#766=EDGE_LOOP('',(#3949,#3950,#3951,#3952));
#767=EDGE_LOOP('',(#3953,#3954,#3955,#3956));
#768=EDGE_LOOP('',(#3957,#3958,#3959,#3960,#3961,#3962,#3963,#3964,#3965,
#3966));
#769=EDGE_LOOP('',(#3967,#3968,#3969,#3970));
#770=EDGE_LOOP('',(#3971,#3972,#3973,#3974));
#771=EDGE_LOOP('',(#3975,#3976,#3977,#3978));
#772=EDGE_LOOP('',(#3979,#3980,#3981,#3982));
#773=EDGE_LOOP('',(#3983,#3984,#3985,#3986));
#774=EDGE_LOOP('',(#3987,#3988,#3989,#3990,#3991,#3992,#3993,#3994,#3995,
#3996,#3997,#3998,#3999,#4000,#4001,#4002,#4003,#4004));
#775=EDGE_LOOP('',(#4005,#4006,#4007,#4008,#4009,#4010,#4011,#4012,#4013,
#4014));
#776=EDGE_LOOP('',(#4015,#4016,#4017,#4018));
#777=EDGE_LOOP('',(#4019,#4020,#4021,#4022));
#778=EDGE_LOOP('',(#4023,#4024,#4025,#4026));
#779=EDGE_LOOP('',(#4027,#4028,#4029,#4030));
#780=EDGE_LOOP('',(#4031,#4032,#4033,#4034));
#781=EDGE_LOOP('',(#4035,#4036,#4037,#4038));
#782=EDGE_LOOP('',(#4039,#4040,#4041,#4042));
#783=EDGE_LOOP('',(#4043,#4044,#4045,#4046));
#784=EDGE_LOOP('',(#4047,#4048,#4049,#4050));
#785=EDGE_LOOP('',(#4051,#4052,#4053,#4054,#4055,#4056,#4057,#4058,#4059,
#4060,#4061,#4062,#4063,#4064,#4065,#4066,#4067,#4068));
#786=EDGE_LOOP('',(#4069,#4070,#4071,#4072));
#787=EDGE_LOOP('',(#4073,#4074,#4075,#4076));
#788=EDGE_LOOP('',(#4077,#4078,#4079,#4080));
#789=EDGE_LOOP('',(#4081,#4082,#4083,#4084));
#790=EDGE_LOOP('',(#4085,#4086,#4087,#4088));
#791=EDGE_LOOP('',(#4089,#4090,#4091,#4092));
#792=EDGE_LOOP('',(#4093,#4094,#4095,#4096));
#793=EDGE_LOOP('',(#4097,#4098,#4099,#4100));
#794=EDGE_LOOP('',(#4101,#4102,#4103,#4104));
#795=EDGE_LOOP('',(#4105,#4106,#4107,#4108));
#796=EDGE_LOOP('',(#4109,#4110,#4111,#4112));
#797=EDGE_LOOP('',(#4113,#4114,#4115,#4116));
#798=EDGE_LOOP('',(#4117,#4118,#4119,#4120));
#799=EDGE_LOOP('',(#4121,#4122,#4123,#4124));
#800=EDGE_LOOP('',(#4125,#4126,#4127,#4128,#4129,#4130,#4131,#4132,#4133,
#4134,#4135,#4136,#4137,#4138,#4139,#4140,#4141,#4142));
#801=EDGE_LOOP('',(#4143,#4144,#4145,#4146));
#802=EDGE_LOOP('',(#4147,#4148,#4149,#4150,#4151,#4152,#4153,#4154));
#803=EDGE_LOOP('',(#4155,#4156,#4157,#4158));
#804=EDGE_LOOP('',(#4159,#4160,#4161,#4162));
#805=EDGE_LOOP('',(#4163,#4164,#4165,#4166));
#806=EDGE_LOOP('',(#4167,#4168,#4169,#4170,#4171,#4172,#4173,#4174));
#807=EDGE_LOOP('',(#4175,#4176,#4177,#4178));
#808=EDGE_LOOP('',(#4179,#4180,#4181,#4182));
#809=EDGE_LOOP('',(#4183,#4184,#4185,#4186));
#810=EDGE_LOOP('',(#4187,#4188,#4189,#4190));
#811=EDGE_LOOP('',(#4191,#4192,#4193,#4194));
#812=EDGE_LOOP('',(#4195,#4196,#4197,#4198));
#813=EDGE_LOOP('',(#4199,#4200,#4201,#4202));
#814=EDGE_LOOP('',(#4203,#4204,#4205,#4206));
#815=EDGE_LOOP('',(#4207,#4208,#4209,#4210));
#816=EDGE_LOOP('',(#4211,#4212,#4213,#4214));
#817=EDGE_LOOP('',(#4215,#4216,#4217,#4218));
#818=EDGE_LOOP('',(#4219,#4220,#4221,#4222));
#819=EDGE_LOOP('',(#4223,#4224,#4225,#4226));
#820=EDGE_LOOP('',(#4227,#4228,#4229,#4230));
#821=EDGE_LOOP('',(#4231,#4232,#4233,#4234));
#822=EDGE_LOOP('',(#4235,#4236,#4237,#4238));
#823=EDGE_LOOP('',(#4239,#4240,#4241,#4242));
#824=EDGE_LOOP('',(#4243,#4244,#4245,#4246));
#825=EDGE_LOOP('',(#4247,#4248,#4249,#4250));
#826=EDGE_LOOP('',(#4251,#4252,#4253,#4254));
#827=EDGE_LOOP('',(#4255,#4256,#4257,#4258,#4259,#4260,#4261,#4262));
#828=EDGE_LOOP('',(#4263,#4264,#4265,#4266,#4267,#4268,#4269,#4270));
#829=EDGE_LOOP('',(#4271,#4272,#4273,#4274));
#830=EDGE_LOOP('',(#4275,#4276,#4277,#4278));
#831=EDGE_LOOP('',(#4279,#4280,#4281,#4282));
#832=EDGE_LOOP('',(#4283,#4284,#4285,#4286));
#833=EDGE_LOOP('',(#4287,#4288,#4289,#4290));
#834=EDGE_LOOP('',(#4291,#4292,#4293,#4294));
#835=EDGE_LOOP('',(#4295,#4296,#4297,#4298));
#836=EDGE_LOOP('',(#4299,#4300,#4301,#4302));
#837=EDGE_LOOP('',(#4303,#4304,#4305,#4306));
#838=EDGE_LOOP('',(#4307,#4308,#4309,#4310));
#839=EDGE_LOOP('',(#4311,#4312,#4313,#4314));
#840=EDGE_LOOP('',(#4315,#4316,#4317,#4318));
#841=EDGE_LOOP('',(#4319,#4320,#4321,#4322));
#842=EDGE_LOOP('',(#4323,#4324,#4325,#4326));
#843=EDGE_LOOP('',(#4327,#4328,#4329,#4330,#4331,#4332,#4333,#4334,#4335,
#4336,#4337,#4338));
#844=EDGE_LOOP('',(#4339,#4340,#4341,#4342));
#845=EDGE_LOOP('',(#4343));
#846=EDGE_LOOP('',(#4344,#4345,#4346,#4347));
#847=EDGE_LOOP('',(#4348,#4349,#4350,#4351));
#848=EDGE_LOOP('',(#4352,#4353,#4354,#4355));
#849=EDGE_LOOP('',(#4356,#4357,#4358,#4359));
#850=EDGE_LOOP('',(#4360,#4361,#4362,#4363));
#851=EDGE_LOOP('',(#4364,#4365,#4366,#4367));
#852=EDGE_LOOP('',(#4368,#4369,#4370,#4371));
#853=EDGE_LOOP('',(#4372,#4373,#4374,#4375));
#854=EDGE_LOOP('',(#4376,#4377,#4378,#4379,#4380,#4381,#4382,#4383,#4384,
#4385,#4386,#4387));
#855=EDGE_LOOP('',(#4388,#4389,#4390,#4391));
#856=EDGE_LOOP('',(#4392,#4393,#4394,#4395));
#857=EDGE_LOOP('',(#4396));
#858=EDGE_LOOP('',(#4397,#4398,#4399,#4400));
#859=EDGE_LOOP('',(#4401,#4402,#4403,#4404));
#860=EDGE_LOOP('',(#4405,#4406,#4407,#4408));
#861=EDGE_LOOP('',(#4409,#4410,#4411,#4412));
#862=EDGE_LOOP('',(#4413,#4414,#4415,#4416));
#863=EDGE_LOOP('',(#4417,#4418,#4419,#4420));
#864=EDGE_LOOP('',(#4421,#4422,#4423,#4424,#4425));
#865=EDGE_LOOP('',(#4426,#4427,#4428,#4429,#4430,#4431));
#866=EDGE_LOOP('',(#4432,#4433,#4434));
#867=EDGE_LOOP('',(#4435,#4436,#4437));
#868=EDGE_LOOP('',(#4438,#4439,#4440));
#869=EDGE_LOOP('',(#4441,#4442,#4443,#4444));
#870=EDGE_LOOP('',(#4445,#4446,#4447,#4448,#4449,#4450,#4451,#4452,#4453,
#4454,#4455,#4456));
#871=EDGE_LOOP('',(#4457,#4458,#4459,#4460,#4461));
#872=EDGE_LOOP('',(#4462,#4463,#4464,#4465,#4466,#4467,#4468,#4469,#4470,
#4471));
#873=EDGE_LOOP('',(#4472,#4473,#4474,#4475));
#874=EDGE_LOOP('',(#4476,#4477,#4478,#4479,#4480,#4481,#4482,#4483,#4484,
#4485));
#875=EDGE_LOOP('',(#4486,#4487,#4488,#4489,#4490,#4491));
#876=EDGE_LOOP('',(#4492,#4493,#4494,#4495,#4496,#4497,#4498,#4499,#4500,
#4501,#4502,#4503));
#877=EDGE_LOOP('',(#4504,#4505,#4506));
#878=EDGE_LOOP('',(#4507,#4508,#4509,#4510,#4511));
#879=EDGE_LOOP('',(#4512,#4513,#4514,#4515,#4516));
#880=EDGE_LOOP('',(#4517,#4518,#4519,#4520));
#881=EDGE_LOOP('',(#4521,#4522,#4523,#4524));
#882=EDGE_LOOP('',(#4525,#4526,#4527,#4528,#4529,#4530));
#883=EDGE_LOOP('',(#4531,#4532,#4533,#4534));
#884=EDGE_LOOP('',(#4535,#4536,#4537,#4538,#4539,#4540));
#885=EDGE_LOOP('',(#4541,#4542,#4543,#4544));
#886=EDGE_LOOP('',(#4545,#4546,#4547,#4548,#4549,#4550,#4551,#4552));
#887=EDGE_LOOP('',(#4553,#4554,#4555,#4556,#4557,#4558,#4559,#4560));
#888=EDGE_LOOP('',(#4561,#4562,#4563,#4564));
#889=EDGE_LOOP('',(#4565,#4566,#4567,#4568,#4569,#4570));
#890=EDGE_LOOP('',(#4571,#4572,#4573,#4574,#4575,#4576));
#891=EDGE_LOOP('',(#4577,#4578,#4579,#4580));
#892=EDGE_LOOP('',(#4581,#4582,#4583,#4584));
#893=EDGE_LOOP('',(#4585,#4586,#4587,#4588));
#894=EDGE_LOOP('',(#4589,#4590,#4591,#4592));
#895=EDGE_LOOP('',(#4593,#4594,#4595,#4596));
#896=EDGE_LOOP('',(#4597,#4598,#4599,#4600,#4601,#4602,#4603,#4604));
#897=EDGE_LOOP('',(#4605,#4606,#4607,#4608));
#898=EDGE_LOOP('',(#4609,#4610,#4611,#4612));
#899=EDGE_LOOP('',(#4613,#4614,#4615,#4616));
#900=EDGE_LOOP('',(#4617,#4618,#4619,#4620));
#901=EDGE_LOOP('',(#4621,#4622,#4623,#4624));
#902=EDGE_LOOP('',(#4625,#4626,#4627,#4628,#4629,#4630,#4631,#4632));
#903=EDGE_LOOP('',(#4633,#4634,#4635,#4636));
#904=EDGE_LOOP('',(#4637,#4638,#4639,#4640));
#905=EDGE_LOOP('',(#4641,#4642,#4643,#4644));
#906=EDGE_LOOP('',(#4645,#4646,#4647,#4648,#4649,#4650,#4651,#4652));
#907=EDGE_LOOP('',(#4653,#4654,#4655,#4656));
#908=EDGE_LOOP('',(#4657,#4658,#4659,#4660));
#909=EDGE_LOOP('',(#4661,#4662,#4663,#4664));
#910=EDGE_LOOP('',(#4665,#4666,#4667,#4668));
#911=EDGE_LOOP('',(#4669,#4670,#4671,#4672));
#912=EDGE_LOOP('',(#4673,#4674,#4675,#4676,#4677,#4678,#4679,#4680));
#913=EDGE_LOOP('',(#4681,#4682,#4683,#4684));
#914=EDGE_LOOP('',(#4685,#4686,#4687,#4688));
#915=EDGE_LOOP('',(#4689,#4690,#4691,#4692));
#916=EDGE_LOOP('',(#4693,#4694,#4695,#4696));
#917=EDGE_LOOP('',(#4697,#4698,#4699,#4700));
#918=EDGE_LOOP('',(#4701,#4702,#4703,#4704));
#919=EDGE_LOOP('',(#4705,#4706,#4707,#4708,#4709,#4710,#4711,#4712));
#920=EDGE_LOOP('',(#4713,#4714,#4715,#4716));
#921=EDGE_LOOP('',(#4717,#4718,#4719,#4720));
#922=EDGE_LOOP('',(#4721,#4722,#4723,#4724,#4725,#4726,#4727,#4728));
#923=EDGE_LOOP('',(#4729,#4730,#4731,#4732));
#924=EDGE_LOOP('',(#4733,#4734,#4735,#4736));
#925=EDGE_LOOP('',(#4737,#4738,#4739,#4740));
#926=EDGE_LOOP('',(#4741,#4742,#4743,#4744));
#927=EDGE_LOOP('',(#4745,#4746,#4747,#4748));
#928=EDGE_LOOP('',(#4749,#4750,#4751,#4752));
#929=EDGE_LOOP('',(#4753,#4754,#4755,#4756));
#930=EDGE_LOOP('',(#4757,#4758,#4759,#4760));
#931=EDGE_LOOP('',(#4761,#4762,#4763,#4764));
#932=EDGE_LOOP('',(#4765,#4766,#4767,#4768));
#933=EDGE_LOOP('',(#4769,#4770,#4771,#4772));
#934=EDGE_LOOP('',(#4773,#4774,#4775,#4776));
#935=EDGE_LOOP('',(#4777,#4778,#4779,#4780));
#936=LINE('',#6799,#1493);
#937=LINE('',#6801,#1494);
#938=LINE('',#6803,#1495);
#939=LINE('',#6805,#1496);
#940=LINE('',#6807,#1497);
#941=LINE('',#6809,#1498);
#942=LINE('',#6811,#1499);
#943=LINE('',#6813,#1500);
#944=LINE('',#6815,#1501);
#945=LINE('',#6816,#1502);
#946=LINE('',#6928,#1503);
#947=LINE('',#6930,#1504);
#948=LINE('',#6931,#1505);
#949=LINE('',#6934,#1506);
#950=LINE('',#6935,#1507);
#951=LINE('',#6938,#1508);
#952=LINE('',#6939,#1509);
#953=LINE('',#6942,#1510);
#954=LINE('',#6943,#1511);
#955=LINE('',#6946,#1512);
#956=LINE('',#6947,#1513);
#957=LINE('',#6959,#1514);
#958=LINE('',#6966,#1515);
#959=LINE('',#6978,#1516);
#960=LINE('',#6995,#1517);
#961=LINE('',#7012,#1518);
#962=LINE('',#7029,#1519);
#963=LINE('',#7036,#1520);
#964=LINE('',#7048,#1521);
#965=LINE('',#7065,#1522);
#966=LINE('',#7082,#1523);
#967=LINE('',#7099,#1524);
#968=LINE('',#7121,#1525);
#969=LINE('',#7138,#1526);
#970=LINE('',#7155,#1527);
#971=LINE('',#7187,#1528);
#972=LINE('',#7204,#1529);
#973=LINE('',#7221,#1530);
#974=LINE('',#7238,#1531);
#975=LINE('',#7256,#1532);
#976=LINE('',#7257,#1533);
#977=LINE('',#7260,#1534);
#978=LINE('',#7261,#1535);
#979=LINE('',#7264,#1536);
#980=LINE('',#7265,#1537);
#981=LINE('',#7268,#1538);
#982=LINE('',#7269,#1539);
#983=LINE('',#7271,#1540);
#984=LINE('',#7277,#1541);
#985=LINE('',#7281,#1542);
#986=LINE('',#7283,#1543);
#987=LINE('',#7285,#1544);
#988=LINE('',#7287,#1545);
#989=LINE('',#7289,#1546);
#990=LINE('',#7293,#1547);
#991=LINE('',#7296,#1548);
#992=LINE('',#7299,#1549);
#993=LINE('',#7301,#1550);
#994=LINE('',#7303,#1551);
#995=LINE('',#7304,#1552);
#996=LINE('',#7307,#1553);
#997=LINE('',#7309,#1554);
#998=LINE('',#7311,#1555);
#999=LINE('',#7312,#1556);
#1000=LINE('',#7315,#1557);
#1001=LINE('',#7318,#1558);
#1002=LINE('',#7321,#1559);
#1003=LINE('',#7325,#1560);
#1004=LINE('',#7329,#1561);
#1005=LINE('',#7331,#1562);
#1006=LINE('',#7333,#1563);
#1007=LINE('',#7335,#1564);
#1008=LINE('',#7337,#1565);
#1009=LINE('',#7339,#1566);
#1010=LINE('',#7341,#1567);
#1011=LINE('',#7344,#1568);
#1012=LINE('',#7347,#1569);
#1013=LINE('',#7349,#1570);
#1014=LINE('',#7351,#1571);
#1015=LINE('',#7352,#1572);
#1016=LINE('',#7354,#1573);
#1017=LINE('',#7356,#1574);
#1018=LINE('',#7362,#1575);
#1019=LINE('',#7365,#1576);
#1020=LINE('',#7368,#1577);
#1021=LINE('',#7372,#1578);
#1022=LINE('',#7376,#1579);
#1023=LINE('',#7378,#1580);
#1024=LINE('',#7380,#1581);
#1025=LINE('',#7382,#1582);
#1026=LINE('',#7384,#1583);
#1027=LINE('',#7386,#1584);
#1028=LINE('',#7388,#1585);
#1029=LINE('',#7391,#1586);
#1030=LINE('',#7394,#1587);
#1031=LINE('',#7396,#1588);
#1032=LINE('',#7398,#1589);
#1033=LINE('',#7399,#1590);
#1034=LINE('',#7402,#1591);
#1035=LINE('',#7403,#1592);
#1036=LINE('',#7407,#1593);
#1037=LINE('',#7411,#1594);
#1038=LINE('',#7413,#1595);
#1039=LINE('',#7415,#1596);
#1040=LINE('',#7416,#1597);
#1041=LINE('',#7419,#1598);
#1042=LINE('',#7421,#1599);
#1043=LINE('',#7422,#1600);
#1044=LINE('',#7425,#1601);
#1045=LINE('',#7427,#1602);
#1046=LINE('',#7428,#1603);
#1047=LINE('',#7430,#1604);
#1048=LINE('',#7431,#1605);
#1049=LINE('',#7434,#1606);
#1050=LINE('',#7436,#1607);
#1051=LINE('',#7437,#1608);
#1052=LINE('',#7441,#1609);
#1053=LINE('',#7443,#1610);
#1054=LINE('',#7445,#1611);
#1055=LINE('',#7446,#1612);
#1056=LINE('',#7450,#1613);
#1057=LINE('',#7451,#1614);
#1058=LINE('',#7452,#1615);
#1059=LINE('',#7455,#1616);
#1060=LINE('',#7457,#1617);
#1061=LINE('',#7459,#1618);
#1062=LINE('',#7460,#1619);
#1063=LINE('',#7463,#1620);
#1064=LINE('',#7465,#1621);
#1065=LINE('',#7466,#1622);
#1066=LINE('',#7469,#1623);
#1067=LINE('',#7470,#1624);
#1068=LINE('',#7471,#1625);
#1069=LINE('',#7474,#1626);
#1070=LINE('',#7476,#1627);
#1071=LINE('',#7478,#1628);
#1072=LINE('',#7479,#1629);
#1073=LINE('',#7481,#1630);
#1074=LINE('',#7483,#1631);
#1075=LINE('',#7484,#1632);
#1076=LINE('',#7486,#1633);
#1077=LINE('',#7488,#1634);
#1078=LINE('',#7489,#1635);
#1079=LINE('',#7492,#1636);
#1080=LINE('',#7494,#1637);
#1081=LINE('',#7495,#1638);
#1082=LINE('',#7498,#1639);
#1083=LINE('',#7500,#1640);
#1084=LINE('',#7501,#1641);
#1085=LINE('',#7504,#1642);
#1086=LINE('',#7506,#1643);
#1087=LINE('',#7507,#1644);
#1088=LINE('',#7510,#1645);
#1089=LINE('',#7512,#1646);
#1090=LINE('',#7513,#1647);
#1091=LINE('',#7517,#1648);
#1092=LINE('',#7519,#1649);
#1093=LINE('',#7521,#1650);
#1094=LINE('',#7523,#1651);
#1095=LINE('',#7524,#1652);
#1096=LINE('',#7525,#1653);
#1097=LINE('',#7526,#1654);
#1098=LINE('',#7527,#1655);
#1099=LINE('',#7529,#1656);
#1100=LINE('',#7531,#1657);
#1101=LINE('',#7532,#1658);
#1102=LINE('',#7533,#1659);
#1103=LINE('',#7536,#1660);
#1104=LINE('',#7537,#1661);
#1105=LINE('',#7538,#1662);
#1106=LINE('',#7539,#1663);
#1107=LINE('',#7541,#1664);
#1108=LINE('',#7542,#1665);
#1109=LINE('',#7545,#1666);
#1110=LINE('',#7546,#1667);
#1111=LINE('',#7548,#1668);
#1112=LINE('',#7550,#1669);
#1113=LINE('',#7552,#1670);
#1114=LINE('',#7554,#1671);
#1115=LINE('',#7555,#1672);
#1116=LINE('',#7558,#1673);
#1117=LINE('',#7559,#1674);
#1118=LINE('',#7561,#1675);
#1119=LINE('',#7563,#1676);
#1120=LINE('',#7565,#1677);
#1121=LINE('',#7569,#1678);
#1122=LINE('',#7571,#1679);
#1123=LINE('',#7572,#1680);
#1124=LINE('',#7574,#1681);
#1125=LINE('',#7575,#1682);
#1126=LINE('',#7578,#1683);
#1127=LINE('',#7579,#1684);
#1128=LINE('',#7581,#1685);
#1129=LINE('',#7584,#1686);
#1130=LINE('',#7585,#1687);
#1131=LINE('',#7587,#1688);
#1132=LINE('',#7589,#1689);
#1133=LINE('',#7592,#1690);
#1134=LINE('',#7596,#1691);
#1135=LINE('',#7599,#1692);
#1136=LINE('',#7601,#1693);
#1137=LINE('',#7602,#1694);
#1138=LINE('',#7604,#1695);
#1139=LINE('',#7608,#1696);
#1140=LINE('',#7609,#1697);
#1141=LINE('',#7611,#1698);
#1142=LINE('',#7614,#1699);
#1143=LINE('',#7616,#1700);
#1144=LINE('',#7617,#1701);
#1145=LINE('',#7618,#1702);
#1146=LINE('',#7625,#1703);
#1147=LINE('',#7626,#1704);
#1148=LINE('',#7628,#1705);
#1149=LINE('',#7630,#1706);
#1150=LINE('',#7631,#1707);
#1151=LINE('',#7634,#1708);
#1152=LINE('',#7635,#1709);
#1153=LINE('',#7637,#1710);
#1154=LINE('',#7657,#1711);
#1155=LINE('',#7664,#1712);
#1156=LINE('',#7682,#1713);
#1157=LINE('',#7728,#1714);
#1158=LINE('',#7751,#1715);
#1159=LINE('',#7774,#1716);
#1160=LINE('',#7797,#1717);
#1161=LINE('',#7820,#1718);
#1162=LINE('',#7860,#1719);
#1163=LINE('',#7868,#1720);
#1164=LINE('',#7870,#1721);
#1165=LINE('',#7871,#1722);
#1166=LINE('',#7874,#1723);
#1167=LINE('',#7876,#1724);
#1168=LINE('',#7877,#1725);
#1169=LINE('',#7911,#1726);
#1170=LINE('',#7934,#1727);
#1171=LINE('',#7957,#1728);
#1172=LINE('',#7980,#1729);
#1173=LINE('',#8003,#1730);
#1174=LINE('',#8043,#1731);
#1175=LINE('',#8066,#1732);
#1176=LINE('',#8091,#1733);
#1177=LINE('',#8093,#1734);
#1178=LINE('',#8095,#1735);
#1179=LINE('',#8096,#1736);
#1180=LINE('',#8099,#1737);
#1181=LINE('',#8101,#1738);
#1182=LINE('',#8102,#1739);
#1183=LINE('',#8105,#1740);
#1184=LINE('',#8107,#1741);
#1185=LINE('',#8108,#1742);
#1186=LINE('',#8111,#1743);
#1187=LINE('',#8113,#1744);
#1188=LINE('',#8114,#1745);
#1189=LINE('',#8117,#1746);
#1190=LINE('',#8119,#1747);
#1191=LINE('',#8120,#1748);
#1192=LINE('',#8123,#1749);
#1193=LINE('',#8125,#1750);
#1194=LINE('',#8126,#1751);
#1195=LINE('',#8129,#1752);
#1196=LINE('',#8131,#1753);
#1197=LINE('',#8132,#1754);
#1198=LINE('',#8135,#1755);
#1199=LINE('',#8137,#1756);
#1200=LINE('',#8138,#1757);
#1201=LINE('',#8141,#1758);
#1202=LINE('',#8143,#1759);
#1203=LINE('',#8144,#1760);
#1204=LINE('',#8146,#1761);
#1205=LINE('',#8147,#1762);
#1206=LINE('',#8152,#1763);
#1207=LINE('',#8154,#1764);
#1208=LINE('',#8156,#1765);
#1209=LINE('',#8157,#1766);
#1210=LINE('',#8160,#1767);
#1211=LINE('',#8162,#1768);
#1212=LINE('',#8163,#1769);
#1213=LINE('',#8166,#1770);
#1214=LINE('',#8168,#1771);
#1215=LINE('',#8169,#1772);
#1216=LINE('',#8171,#1773);
#1217=LINE('',#8172,#1774);
#1218=LINE('',#8192,#1775);
#1219=LINE('',#8199,#1776);
#1220=LINE('',#8217,#1777);
#1221=LINE('',#8240,#1778);
#1222=LINE('',#8263,#1779);
#1223=LINE('',#8286,#1780);
#1224=LINE('',#8309,#1781);
#1225=LINE('',#8332,#1782);
#1226=LINE('',#8340,#1783);
#1227=LINE('',#8342,#1784);
#1228=LINE('',#8343,#1785);
#1229=LINE('',#8361,#1786);
#1230=LINE('',#8411,#1787);
#1231=LINE('',#8433,#1788);
#1232=LINE('',#8461,#1789);
#1233=LINE('',#8478,#1790);
#1234=LINE('',#8495,#1791);
#1235=LINE('',#8512,#1792);
#1236=LINE('',#8529,#1793);
#1237=LINE('',#8546,#1794);
#1238=LINE('',#8549,#1795);
#1239=LINE('',#8550,#1796);
#1240=LINE('',#8569,#1797);
#1241=LINE('',#8571,#1798);
#1242=LINE('',#8573,#1799);
#1243=LINE('',#8574,#1800);
#1244=LINE('',#8577,#1801);
#1245=LINE('',#8579,#1802);
#1246=LINE('',#8580,#1803);
#1247=LINE('',#8583,#1804);
#1248=LINE('',#8585,#1805);
#1249=LINE('',#8586,#1806);
#1250=LINE('',#8588,#1807);
#1251=LINE('',#8589,#1808);
#1252=LINE('',#8596,#1809);
#1253=LINE('',#8599,#1810);
#1254=LINE('',#8605,#1811);
#1255=LINE('',#8609,#1812);
#1256=LINE('',#8613,#1813);
#1257=LINE('',#8616,#1814);
#1258=LINE('',#8619,#1815);
#1259=LINE('',#8621,#1816);
#1260=LINE('',#8623,#1817);
#1261=LINE('',#8624,#1818);
#1262=LINE('',#8630,#1819);
#1263=LINE('',#8633,#1820);
#1264=LINE('',#8636,#1821);
#1265=LINE('',#8639,#1822);
#1266=LINE('',#8642,#1823);
#1267=LINE('',#8646,#1824);
#1268=LINE('',#8649,#1825);
#1269=LINE('',#8650,#1826);
#1270=LINE('',#8653,#1827);
#1271=LINE('',#8655,#1828);
#1272=LINE('',#8657,#1829);
#1273=LINE('',#8658,#1830);
#1274=LINE('',#8661,#1831);
#1275=LINE('',#8664,#1832);
#1276=LINE('',#8666,#1833);
#1277=LINE('',#8668,#1834);
#1278=LINE('',#8671,#1835);
#1279=LINE('',#8672,#1836);
#1280=LINE('',#8675,#1837);
#1281=LINE('',#8676,#1838);
#1282=LINE('',#8679,#1839);
#1283=LINE('',#8680,#1840);
#1284=LINE('',#8683,#1841);
#1285=LINE('',#8685,#1842);
#1286=LINE('',#8686,#1843);
#1287=LINE('',#8689,#1844);
#1288=LINE('',#8690,#1845);
#1289=LINE('',#8693,#1846);
#1290=LINE('',#8694,#1847);
#1291=LINE('',#8696,#1848);
#1292=LINE('',#8700,#1849);
#1293=LINE('',#8702,#1850);
#1294=LINE('',#8703,#1851);
#1295=LINE('',#8706,#1852);
#1296=LINE('',#8707,#1853);
#1297=LINE('',#8710,#1854);
#1298=LINE('',#8711,#1855);
#1299=LINE('',#8713,#1856);
#1300=LINE('',#8716,#1857);
#1301=LINE('',#8717,#1858);
#1302=LINE('',#8720,#1859);
#1303=LINE('',#8722,#1860);
#1304=LINE('',#8724,#1861);
#1305=LINE('',#8725,#1862);
#1306=LINE('',#8728,#1863);
#1307=LINE('',#8730,#1864);
#1308=LINE('',#8731,#1865);
#1309=LINE('',#8736,#1866);
#1310=LINE('',#8740,#1867);
#1311=LINE('',#8744,#1868);
#1312=LINE('',#8749,#1869);
#1313=LINE('',#8751,#1870);
#1314=LINE('',#8753,#1871);
#1315=LINE('',#8754,#1872);
#1316=LINE('',#8759,#1873);
#1317=LINE('',#8764,#1874);
#1318=LINE('',#8766,#1875);
#1319=LINE('',#8768,#1876);
#1320=LINE('',#8769,#1877);
#1321=LINE('',#8779,#1878);
#1322=LINE('',#8781,#1879);
#1323=LINE('',#8783,#1880);
#1324=LINE('',#8784,#1881);
#1325=LINE('',#8787,#1882);
#1326=LINE('',#8789,#1883);
#1327=LINE('',#8791,#1884);
#1328=LINE('',#8792,#1885);
#1329=LINE('',#8795,#1886);
#1330=LINE('',#8797,#1887);
#1331=LINE('',#8799,#1888);
#1332=LINE('',#8800,#1889);
#1333=LINE('',#8802,#1890);
#1334=LINE('',#8804,#1891);
#1335=LINE('',#8805,#1892);
#1336=LINE('',#8809,#1893);
#1337=LINE('',#8810,#1894);
#1338=LINE('',#8811,#1895);
#1339=LINE('',#8815,#1896);
#1340=LINE('',#8816,#1897);
#1341=LINE('',#8817,#1898);
#1342=LINE('',#8820,#1899);
#1343=LINE('',#8821,#1900);
#1344=LINE('',#8825,#1901);
#1345=LINE('',#8826,#1902);
#1346=LINE('',#8827,#1903);
#1347=LINE('',#8830,#1904);
#1348=LINE('',#8831,#1905);
#1349=LINE('',#8833,#1906);
#1350=LINE('',#8835,#1907);
#1351=LINE('',#8836,#1908);
#1352=LINE('',#8839,#1909);
#1353=LINE('',#8840,#1910);
#1354=LINE('',#8842,#1911);
#1355=LINE('',#8844,#1912);
#1356=LINE('',#8846,#1913);
#1357=LINE('',#8850,#1914);
#1358=LINE('',#8851,#1915);
#1359=LINE('',#8853,#1916);
#1360=LINE('',#8856,#1917);
#1361=LINE('',#8857,#1918);
#1362=LINE('',#8859,#1919);
#1363=LINE('',#8860,#1920);
#1364=LINE('',#8861,#1921);
#1365=LINE('',#8869,#1922);
#1366=LINE('',#8873,#1923);
#1367=LINE('',#8883,#1924);
#1368=LINE('',#8887,#1925);
#1369=LINE('',#8905,#1926);
#1370=LINE('',#8907,#1927);
#1371=LINE('',#8912,#1928);
#1372=LINE('',#8914,#1929);
#1373=LINE('',#8921,#1930);
#1374=LINE('',#8922,#1931);
#1375=LINE('',#8926,#1932);
#1376=LINE('',#8928,#1933);
#1377=LINE('',#8930,#1934);
#1378=LINE('',#8931,#1935);
#1379=LINE('',#8935,#1936);
#1380=LINE('',#8938,#1937);
#1381=LINE('',#8939,#1938);
#1382=LINE('',#8941,#1939);
#1383=LINE('',#8943,#1940);
#1384=LINE('',#8945,#1941);
#1385=LINE('',#8947,#1942);
#1386=LINE('',#8952,#1943);
#1387=LINE('',#8961,#1944);
#1388=LINE('',#8965,#1945);
#1389=LINE('',#8968,#1946);
#1390=LINE('',#8970,#1947);
#1391=LINE('',#8973,#1948);
#1392=LINE('',#8976,#1949);
#1393=LINE('',#8978,#1950);
#1394=LINE('',#8979,#1951);
#1395=LINE('',#8983,#1952);
#1396=LINE('',#8985,#1953);
#1397=LINE('',#8989,#1954);
#1398=LINE('',#8991,#1955);
#1399=LINE('',#8993,#1956);
#1400=LINE('',#8999,#1957);
#1401=LINE('',#9016,#1958);
#1402=LINE('',#9019,#1959);
#1403=LINE('',#9020,#1960);
#1404=LINE('',#9022,#1961);
#1405=LINE('',#9023,#1962);
#1406=LINE('',#9027,#1963);
#1407=LINE('',#9029,#1964);
#1408=LINE('',#9030,#1965);
#1409=LINE('',#9032,#1966);
#1410=LINE('',#9033,#1967);
#1411=LINE('',#9035,#1968);
#1412=LINE('',#9037,#1969);
#1413=LINE('',#9085,#1970);
#1414=LINE('',#9086,#1971);
#1415=LINE('',#9088,#1972);
#1416=LINE('',#9090,#1973);
#1417=LINE('',#9098,#1974);
#1418=LINE('',#9100,#1975);
#1419=LINE('',#9102,#1976);
#1420=LINE('',#9103,#1977);
#1421=LINE('',#9106,#1978);
#1422=LINE('',#9108,#1979);
#1423=LINE('',#9109,#1980);
#1424=LINE('',#9112,#1981);
#1425=LINE('',#9116,#1982);
#1426=LINE('',#9120,#1983);
#1427=LINE('',#9124,#1984);
#1428=LINE('',#9127,#1985);
#1429=LINE('',#9132,#1986);
#1430=LINE('',#9133,#1987);
#1431=LINE('',#9137,#1988);
#1432=LINE('',#9139,#1989);
#1433=LINE('',#9141,#1990);
#1434=LINE('',#9143,#1991);
#1435=LINE('',#9148,#1992);
#1436=LINE('',#9150,#1993);
#1437=LINE('',#9152,#1994);
#1438=LINE('',#9153,#1995);
#1439=LINE('',#9156,#1996);
#1440=LINE('',#9158,#1997);
#1441=LINE('',#9159,#1998);
#1442=LINE('',#9162,#1999);
#1443=LINE('',#9166,#2000);
#1444=LINE('',#9170,#2001);
#1445=LINE('',#9174,#2002);
#1446=LINE('',#9177,#2003);
#1447=LINE('',#9182,#2004);
#1448=LINE('',#9183,#2005);
#1449=LINE('',#9187,#2006);
#1450=LINE('',#9189,#2007);
#1451=LINE('',#9191,#2008);
#1452=LINE('',#9193,#2009);
#1453=LINE('',#9198,#2010);
#1454=LINE('',#9200,#2011);
#1455=LINE('',#9202,#2012);
#1456=LINE('',#9203,#2013);
#1457=LINE('',#9207,#2014);
#1458=LINE('',#9209,#2015);
#1459=LINE('',#9211,#2016);
#1460=LINE('',#9212,#2017);
#1461=LINE('',#9217,#2018);
#1462=LINE('',#9224,#2019);
#1463=LINE('',#9230,#2020);
#1464=LINE('',#9232,#2021);
#1465=LINE('',#9233,#2022);
#1466=LINE('',#9236,#2023);
#1467=LINE('',#9237,#2024);
#1468=LINE('',#9240,#2025);
#1469=LINE('',#9241,#2026);
#1470=LINE('',#9243,#2027);
#1471=LINE('',#9249,#2028);
#1472=LINE('',#9251,#2029);
#1473=LINE('',#9253,#2030);
#1474=LINE('',#9254,#2031);
#1475=LINE('',#9257,#2032);
#1476=LINE('',#9259,#2033);
#1477=LINE('',#9260,#2034);
#1478=LINE('',#9263,#2035);
#1479=LINE('',#9265,#2036);
#1480=LINE('',#9266,#2037);
#1481=LINE('',#9268,#2038);
#1482=LINE('',#9269,#2039);
#1483=LINE('',#9273,#2040);
#1484=LINE('',#9275,#2041);
#1485=LINE('',#9277,#2042);
#1486=LINE('',#9278,#2043);
#1487=LINE('',#9281,#2044);
#1488=LINE('',#9283,#2045);
#1489=LINE('',#9284,#2046);
#1490=LINE('',#9287,#2047);
#1491=LINE('',#9291,#2048);
#1492=LINE('',#9292,#2049);
#1493=VECTOR('',#5611,10.);
#1494=VECTOR('',#5612,10.);
#1495=VECTOR('',#5613,10.);
#1496=VECTOR('',#5614,10.);
#1497=VECTOR('',#5615,10.);
#1498=VECTOR('',#5616,10.);
#1499=VECTOR('',#5617,10.);
#1500=VECTOR('',#5618,10.);
#1501=VECTOR('',#5619,10.);
#1502=VECTOR('',#5620,10.);
#1503=VECTOR('',#5625,10.);
#1504=VECTOR('',#5626,10.);
#1505=VECTOR('',#5627,10.);
#1506=VECTOR('',#5630,10.);
#1507=VECTOR('',#5631,10.);
#1508=VECTOR('',#5634,10.);
#1509=VECTOR('',#5635,10.);
#1510=VECTOR('',#5638,10.);
#1511=VECTOR('',#5639,10.);
#1512=VECTOR('',#5642,10.);
#1513=VECTOR('',#5643,10.);
#1514=VECTOR('',#5644,10.);
#1515=VECTOR('',#5645,10.);
#1516=VECTOR('',#5646,10.);
#1517=VECTOR('',#5647,10.);
#1518=VECTOR('',#5648,10.);
#1519=VECTOR('',#5649,10.);
#1520=VECTOR('',#5650,10.);
#1521=VECTOR('',#5651,10.);
#1522=VECTOR('',#5652,10.);
#1523=VECTOR('',#5653,10.);
#1524=VECTOR('',#5654,10.);
#1525=VECTOR('',#5655,10.);
#1526=VECTOR('',#5656,10.);
#1527=VECTOR('',#5657,10.);
#1528=VECTOR('',#5658,10.);
#1529=VECTOR('',#5659,10.);
#1530=VECTOR('',#5660,10.);
#1531=VECTOR('',#5661,10.);
#1532=VECTOR('',#5664,10.);
#1533=VECTOR('',#5665,10.);
#1534=VECTOR('',#5668,10.);
#1535=VECTOR('',#5669,10.);
#1536=VECTOR('',#5672,10.);
#1537=VECTOR('',#5673,10.);
#1538=VECTOR('',#5676,10.);
#1539=VECTOR('',#5677,10.);
#1540=VECTOR('',#5680,10.);
#1541=VECTOR('',#5685,10.);
#1542=VECTOR('',#5688,10.);
#1543=VECTOR('',#5689,1000.);
#1544=VECTOR('',#5690,1000.);
#1545=VECTOR('',#5691,1000.);
#1546=VECTOR('',#5692,10.);
#1547=VECTOR('',#5695,10.);
#1548=VECTOR('',#5698,10.);
#1549=VECTOR('',#5699,10.);
#1550=VECTOR('',#5700,10.);
#1551=VECTOR('',#5701,10.);
#1552=VECTOR('',#5702,10.);
#1553=VECTOR('',#5703,10.);
#1554=VECTOR('',#5704,10.);
#1555=VECTOR('',#5705,10.);
#1556=VECTOR('',#5706,10.);
#1557=VECTOR('',#5709,10.);
#1558=VECTOR('',#5712,10.);
#1559=VECTOR('',#5715,10.);
#1560=VECTOR('',#5718,10.);
#1561=VECTOR('',#5721,10.);
#1562=VECTOR('',#5722,10.);
#1563=VECTOR('',#5723,10.);
#1564=VECTOR('',#5724,10.);
#1565=VECTOR('',#5725,10.);
#1566=VECTOR('',#5726,10.);
#1567=VECTOR('',#5727,10.);
#1568=VECTOR('',#5730,10.);
#1569=VECTOR('',#5731,10.);
#1570=VECTOR('',#5732,10.);
#1571=VECTOR('',#5733,10.);
#1572=VECTOR('',#5734,10.);
#1573=VECTOR('',#5737,10.);
#1574=VECTOR('',#5740,10.);
#1575=VECTOR('',#5745,10.);
#1576=VECTOR('',#5748,10.);
#1577=VECTOR('',#5751,10.);
#1578=VECTOR('',#5754,10.);
#1579=VECTOR('',#5757,10.);
#1580=VECTOR('',#5758,10.);
#1581=VECTOR('',#5759,10.);
#1582=VECTOR('',#5760,10.);
#1583=VECTOR('',#5761,10.);
#1584=VECTOR('',#5762,10.);
#1585=VECTOR('',#5763,10.);
#1586=VECTOR('',#5766,10.);
#1587=VECTOR('',#5767,10.);
#1588=VECTOR('',#5768,10.);
#1589=VECTOR('',#5769,10.);
#1590=VECTOR('',#5770,10.);
#1591=VECTOR('',#5773,10.);
#1592=VECTOR('',#5774,10.);
#1593=VECTOR('',#5779,10.);
#1594=VECTOR('',#5782,10.);
#1595=VECTOR('',#5783,10.);
#1596=VECTOR('',#5784,1000.);
#1597=VECTOR('',#5785,10.);
#1598=VECTOR('',#5788,10.);
#1599=VECTOR('',#5789,1000.);
#1600=VECTOR('',#5790,10.);
#1601=VECTOR('',#5793,10.);
#1602=VECTOR('',#5794,1000.);
#1603=VECTOR('',#5795,10.);
#1604=VECTOR('',#5798,10.);
#1605=VECTOR('',#5799,1000.);
#1606=VECTOR('',#5802,10.);
#1607=VECTOR('',#5803,10.);
#1608=VECTOR('',#5804,10.);
#1609=VECTOR('',#5807,10.);
#1610=VECTOR('',#5808,10.);
#1611=VECTOR('',#5809,10.);
#1612=VECTOR('',#5810,10.);
#1613=VECTOR('',#5813,10.);
#1614=VECTOR('',#5814,10.);
#1615=VECTOR('',#5815,10.);
#1616=VECTOR('',#5818,10.);
#1617=VECTOR('',#5819,10.);
#1618=VECTOR('',#5820,10.);
#1619=VECTOR('',#5821,10.);
#1620=VECTOR('',#5824,10.);
#1621=VECTOR('',#5825,10.);
#1622=VECTOR('',#5826,10.);
#1623=VECTOR('',#5829,10.);
#1624=VECTOR('',#5830,10.);
#1625=VECTOR('',#5831,10.);
#1626=VECTOR('',#5836,10.);
#1627=VECTOR('',#5837,10.);
#1628=VECTOR('',#5838,10.);
#1629=VECTOR('',#5839,10.);
#1630=VECTOR('',#5842,10.);
#1631=VECTOR('',#5843,10.);
#1632=VECTOR('',#5844,10.);
#1633=VECTOR('',#5847,10.);
#1634=VECTOR('',#5848,10.);
#1635=VECTOR('',#5849,10.);
#1636=VECTOR('',#5852,10.);
#1637=VECTOR('',#5853,10.);
#1638=VECTOR('',#5854,10.);
#1639=VECTOR('',#5857,10.);
#1640=VECTOR('',#5858,10.);
#1641=VECTOR('',#5859,10.);
#1642=VECTOR('',#5862,10.);
#1643=VECTOR('',#5863,10.);
#1644=VECTOR('',#5864,10.);
#1645=VECTOR('',#5867,10.);
#1646=VECTOR('',#5868,10.);
#1647=VECTOR('',#5869,10.);
#1648=VECTOR('',#5872,10.);
#1649=VECTOR('',#5873,10.);
#1650=VECTOR('',#5874,10.);
#1651=VECTOR('',#5875,10.);
#1652=VECTOR('',#5876,10.);
#1653=VECTOR('',#5877,10.);
#1654=VECTOR('',#5878,10.);
#1655=VECTOR('',#5879,10.);
#1656=VECTOR('',#5880,10.);
#1657=VECTOR('',#5881,10.);
#1658=VECTOR('',#5882,10.);
#1659=VECTOR('',#5883,10.);
#1660=VECTOR('',#5886,10.);
#1661=VECTOR('',#5887,10.);
#1662=VECTOR('',#5888,10.);
#1663=VECTOR('',#5889,10.);
#1664=VECTOR('',#5890,10.);
#1665=VECTOR('',#5891,10.);
#1666=VECTOR('',#5894,10.);
#1667=VECTOR('',#5895,10.);
#1668=VECTOR('',#5898,10.);
#1669=VECTOR('',#5901,10.);
#1670=VECTOR('',#5904,10.);
#1671=VECTOR('',#5905,10.);
#1672=VECTOR('',#5906,10.);
#1673=VECTOR('',#5909,10.);
#1674=VECTOR('',#5910,10.);
#1675=VECTOR('',#5913,10.);
#1676=VECTOR('',#5916,10.);
#1677=VECTOR('',#5919,10.);
#1678=VECTOR('',#5924,10.);
#1679=VECTOR('',#5925,10.);
#1680=VECTOR('',#5926,10.);
#1681=VECTOR('',#5929,10.);
#1682=VECTOR('',#5930,10.);
#1683=VECTOR('',#5933,10.);
#1684=VECTOR('',#5934,10.);
#1685=VECTOR('',#5937,10.);
#1686=VECTOR('',#5940,10.);
#1687=VECTOR('',#5941,10.);
#1688=VECTOR('',#5944,10.);
#1689=VECTOR('',#5947,10.);
#1690=VECTOR('',#5952,10.);
#1691=VECTOR('',#5957,10.);
#1692=VECTOR('',#5960,10.);
#1693=VECTOR('',#5963,10.);
#1694=VECTOR('',#5964,10.);
#1695=VECTOR('',#5967,10.);
#1696=VECTOR('',#5972,10.);
#1697=VECTOR('',#5973,10.);
#1698=VECTOR('',#5976,10.);
#1699=VECTOR('',#5979,10.);
#1700=VECTOR('',#5980,10.);
#1701=VECTOR('',#5981,10.);
#1702=VECTOR('',#5982,10.);
#1703=VECTOR('',#5993,1000.);
#1704=VECTOR('',#5994,1000.);
#1705=VECTOR('',#5997,1000.);
#1706=VECTOR('',#5998,1000.);
#1707=VECTOR('',#5999,1000.);
#1708=VECTOR('',#6002,1000.);
#1709=VECTOR('',#6003,10.);
#1710=VECTOR('',#6006,10.);
#1711=VECTOR('',#6009,10.);
#1712=VECTOR('',#6010,10.);
#1713=VECTOR('',#6011,10.);
#1714=VECTOR('',#6012,10.);
#1715=VECTOR('',#6013,10.);
#1716=VECTOR('',#6014,10.);
#1717=VECTOR('',#6015,10.);
#1718=VECTOR('',#6016,10.);
#1719=VECTOR('',#6017,10.);
#1720=VECTOR('',#6020,10.);
#1721=VECTOR('',#6021,10.);
#1722=VECTOR('',#6022,10.);
#1723=VECTOR('',#6025,9.99999999999999);
#1724=VECTOR('',#6026,9.99999999999999);
#1725=VECTOR('',#6027,10.);
#1726=VECTOR('',#6028,10.);
#1727=VECTOR('',#6029,10.);
#1728=VECTOR('',#6030,10.);
#1729=VECTOR('',#6031,10.);
#1730=VECTOR('',#6032,10.);
#1731=VECTOR('',#6033,10.);
#1732=VECTOR('',#6034,10.);
#1733=VECTOR('',#6039,10.);
#1734=VECTOR('',#6040,10.);
#1735=VECTOR('',#6041,10.);
#1736=VECTOR('',#6042,10.);
#1737=VECTOR('',#6045,10.);
#1738=VECTOR('',#6046,10.);
#1739=VECTOR('',#6047,10.);
#1740=VECTOR('',#6050,10.);
#1741=VECTOR('',#6051,10.);
#1742=VECTOR('',#6052,10.);
#1743=VECTOR('',#6055,10.);
#1744=VECTOR('',#6056,10.);
#1745=VECTOR('',#6057,10.);
#1746=VECTOR('',#6060,10.);
#1747=VECTOR('',#6061,10.);
#1748=VECTOR('',#6062,10.);
#1749=VECTOR('',#6065,10.);
#1750=VECTOR('',#6066,10.);
#1751=VECTOR('',#6067,10.);
#1752=VECTOR('',#6070,10.);
#1753=VECTOR('',#6071,10.);
#1754=VECTOR('',#6072,10.);
#1755=VECTOR('',#6075,10.);
#1756=VECTOR('',#6076,10.);
#1757=VECTOR('',#6077,10.);
#1758=VECTOR('',#6080,10.);
#1759=VECTOR('',#6081,10.);
#1760=VECTOR('',#6082,10.);
#1761=VECTOR('',#6085,10.);
#1762=VECTOR('',#6086,10.);
#1763=VECTOR('',#6091,10.);
#1764=VECTOR('',#6092,10.);
#1765=VECTOR('',#6093,10.);
#1766=VECTOR('',#6094,10.);
#1767=VECTOR('',#6097,10.);
#1768=VECTOR('',#6098,10.);
#1769=VECTOR('',#6099,10.);
#1770=VECTOR('',#6102,10.);
#1771=VECTOR('',#6103,10.);
#1772=VECTOR('',#6104,10.);
#1773=VECTOR('',#6107,10.);
#1774=VECTOR('',#6108,10.);
#1775=VECTOR('',#6111,10.);
#1776=VECTOR('',#6112,10.);
#1777=VECTOR('',#6113,10.);
#1778=VECTOR('',#6114,10.);
#1779=VECTOR('',#6115,10.);
#1780=VECTOR('',#6116,10.);
#1781=VECTOR('',#6117,10.);
#1782=VECTOR('',#6118,10.);
#1783=VECTOR('',#6121,10.);
#1784=VECTOR('',#6122,10.);
#1785=VECTOR('',#6123,10.);
#1786=VECTOR('',#6124,10.);
#1787=VECTOR('',#6127,10.);
#1788=VECTOR('',#6128,10.);
#1789=VECTOR('',#6129,10.);
#1790=VECTOR('',#6130,10.);
#1791=VECTOR('',#6131,10.);
#1792=VECTOR('',#6132,10.);
#1793=VECTOR('',#6133,10.);
#1794=VECTOR('',#6134,10.);
#1795=VECTOR('',#6137,10.);
#1796=VECTOR('',#6138,10.);
#1797=VECTOR('',#6141,10.);
#1798=VECTOR('',#6142,10.);
#1799=VECTOR('',#6143,10.);
#1800=VECTOR('',#6144,10.);
#1801=VECTOR('',#6147,10.);
#1802=VECTOR('',#6148,10.);
#1803=VECTOR('',#6149,10.);
#1804=VECTOR('',#6152,10.);
#1805=VECTOR('',#6153,10.);
#1806=VECTOR('',#6154,10.);
#1807=VECTOR('',#6157,10.);
#1808=VECTOR('',#6158,10.);
#1809=VECTOR('',#6165,10.);
#1810=VECTOR('',#6168,10.);
#1811=VECTOR('',#6173,10.);
#1812=VECTOR('',#6176,10.);
#1813=VECTOR('',#6179,10.);
#1814=VECTOR('',#6182,10.);
#1815=VECTOR('',#6183,10.);
#1816=VECTOR('',#6184,10.);
#1817=VECTOR('',#6185,10.);
#1818=VECTOR('',#6186,10.);
#1819=VECTOR('',#6191,10.);
#1820=VECTOR('',#6194,10.);
#1821=VECTOR('',#6197,10.);
#1822=VECTOR('',#6200,10.);
#1823=VECTOR('',#6203,10.);
#1824=VECTOR('',#6206,10.);
#1825=VECTOR('',#6209,10.);
#1826=VECTOR('',#6210,10.);
#1827=VECTOR('',#6211,10.);
#1828=VECTOR('',#6212,10.);
#1829=VECTOR('',#6213,10.);
#1830=VECTOR('',#6214,10.);
#1831=VECTOR('',#6217,10.);
#1832=VECTOR('',#6220,10.);
#1833=VECTOR('',#6223,10.);
#1834=VECTOR('',#6226,10.);
#1835=VECTOR('',#6229,10.);
#1836=VECTOR('',#6230,10.);
#1837=VECTOR('',#6233,10.);
#1838=VECTOR('',#6234,10.);
#1839=VECTOR('',#6237,10.);
#1840=VECTOR('',#6238,10.);
#1841=VECTOR('',#6241,10.);
#1842=VECTOR('',#6242,10.);
#1843=VECTOR('',#6243,10.);
#1844=VECTOR('',#6246,10.);
#1845=VECTOR('',#6247,10.);
#1846=VECTOR('',#6250,10.);
#1847=VECTOR('',#6251,10.);
#1848=VECTOR('',#6254,10.);
#1849=VECTOR('',#6259,10.);
#1850=VECTOR('',#6260,10.);
#1851=VECTOR('',#6261,10.);
#1852=VECTOR('',#6264,10.);
#1853=VECTOR('',#6265,10.);
#1854=VECTOR('',#6268,10.);
#1855=VECTOR('',#6269,10.);
#1856=VECTOR('',#6272,10.);
#1857=VECTOR('',#6277,10.);
#1858=VECTOR('',#6278,10.);
#1859=VECTOR('',#6279,10.);
#1860=VECTOR('',#6280,10.);
#1861=VECTOR('',#6281,10.);
#1862=VECTOR('',#6282,10.);
#1863=VECTOR('',#6285,10.);
#1864=VECTOR('',#6286,10.);
#1865=VECTOR('',#6287,1000.);
#1866=VECTOR('',#6292,10.);
#1867=VECTOR('',#6297,10.);
#1868=VECTOR('',#6300,10.);
#1869=VECTOR('',#6305,1000.);
#1870=VECTOR('',#6306,1000.);
#1871=VECTOR('',#6307,1000.);
#1872=VECTOR('',#6308,1000.);
#1873=VECTOR('',#6313,1.);
#1874=VECTOR('',#6318,1000.);
#1875=VECTOR('',#6319,1000.);
#1876=VECTOR('',#6320,1000.);
#1877=VECTOR('',#6321,1000.);
#1878=VECTOR('',#6336,1000.);
#1879=VECTOR('',#6337,1000.);
#1880=VECTOR('',#6338,1000.);
#1881=VECTOR('',#6339,1000.);
#1882=VECTOR('',#6340,1000.);
#1883=VECTOR('',#6341,1000.);
#1884=VECTOR('',#6342,1000.);
#1885=VECTOR('',#6343,1000.);
#1886=VECTOR('',#6344,1000.);
#1887=VECTOR('',#6345,1000.);
#1888=VECTOR('',#6346,1000.);
#1889=VECTOR('',#6347,1000.);
#1890=VECTOR('',#6348,1000.);
#1891=VECTOR('',#6349,1000.);
#1892=VECTOR('',#6350,1000.);
#1893=VECTOR('',#6353,10.);
#1894=VECTOR('',#6354,1000.);
#1895=VECTOR('',#6355,1000.);
#1896=VECTOR('',#6358,10.);
#1897=VECTOR('',#6359,10.);
#1898=VECTOR('',#6360,10.);
#1899=VECTOR('',#6363,10.);
#1900=VECTOR('',#6364,10.);
#1901=VECTOR('',#6367,10.);
#1902=VECTOR('',#6368,10.);
#1903=VECTOR('',#6369,10.);
#1904=VECTOR('',#6372,10.);
#1905=VECTOR('',#6373,10.);
#1906=VECTOR('',#6376,10.);
#1907=VECTOR('',#6377,1000.);
#1908=VECTOR('',#6378,10.);
#1909=VECTOR('',#6381,10.);
#1910=VECTOR('',#6382,10.);
#1911=VECTOR('',#6385,10.);
#1912=VECTOR('',#6388,10.);
#1913=VECTOR('',#6391,10.);
#1914=VECTOR('',#6396,10.);
#1915=VECTOR('',#6397,10.);
#1916=VECTOR('',#6400,10.);
#1917=VECTOR('',#6403,10.);
#1918=VECTOR('',#6404,1000.);
#1919=VECTOR('',#6407,10.);
#1920=VECTOR('',#6408,10.);
#1921=VECTOR('',#6409,10.);
#1922=VECTOR('',#6420,1000.);
#1923=VECTOR('',#6423,1000.);
#1924=VECTOR('',#6428,1000.);
#1925=VECTOR('',#6431,1000.);
#1926=VECTOR('',#6438,1000.);
#1927=VECTOR('',#6439,1000.);
#1928=VECTOR('',#6444,1000.);
#1929=VECTOR('',#6445,1000.);
#1930=VECTOR('',#6452,1000.);
#1931=VECTOR('',#6453,1000.);
#1932=VECTOR('',#6456,1000.);
#1933=VECTOR('',#6457,1000.);
#1934=VECTOR('',#6458,1000.);
#1935=VECTOR('',#6459,1000.);
#1936=VECTOR('',#6462,1000.);
#1937=VECTOR('',#6465,1000.);
#1938=VECTOR('',#6466,1000.);
#1939=VECTOR('',#6467,1000.);
#1940=VECTOR('',#6468,1000.);
#1941=VECTOR('',#6469,1000.);
#1942=VECTOR('',#6472,1000.);
#1943=VECTOR('',#6477,1000.);
#1944=VECTOR('',#6482,1000.);
#1945=VECTOR('',#6485,1000.);
#1946=VECTOR('',#6488,1000.);
#1947=VECTOR('',#6489,1000.);
#1948=VECTOR('',#6492,1000.);
#1949=VECTOR('',#6495,1000.);
#1950=VECTOR('',#6496,1000.);
#1951=VECTOR('',#6497,1000.);
#1952=VECTOR('',#6502,1000.);
#1953=VECTOR('',#6503,1000.);
#1954=VECTOR('',#6506,1000.);
#1955=VECTOR('',#6507,1000.);
#1956=VECTOR('',#6508,1000.);
#1957=VECTOR('',#6515,1000.);
#1958=VECTOR('',#6524,1000.);
#1959=VECTOR('',#6527,1000.);
#1960=VECTOR('',#6528,1000.);
#1961=VECTOR('',#6529,1000.);
#1962=VECTOR('',#6530,1000.);
#1963=VECTOR('',#6535,1000.);
#1964=VECTOR('',#6538,1000.);
#1965=VECTOR('',#6539,1000.);
#1966=VECTOR('',#6542,1000.);
#1967=VECTOR('',#6543,1000.);
#1968=VECTOR('',#6546,1000.);
#1969=VECTOR('',#6549,1000.);
#1970=VECTOR('',#6568,1000.);
#1971=VECTOR('',#6569,1000.);
#1972=VECTOR('',#6572,1000.);
#1973=VECTOR('',#6575,1000.);
#1974=VECTOR('',#6586,10.);
#1975=VECTOR('',#6587,10.);
#1976=VECTOR('',#6588,10.);
#1977=VECTOR('',#6589,10.);
#1978=VECTOR('',#6592,10.);
#1979=VECTOR('',#6593,10.);
#1980=VECTOR('',#6594,10.);
#1981=VECTOR('',#6597,10.);
#1982=VECTOR('',#6600,10.);
#1983=VECTOR('',#6603,10.);
#1984=VECTOR('',#6608,10.);
#1985=VECTOR('',#6611,10.);
#1986=VECTOR('',#6616,10.);
#1987=VECTOR('',#6617,10.);
#1988=VECTOR('',#6622,10.);
#1989=VECTOR('',#6625,1000.);
#1990=VECTOR('',#6628,10.);
#1991=VECTOR('',#6631,1000.);
#1992=VECTOR('',#6636,10.);
#1993=VECTOR('',#6637,10.);
#1994=VECTOR('',#6638,10.);
#1995=VECTOR('',#6639,10.);
#1996=VECTOR('',#6642,10.);
#1997=VECTOR('',#6643,10.);
#1998=VECTOR('',#6644,10.);
#1999=VECTOR('',#6647,10.);
#2000=VECTOR('',#6650,10.);
#2001=VECTOR('',#6653,10.);
#2002=VECTOR('',#6658,10.);
#2003=VECTOR('',#6661,10.);
#2004=VECTOR('',#6666,10.);
#2005=VECTOR('',#6667,10.);
#2006=VECTOR('',#6672,10.);
#2007=VECTOR('',#6675,1000.);
#2008=VECTOR('',#6678,10.);
#2009=VECTOR('',#6681,1000.);
#2010=VECTOR('',#6686,10.);
#2011=VECTOR('',#6687,10.);
#2012=VECTOR('',#6688,10.);
#2013=VECTOR('',#6689,1000.);
#2014=VECTOR('',#6692,10.);
#2015=VECTOR('',#6693,10.);
#2016=VECTOR('',#6694,10.);
#2017=VECTOR('',#6695,10.);
#2018=VECTOR('',#6700,10.);
#2019=VECTOR('',#6709,10.);
#2020=VECTOR('',#6718,1000.);
#2021=VECTOR('',#6719,10.);
#2022=VECTOR('',#6720,10.);
#2023=VECTOR('',#6723,10.);
#2024=VECTOR('',#6724,10.);
#2025=VECTOR('',#6727,10.);
#2026=VECTOR('',#6728,10.);
#2027=VECTOR('',#6731,10.);
#2028=VECTOR('',#6738,10.);
#2029=VECTOR('',#6739,10.);
#2030=VECTOR('',#6740,10.);
#2031=VECTOR('',#6741,10.);
#2032=VECTOR('',#6744,10.);
#2033=VECTOR('',#6745,10.);
#2034=VECTOR('',#6746,10.);
#2035=VECTOR('',#6749,10.);
#2036=VECTOR('',#6750,10.);
#2037=VECTOR('',#6751,10.);
#2038=VECTOR('',#6754,10.);
#2039=VECTOR('',#6755,10.);
#2040=VECTOR('',#6758,10.);
#2041=VECTOR('',#6759,10.);
#2042=VECTOR('',#6760,10.);
#2043=VECTOR('',#6761,10.);
#2044=VECTOR('',#6764,10.);
#2045=VECTOR('',#6765,1000.);
#2046=VECTOR('',#6766,10.);
#2047=VECTOR('',#6769,10.);
#2048=VECTOR('',#6774,10.);
#2049=VECTOR('',#6775,1000.);
#2050=VERTEX_POINT('',#6797);
#2051=VERTEX_POINT('',#6798);
#2052=VERTEX_POINT('',#6800);
#2053=VERTEX_POINT('',#6802);
#2054=VERTEX_POINT('',#6804);
#2055=VERTEX_POINT('',#6806);
#2056=VERTEX_POINT('',#6808);
#2057=VERTEX_POINT('',#6810);
#2058=VERTEX_POINT('',#6812);
#2059=VERTEX_POINT('',#6814);
#2060=VERTEX_POINT('',#6818);
#2061=VERTEX_POINT('',#6819);
#2062=VERTEX_POINT('',#6825);
#2063=VERTEX_POINT('',#6831);
#2064=VERTEX_POINT('',#6837);
#2065=VERTEX_POINT('',#6843);
#2066=VERTEX_POINT('',#6849);
#2067=VERTEX_POINT('',#6855);
#2068=VERTEX_POINT('',#6861);
#2069=VERTEX_POINT('',#6867);
#2070=VERTEX_POINT('',#6878);
#2071=VERTEX_POINT('',#6879);
#2072=VERTEX_POINT('',#6885);
#2073=VERTEX_POINT('',#6891);
#2074=VERTEX_POINT('',#6897);
#2075=VERTEX_POINT('',#6903);
#2076=VERTEX_POINT('',#6909);
#2077=VERTEX_POINT('',#6915);
#2078=VERTEX_POINT('',#6927);
#2079=VERTEX_POINT('',#6929);
#2080=VERTEX_POINT('',#6933);
#2081=VERTEX_POINT('',#6937);
#2082=VERTEX_POINT('',#6941);
#2083=VERTEX_POINT('',#6945);
#2084=VERTEX_POINT('',#6958);
#2085=VERTEX_POINT('',#6960);
#2086=VERTEX_POINT('',#6977);
#2087=VERTEX_POINT('',#6994);
#2088=VERTEX_POINT('',#7011);
#2089=VERTEX_POINT('',#7028);
#2090=VERTEX_POINT('',#7030);
#2091=VERTEX_POINT('',#7047);
#2092=VERTEX_POINT('',#7064);
#2093=VERTEX_POINT('',#7081);
#2094=VERTEX_POINT('',#7098);
#2095=VERTEX_POINT('',#7115);
#2096=VERTEX_POINT('',#7132);
#2097=VERTEX_POINT('',#7149);
#2098=VERTEX_POINT('',#7181);
#2099=VERTEX_POINT('',#7198);
#2100=VERTEX_POINT('',#7215);
#2101=VERTEX_POINT('',#7232);
#2102=VERTEX_POINT('',#7255);
#2103=VERTEX_POINT('',#7259);
#2104=VERTEX_POINT('',#7263);
#2105=VERTEX_POINT('',#7267);
#2106=VERTEX_POINT('',#7273);
#2107=VERTEX_POINT('',#7274);
#2108=VERTEX_POINT('',#7276);
#2109=VERTEX_POINT('',#7278);
#2110=VERTEX_POINT('',#7280);
#2111=VERTEX_POINT('',#7282);
#2112=VERTEX_POINT('',#7284);
#2113=VERTEX_POINT('',#7286);
#2114=VERTEX_POINT('',#7288);
#2115=VERTEX_POINT('',#7290);
#2116=VERTEX_POINT('',#7292);
#2117=VERTEX_POINT('',#7294);
#2118=VERTEX_POINT('',#7297);
#2119=VERTEX_POINT('',#7298);
#2120=VERTEX_POINT('',#7300);
#2121=VERTEX_POINT('',#7302);
#2122=VERTEX_POINT('',#7305);
#2123=VERTEX_POINT('',#7306);
#2124=VERTEX_POINT('',#7308);
#2125=VERTEX_POINT('',#7310);
#2126=VERTEX_POINT('',#7314);
#2127=VERTEX_POINT('',#7316);
#2128=VERTEX_POINT('',#7320);
#2129=VERTEX_POINT('',#7322);
#2130=VERTEX_POINT('',#7324);
#2131=VERTEX_POINT('',#7326);
#2132=VERTEX_POINT('',#7328);
#2133=VERTEX_POINT('',#7330);
#2134=VERTEX_POINT('',#7332);
#2135=VERTEX_POINT('',#7334);
#2136=VERTEX_POINT('',#7336);
#2137=VERTEX_POINT('',#7338);
#2138=VERTEX_POINT('',#7340);
#2139=VERTEX_POINT('',#7342);
#2140=VERTEX_POINT('',#7345);
#2141=VERTEX_POINT('',#7346);
#2142=VERTEX_POINT('',#7348);
#2143=VERTEX_POINT('',#7350);
#2144=VERTEX_POINT('',#7358);
#2145=VERTEX_POINT('',#7359);
#2146=VERTEX_POINT('',#7361);
#2147=VERTEX_POINT('',#7363);
#2148=VERTEX_POINT('',#7367);
#2149=VERTEX_POINT('',#7369);
#2150=VERTEX_POINT('',#7371);
#2151=VERTEX_POINT('',#7373);
#2152=VERTEX_POINT('',#7375);
#2153=VERTEX_POINT('',#7377);
#2154=VERTEX_POINT('',#7379);
#2155=VERTEX_POINT('',#7381);
#2156=VERTEX_POINT('',#7383);
#2157=VERTEX_POINT('',#7385);
#2158=VERTEX_POINT('',#7387);
#2159=VERTEX_POINT('',#7389);
#2160=VERTEX_POINT('',#7392);
#2161=VERTEX_POINT('',#7393);
#2162=VERTEX_POINT('',#7395);
#2163=VERTEX_POINT('',#7397);
#2164=VERTEX_POINT('',#7401);
#2165=VERTEX_POINT('',#7405);
#2166=VERTEX_POINT('',#7409);
#2167=VERTEX_POINT('',#7410);
#2168=VERTEX_POINT('',#7412);
#2169=VERTEX_POINT('',#7414);
#2170=VERTEX_POINT('',#7418);
#2171=VERTEX_POINT('',#7420);
#2172=VERTEX_POINT('',#7424);
#2173=VERTEX_POINT('',#7426);
#2174=VERTEX_POINT('',#7433);
#2175=VERTEX_POINT('',#7435);
#2176=VERTEX_POINT('',#7439);
#2177=VERTEX_POINT('',#7440);
#2178=VERTEX_POINT('',#7442);
#2179=VERTEX_POINT('',#7444);
#2180=VERTEX_POINT('',#7448);
#2181=VERTEX_POINT('',#7449);
#2182=VERTEX_POINT('',#7454);
#2183=VERTEX_POINT('',#7456);
#2184=VERTEX_POINT('',#7458);
#2185=VERTEX_POINT('',#7462);
#2186=VERTEX_POINT('',#7464);
#2187=VERTEX_POINT('',#7468);
#2188=VERTEX_POINT('',#7475);
#2189=VERTEX_POINT('',#7477);
#2190=VERTEX_POINT('',#7482);
#2191=VERTEX_POINT('',#7487);
#2192=VERTEX_POINT('',#7491);
#2193=VERTEX_POINT('',#7493);
#2194=VERTEX_POINT('',#7497);
#2195=VERTEX_POINT('',#7499);
#2196=VERTEX_POINT('',#7503);
#2197=VERTEX_POINT('',#7505);
#2198=VERTEX_POINT('',#7509);
#2199=VERTEX_POINT('',#7511);
#2200=VERTEX_POINT('',#7515);
#2201=VERTEX_POINT('',#7516);
#2202=VERTEX_POINT('',#7518);
#2203=VERTEX_POINT('',#7520);
#2204=VERTEX_POINT('',#7522);
#2205=VERTEX_POINT('',#7528);
#2206=VERTEX_POINT('',#7530);
#2207=VERTEX_POINT('',#7535);
#2208=VERTEX_POINT('',#7540);
#2209=VERTEX_POINT('',#7544);
#2210=VERTEX_POINT('',#7553);
#2211=VERTEX_POINT('',#7557);
#2212=VERTEX_POINT('',#7568);
#2213=VERTEX_POINT('',#7570);
#2214=VERTEX_POINT('',#7577);
#2215=VERTEX_POINT('',#7583);
#2216=VERTEX_POINT('',#7595);
#2217=VERTEX_POINT('',#7597);
#2218=VERTEX_POINT('',#7607);
#2219=VERTEX_POINT('',#7613);
#2220=VERTEX_POINT('',#7615);
#2221=VERTEX_POINT('',#7624);
#2222=VERTEX_POINT('',#7629);
#2223=VERTEX_POINT('',#7633);
#2224=VERTEX_POINT('',#7649);
#2225=VERTEX_POINT('',#7650);
#2226=VERTEX_POINT('',#7656);
#2227=VERTEX_POINT('',#7658);
#2228=VERTEX_POINT('',#7675);
#2229=VERTEX_POINT('',#7681);
#2230=VERTEX_POINT('',#7698);
#2231=VERTEX_POINT('',#7727);
#2232=VERTEX_POINT('',#7744);
#2233=VERTEX_POINT('',#7750);
#2234=VERTEX_POINT('',#7767);
#2235=VERTEX_POINT('',#7773);
#2236=VERTEX_POINT('',#7790);
#2237=VERTEX_POINT('',#7796);
#2238=VERTEX_POINT('',#7813);
#2239=VERTEX_POINT('',#7819);
#2240=VERTEX_POINT('',#7836);
#2241=VERTEX_POINT('',#7859);
#2242=VERTEX_POINT('',#7867);
#2243=VERTEX_POINT('',#7869);
#2244=VERTEX_POINT('',#7873);
#2245=VERTEX_POINT('',#7875);
#2246=VERTEX_POINT('',#7888);
#2247=VERTEX_POINT('',#7905);
#2248=VERTEX_POINT('',#7922);
#2249=VERTEX_POINT('',#7928);
#2250=VERTEX_POINT('',#7945);
#2251=VERTEX_POINT('',#7951);
#2252=VERTEX_POINT('',#7968);
#2253=VERTEX_POINT('',#7974);
#2254=VERTEX_POINT('',#7991);
#2255=VERTEX_POINT('',#7997);
#2256=VERTEX_POINT('',#8014);
#2257=VERTEX_POINT('',#8037);
#2258=VERTEX_POINT('',#8054);
#2259=VERTEX_POINT('',#8060);
#2260=VERTEX_POINT('',#8089);
#2261=VERTEX_POINT('',#8090);
#2262=VERTEX_POINT('',#8092);
#2263=VERTEX_POINT('',#8094);
#2264=VERTEX_POINT('',#8098);
#2265=VERTEX_POINT('',#8100);
#2266=VERTEX_POINT('',#8104);
#2267=VERTEX_POINT('',#8106);
#2268=VERTEX_POINT('',#8110);
#2269=VERTEX_POINT('',#8112);
#2270=VERTEX_POINT('',#8116);
#2271=VERTEX_POINT('',#8118);
#2272=VERTEX_POINT('',#8122);
#2273=VERTEX_POINT('',#8124);
#2274=VERTEX_POINT('',#8128);
#2275=VERTEX_POINT('',#8130);
#2276=VERTEX_POINT('',#8134);
#2277=VERTEX_POINT('',#8136);
#2278=VERTEX_POINT('',#8140);
#2279=VERTEX_POINT('',#8142);
#2280=VERTEX_POINT('',#8150);
#2281=VERTEX_POINT('',#8151);
#2282=VERTEX_POINT('',#8153);
#2283=VERTEX_POINT('',#8155);
#2284=VERTEX_POINT('',#8159);
#2285=VERTEX_POINT('',#8161);
#2286=VERTEX_POINT('',#8165);
#2287=VERTEX_POINT('',#8167);
#2288=VERTEX_POINT('',#8184);
#2289=VERTEX_POINT('',#8185);
#2290=VERTEX_POINT('',#8191);
#2291=VERTEX_POINT('',#8193);
#2292=VERTEX_POINT('',#8210);
#2293=VERTEX_POINT('',#8216);
#2294=VERTEX_POINT('',#8233);
#2295=VERTEX_POINT('',#8239);
#2296=VERTEX_POINT('',#8256);
#2297=VERTEX_POINT('',#8262);
#2298=VERTEX_POINT('',#8279);
#2299=VERTEX_POINT('',#8285);
#2300=VERTEX_POINT('',#8302);
#2301=VERTEX_POINT('',#8308);
#2302=VERTEX_POINT('',#8325);
#2303=VERTEX_POINT('',#8331);
#2304=VERTEX_POINT('',#8339);
#2305=VERTEX_POINT('',#8341);
#2306=VERTEX_POINT('',#8354);
#2307=VERTEX_POINT('',#8360);
#2308=VERTEX_POINT('',#8368);
#2309=VERTEX_POINT('',#8374);
#2310=VERTEX_POINT('',#8380);
#2311=VERTEX_POINT('',#8386);
#2312=VERTEX_POINT('',#8392);
#2313=VERTEX_POINT('',#8398);
#2314=VERTEX_POINT('',#8404);
#2315=VERTEX_POINT('',#8410);
#2316=VERTEX_POINT('',#8427);
#2317=VERTEX_POINT('',#8444);
#2318=VERTEX_POINT('',#8472);
#2319=VERTEX_POINT('',#8489);
#2320=VERTEX_POINT('',#8506);
#2321=VERTEX_POINT('',#8523);
#2322=VERTEX_POINT('',#8540);
#2323=VERTEX_POINT('',#8548);
#2324=VERTEX_POINT('',#8567);
#2325=VERTEX_POINT('',#8568);
#2326=VERTEX_POINT('',#8570);
#2327=VERTEX_POINT('',#8572);
#2328=VERTEX_POINT('',#8576);
#2329=VERTEX_POINT('',#8578);
#2330=VERTEX_POINT('',#8582);
#2331=VERTEX_POINT('',#8584);
#2332=VERTEX_POINT('',#8592);
#2333=VERTEX_POINT('',#8593);
#2334=VERTEX_POINT('',#8595);
#2335=VERTEX_POINT('',#8597);
#2336=VERTEX_POINT('',#8601);
#2337=VERTEX_POINT('',#8602);
#2338=VERTEX_POINT('',#8604);
#2339=VERTEX_POINT('',#8606);
#2340=VERTEX_POINT('',#8608);
#2341=VERTEX_POINT('',#8610);
#2342=VERTEX_POINT('',#8612);
#2343=VERTEX_POINT('',#8614);
#2344=VERTEX_POINT('',#8617);
#2345=VERTEX_POINT('',#8618);
#2346=VERTEX_POINT('',#8620);
#2347=VERTEX_POINT('',#8622);
#2348=VERTEX_POINT('',#8626);
#2349=VERTEX_POINT('',#8627);
#2350=VERTEX_POINT('',#8629);
#2351=VERTEX_POINT('',#8631);
#2352=VERTEX_POINT('',#8635);
#2353=VERTEX_POINT('',#8637);
#2354=VERTEX_POINT('',#8641);
#2355=VERTEX_POINT('',#8643);
#2356=VERTEX_POINT('',#8645);
#2357=VERTEX_POINT('',#8647);
#2358=VERTEX_POINT('',#8651);
#2359=VERTEX_POINT('',#8652);
#2360=VERTEX_POINT('',#8654);
#2361=VERTEX_POINT('',#8656);
#2362=VERTEX_POINT('',#8660);
#2363=VERTEX_POINT('',#8662);
#2364=VERTEX_POINT('',#8670);
#2365=VERTEX_POINT('',#8674);
#2366=VERTEX_POINT('',#8678);
#2367=VERTEX_POINT('',#8682);
#2368=VERTEX_POINT('',#8684);
#2369=VERTEX_POINT('',#8688);
#2370=VERTEX_POINT('',#8692);
#2371=VERTEX_POINT('',#8699);
#2372=VERTEX_POINT('',#8701);
#2373=VERTEX_POINT('',#8705);
#2374=VERTEX_POINT('',#8709);
#2375=VERTEX_POINT('',#8718);
#2376=VERTEX_POINT('',#8719);
#2377=VERTEX_POINT('',#8721);
#2378=VERTEX_POINT('',#8723);
#2379=VERTEX_POINT('',#8727);
#2380=VERTEX_POINT('',#8729);
#2381=VERTEX_POINT('',#8733);
#2382=VERTEX_POINT('',#8735);
#2383=VERTEX_POINT('',#8739);
#2384=VERTEX_POINT('',#8741);
#2385=VERTEX_POINT('',#8743);
#2386=VERTEX_POINT('',#8747);
#2387=VERTEX_POINT('',#8748);
#2388=VERTEX_POINT('',#8750);
#2389=VERTEX_POINT('',#8752);
#2390=VERTEX_POINT('',#8756);
#2391=VERTEX_POINT('',#8758);
#2392=VERTEX_POINT('',#8762);
#2393=VERTEX_POINT('',#8763);
#2394=VERTEX_POINT('',#8765);
#2395=VERTEX_POINT('',#8767);
#2396=VERTEX_POINT('',#8777);
#2397=VERTEX_POINT('',#8778);
#2398=VERTEX_POINT('',#8780);
#2399=VERTEX_POINT('',#8782);
#2400=VERTEX_POINT('',#8785);
#2401=VERTEX_POINT('',#8786);
#2402=VERTEX_POINT('',#8788);
#2403=VERTEX_POINT('',#8790);
#2404=VERTEX_POINT('',#8793);
#2405=VERTEX_POINT('',#8794);
#2406=VERTEX_POINT('',#8796);
#2407=VERTEX_POINT('',#8798);
#2408=VERTEX_POINT('',#8801);
#2409=VERTEX_POINT('',#8803);
#2410=VERTEX_POINT('',#8807);
#2411=VERTEX_POINT('',#8808);
#2412=VERTEX_POINT('',#8813);
#2413=VERTEX_POINT('',#8814);
#2414=VERTEX_POINT('',#8819);
#2415=VERTEX_POINT('',#8823);
#2416=VERTEX_POINT('',#8824);
#2417=VERTEX_POINT('',#8829);
#2418=VERTEX_POINT('',#8834);
#2419=VERTEX_POINT('',#8838);
#2420=VERTEX_POINT('',#8849);
#2421=VERTEX_POINT('',#8855);
#2422=VERTEX_POINT('',#8867);
#2423=VERTEX_POINT('',#8868);
#2424=VERTEX_POINT('',#8870);
#2425=VERTEX_POINT('',#8872);
#2426=VERTEX_POINT('',#8874);
#2427=VERTEX_POINT('',#8881);
#2428=VERTEX_POINT('',#8882);
#2429=VERTEX_POINT('',#8884);
#2430=VERTEX_POINT('',#8886);
#2431=VERTEX_POINT('',#8888);
#2432=VERTEX_POINT('',#8890);
#2433=VERTEX_POINT('',#8903);
#2434=VERTEX_POINT('',#8904);
#2435=VERTEX_POINT('',#8906);
#2436=VERTEX_POINT('',#8910);
#2437=VERTEX_POINT('',#8911);
#2438=VERTEX_POINT('',#8913);
#2439=VERTEX_POINT('',#8917);
#2440=VERTEX_POINT('',#8918);
#2441=VERTEX_POINT('',#8920);
#2442=VERTEX_POINT('',#8924);
#2443=VERTEX_POINT('',#8925);
#2444=VERTEX_POINT('',#8927);
#2445=VERTEX_POINT('',#8929);
#2446=VERTEX_POINT('',#8933);
#2447=VERTEX_POINT('',#8934);
#2448=VERTEX_POINT('',#8937);
#2449=VERTEX_POINT('',#8940);
#2450=VERTEX_POINT('',#8942);
#2451=VERTEX_POINT('',#8944);
#2452=VERTEX_POINT('',#8949);
#2453=VERTEX_POINT('',#8951);
#2454=VERTEX_POINT('',#8953);
#2455=VERTEX_POINT('',#8960);
#2456=VERTEX_POINT('',#8962);
#2457=VERTEX_POINT('',#8964);
#2458=VERTEX_POINT('',#8966);
#2459=VERTEX_POINT('',#8969);
#2460=VERTEX_POINT('',#8971);
#2461=VERTEX_POINT('',#8975);
#2462=VERTEX_POINT('',#8977);
#2463=VERTEX_POINT('',#8981);
#2464=VERTEX_POINT('',#8984);
#2465=VERTEX_POINT('',#8986);
#2466=VERTEX_POINT('',#8988);
#2467=VERTEX_POINT('',#8990);
#2468=VERTEX_POINT('',#8992);
#2469=VERTEX_POINT('',#8996);
#2470=VERTEX_POINT('',#8998);
#2471=VERTEX_POINT('',#9000);
#2472=VERTEX_POINT('',#9011);
#2473=VERTEX_POINT('',#9018);
#2474=VERTEX_POINT('',#9021);
#2475=VERTEX_POINT('',#9025);
#2476=VERTEX_POINT('',#9096);
#2477=VERTEX_POINT('',#9097);
#2478=VERTEX_POINT('',#9099);
#2479=VERTEX_POINT('',#9101);
#2480=VERTEX_POINT('',#9105);
#2481=VERTEX_POINT('',#9107);
#2482=VERTEX_POINT('',#9111);
#2483=VERTEX_POINT('',#9113);
#2484=VERTEX_POINT('',#9115);
#2485=VERTEX_POINT('',#9117);
#2486=VERTEX_POINT('',#9119);
#2487=VERTEX_POINT('',#9123);
#2488=VERTEX_POINT('',#9125);
#2489=VERTEX_POINT('',#9129);
#2490=VERTEX_POINT('',#9130);
#2491=VERTEX_POINT('',#9135);
#2492=VERTEX_POINT('',#9146);
#2493=VERTEX_POINT('',#9147);
#2494=VERTEX_POINT('',#9149);
#2495=VERTEX_POINT('',#9151);
#2496=VERTEX_POINT('',#9155);
#2497=VERTEX_POINT('',#9157);
#2498=VERTEX_POINT('',#9161);
#2499=VERTEX_POINT('',#9163);
#2500=VERTEX_POINT('',#9165);
#2501=VERTEX_POINT('',#9167);
#2502=VERTEX_POINT('',#9169);
#2503=VERTEX_POINT('',#9173);
#2504=VERTEX_POINT('',#9175);
#2505=VERTEX_POINT('',#9179);
#2506=VERTEX_POINT('',#9180);
#2507=VERTEX_POINT('',#9185);
#2508=VERTEX_POINT('',#9196);
#2509=VERTEX_POINT('',#9197);
#2510=VERTEX_POINT('',#9199);
#2511=VERTEX_POINT('',#9201);
#2512=VERTEX_POINT('',#9205);
#2513=VERTEX_POINT('',#9206);
#2514=VERTEX_POINT('',#9208);
#2515=VERTEX_POINT('',#9210);
#2516=VERTEX_POINT('',#9214);
#2517=VERTEX_POINT('',#9216);
#2518=VERTEX_POINT('',#9220);
#2519=VERTEX_POINT('',#9222);
#2520=VERTEX_POINT('',#9229);
#2521=VERTEX_POINT('',#9231);
#2522=VERTEX_POINT('',#9235);
#2523=VERTEX_POINT('',#9239);
#2524=VERTEX_POINT('',#9247);
#2525=VERTEX_POINT('',#9248);
#2526=VERTEX_POINT('',#9250);
#2527=VERTEX_POINT('',#9252);
#2528=VERTEX_POINT('',#9256);
#2529=VERTEX_POINT('',#9258);
#2530=VERTEX_POINT('',#9262);
#2531=VERTEX_POINT('',#9264);
#2532=VERTEX_POINT('',#9271);
#2533=VERTEX_POINT('',#9272);
#2534=VERTEX_POINT('',#9274);
#2535=VERTEX_POINT('',#9276);
#2536=VERTEX_POINT('',#9280);
#2537=VERTEX_POINT('',#9282);
#2538=VERTEX_POINT('',#9286);
#2539=VERTEX_POINT('',#9290);
#2540=EDGE_CURVE('',#2050,#2051,#936,.T.);
#2541=EDGE_CURVE('',#2052,#2050,#937,.T.);
#2542=EDGE_CURVE('',#2053,#2052,#938,.T.);
#2543=EDGE_CURVE('',#2054,#2053,#939,.T.);
#2544=EDGE_CURVE('',#2055,#2054,#940,.T.);
#2545=EDGE_CURVE('',#2056,#2055,#941,.T.);
#2546=EDGE_CURVE('',#2057,#2056,#942,.T.);
#2547=EDGE_CURVE('',#2058,#2057,#943,.T.);
#2548=EDGE_CURVE('',#2059,#2058,#944,.T.);
#2549=EDGE_CURVE('',#2051,#2059,#945,.T.);
#2550=EDGE_CURVE('',#2060,#2061,#257,.T.);
#2551=EDGE_CURVE('',#2062,#2060,#258,.T.);
#2552=EDGE_CURVE('',#2063,#2062,#259,.T.);
#2553=EDGE_CURVE('',#2064,#2063,#260,.T.);
#2554=EDGE_CURVE('',#2065,#2064,#261,.T.);
#2555=EDGE_CURVE('',#2066,#2065,#262,.T.);
#2556=EDGE_CURVE('',#2067,#2066,#263,.T.);
#2557=EDGE_CURVE('',#2068,#2067,#264,.T.);
#2558=EDGE_CURVE('',#2069,#2068,#265,.T.);
#2559=EDGE_CURVE('',#2061,#2069,#266,.T.);
#2560=EDGE_CURVE('',#2070,#2071,#267,.T.);
#2561=EDGE_CURVE('',#2072,#2070,#268,.T.);
#2562=EDGE_CURVE('',#2073,#2072,#269,.T.);
#2563=EDGE_CURVE('',#2074,#2073,#270,.T.);
#2564=EDGE_CURVE('',#2075,#2074,#271,.T.);
#2565=EDGE_CURVE('',#2076,#2075,#272,.T.);
#2566=EDGE_CURVE('',#2077,#2076,#273,.T.);
#2567=EDGE_CURVE('',#2071,#2077,#274,.T.);
#2568=EDGE_CURVE('',#2078,#2055,#946,.T.);
#2569=EDGE_CURVE('',#2079,#2078,#947,.T.);
#2570=EDGE_CURVE('',#2079,#2056,#948,.T.);
#2571=EDGE_CURVE('',#2080,#2054,#949,.T.);
#2572=EDGE_CURVE('',#2078,#2080,#950,.T.);
#2573=EDGE_CURVE('',#2081,#2053,#951,.T.);
#2574=EDGE_CURVE('',#2080,#2081,#952,.T.);
#2575=EDGE_CURVE('',#2082,#2052,#953,.T.);
#2576=EDGE_CURVE('',#2081,#2082,#954,.T.);
#2577=EDGE_CURVE('',#2083,#2050,#955,.T.);
#2578=EDGE_CURVE('',#2082,#2083,#956,.T.);
#2579=EDGE_CURVE('',#2084,#2074,#957,.T.);
#2580=EDGE_CURVE('',#2085,#2084,#275,.T.);
#2581=EDGE_CURVE('',#2085,#2075,#958,.T.);
#2582=EDGE_CURVE('',#2086,#2073,#959,.T.);
#2583=EDGE_CURVE('',#2084,#2086,#276,.T.);
#2584=EDGE_CURVE('',#2087,#2072,#960,.T.);
#2585=EDGE_CURVE('',#2086,#2087,#277,.T.);
#2586=EDGE_CURVE('',#2088,#2070,#961,.T.);
#2587=EDGE_CURVE('',#2087,#2088,#278,.T.);
#2588=EDGE_CURVE('',#2089,#2065,#962,.T.);
#2589=EDGE_CURVE('',#2090,#2089,#279,.T.);
#2590=EDGE_CURVE('',#2090,#2066,#963,.T.);
#2591=EDGE_CURVE('',#2091,#2064,#964,.T.);
#2592=EDGE_CURVE('',#2089,#2091,#280,.T.);
#2593=EDGE_CURVE('',#2092,#2063,#965,.T.);
#2594=EDGE_CURVE('',#2091,#2092,#281,.T.);
#2595=EDGE_CURVE('',#2093,#2062,#966,.T.);
#2596=EDGE_CURVE('',#2092,#2093,#282,.T.);
#2597=EDGE_CURVE('',#2094,#2060,#967,.T.);
#2598=EDGE_CURVE('',#2093,#2094,#283,.T.);
#2599=EDGE_CURVE('',#2095,#2085,#284,.T.);
#2600=EDGE_CURVE('',#2095,#2076,#968,.T.);
#2601=EDGE_CURVE('',#2096,#2095,#285,.T.);
#2602=EDGE_CURVE('',#2096,#2077,#969,.T.);
#2603=EDGE_CURVE('',#2097,#2096,#286,.T.);
#2604=EDGE_CURVE('',#2097,#2071,#970,.T.);
#2605=EDGE_CURVE('',#2088,#2097,#287,.T.);
#2606=EDGE_CURVE('',#2098,#2090,#288,.T.);
#2607=EDGE_CURVE('',#2098,#2067,#971,.T.);
#2608=EDGE_CURVE('',#2099,#2098,#289,.T.);
#2609=EDGE_CURVE('',#2099,#2068,#972,.T.);
#2610=EDGE_CURVE('',#2100,#2099,#290,.T.);
#2611=EDGE_CURVE('',#2100,#2069,#973,.T.);
#2612=EDGE_CURVE('',#2101,#2100,#291,.T.);
#2613=EDGE_CURVE('',#2101,#2061,#974,.T.);
#2614=EDGE_CURVE('',#2094,#2101,#292,.T.);
#2615=EDGE_CURVE('',#2102,#2079,#975,.T.);
#2616=EDGE_CURVE('',#2102,#2057,#976,.T.);
#2617=EDGE_CURVE('',#2103,#2102,#977,.T.);
#2618=EDGE_CURVE('',#2103,#2058,#978,.T.);
#2619=EDGE_CURVE('',#2104,#2103,#979,.T.);
#2620=EDGE_CURVE('',#2104,#2059,#980,.T.);
#2621=EDGE_CURVE('',#2105,#2104,#981,.T.);
#2622=EDGE_CURVE('',#2105,#2051,#982,.T.);
#2623=EDGE_CURVE('',#2083,#2105,#983,.T.);
#2624=EDGE_CURVE('',#2106,#2107,#98,.T.);
#2625=EDGE_CURVE('',#2108,#2106,#984,.T.);
#2626=EDGE_CURVE('',#2109,#2108,#99,.T.);
#2627=EDGE_CURVE('',#2110,#2109,#985,.T.);
#2628=EDGE_CURVE('',#2110,#2111,#986,.T.);
#2629=EDGE_CURVE('',#2111,#2112,#987,.T.);
#2630=EDGE_CURVE('',#2112,#2113,#988,.T.);
#2631=EDGE_CURVE('',#2114,#2113,#989,.T.);
#2632=EDGE_CURVE('',#2115,#2114,#100,.T.);
#2633=EDGE_CURVE('',#2116,#2115,#990,.T.);
#2634=EDGE_CURVE('',#2117,#2116,#101,.T.);
#2635=EDGE_CURVE('',#2107,#2117,#991,.T.);
#2636=EDGE_CURVE('',#2118,#2119,#992,.T.);
#2637=EDGE_CURVE('',#2119,#2120,#993,.T.);
#2638=EDGE_CURVE('',#2120,#2121,#994,.T.);
#2639=EDGE_CURVE('',#2121,#2118,#995,.T.);
#2640=EDGE_CURVE('',#2122,#2123,#996,.T.);
#2641=EDGE_CURVE('',#2123,#2124,#997,.T.);
#2642=EDGE_CURVE('',#2124,#2125,#998,.T.);
#2643=EDGE_CURVE('',#2125,#2122,#999,.T.);
#2644=EDGE_CURVE('',#2107,#2126,#1000,.T.);
#2645=EDGE_CURVE('',#2126,#2127,#102,.T.);
#2646=EDGE_CURVE('',#2127,#2106,#1001,.T.);
#2647=EDGE_CURVE('',#2128,#2126,#1002,.T.);
#2648=EDGE_CURVE('',#2129,#2128,#103,.T.);
#2649=EDGE_CURVE('',#2130,#2129,#1003,.T.);
#2650=EDGE_CURVE('',#2131,#2130,#104,.T.);
#2651=EDGE_CURVE('',#2132,#2131,#1004,.T.);
#2652=EDGE_CURVE('',#2132,#2133,#1005,.T.);
#2653=EDGE_CURVE('',#2133,#2134,#1006,.T.);
#2654=EDGE_CURVE('',#2134,#2135,#1007,.T.);
#2655=EDGE_CURVE('',#2136,#2135,#1008,.F.);
#2656=EDGE_CURVE('',#2137,#2136,#1009,.F.);
#2657=EDGE_CURVE('',#2138,#2137,#1010,.T.);
#2658=EDGE_CURVE('',#2139,#2138,#105,.T.);
#2659=EDGE_CURVE('',#2127,#2139,#1011,.T.);
#2660=EDGE_CURVE('',#2140,#2141,#1012,.T.);
#2661=EDGE_CURVE('',#2141,#2142,#1013,.T.);
#2662=EDGE_CURVE('',#2142,#2143,#1014,.T.);
#2663=EDGE_CURVE('',#2143,#2140,#1015,.T.);
#2664=EDGE_CURVE('',#2128,#2117,#1016,.T.);
#2665=EDGE_CURVE('',#2116,#2129,#1017,.T.);
#2666=EDGE_CURVE('',#2144,#2145,#106,.T.);
#2667=EDGE_CURVE('',#2145,#2146,#1018,.T.);
#2668=EDGE_CURVE('',#2146,#2147,#107,.T.);
#2669=EDGE_CURVE('',#2147,#2144,#1019,.T.);
#2670=EDGE_CURVE('',#2148,#2144,#1020,.T.);
#2671=EDGE_CURVE('',#2149,#2148,#108,.T.);
#2672=EDGE_CURVE('',#2150,#2149,#1021,.T.);
#2673=EDGE_CURVE('',#2151,#2150,#109,.T.);
#2674=EDGE_CURVE('',#2152,#2151,#1022,.T.);
#2675=EDGE_CURVE('',#2152,#2153,#1023,.T.);
#2676=EDGE_CURVE('',#2153,#2154,#1024,.T.);
#2677=EDGE_CURVE('',#2154,#2155,#1025,.T.);
#2678=EDGE_CURVE('',#2155,#2156,#1026,.T.);
#2679=EDGE_CURVE('',#2156,#2157,#1027,.T.);
#2680=EDGE_CURVE('',#2158,#2157,#1028,.T.);
#2681=EDGE_CURVE('',#2159,#2158,#110,.T.);
#2682=EDGE_CURVE('',#2145,#2159,#1029,.T.);
#2683=EDGE_CURVE('',#2160,#2161,#1030,.T.);
#2684=EDGE_CURVE('',#2161,#2162,#1031,.T.);
#2685=EDGE_CURVE('',#2162,#2163,#1032,.T.);
#2686=EDGE_CURVE('',#2163,#2160,#1033,.T.);
#2687=EDGE_CURVE('',#2147,#2164,#1034,.T.);
#2688=EDGE_CURVE('',#2148,#2164,#1035,.T.);
#2689=EDGE_CURVE('',#2164,#2165,#111,.T.);
#2690=EDGE_CURVE('',#2165,#2149,#1036,.T.);
#2691=EDGE_CURVE('',#2166,#2167,#1037,.T.);
#2692=EDGE_CURVE('',#2168,#2166,#1038,.T.);
#2693=EDGE_CURVE('',#2168,#2169,#1039,.T.);
#2694=EDGE_CURVE('',#2169,#2167,#1040,.T.);
#2695=EDGE_CURVE('',#2167,#2170,#1041,.T.);
#2696=EDGE_CURVE('',#2171,#2169,#1042,.T.);
#2697=EDGE_CURVE('',#2171,#2170,#1043,.T.);
#2698=EDGE_CURVE('',#2170,#2172,#1044,.T.);
#2699=EDGE_CURVE('',#2173,#2171,#1045,.T.);
#2700=EDGE_CURVE('',#2173,#2172,#1046,.T.);
#2701=EDGE_CURVE('',#2172,#2166,#1047,.T.);
#2702=EDGE_CURVE('',#2173,#2168,#1048,.T.);
#2703=EDGE_CURVE('',#2133,#2174,#1049,.T.);
#2704=EDGE_CURVE('',#2175,#2174,#1050,.F.);
#2705=EDGE_CURVE('',#2175,#2133,#1051,.T.);
#2706=EDGE_CURVE('',#2176,#2177,#1052,.T.);
#2707=EDGE_CURVE('',#2177,#2178,#1053,.T.);
#2708=EDGE_CURVE('',#2178,#2179,#1054,.T.);
#2709=EDGE_CURVE('',#2179,#2176,#1055,.T.);
#2710=EDGE_CURVE('',#2180,#2181,#1056,.T.);
#2711=EDGE_CURVE('',#2180,#2179,#1057,.T.);
#2712=EDGE_CURVE('',#2181,#2178,#1058,.T.);
#2713=EDGE_CURVE('',#2177,#2182,#1059,.T.);
#2714=EDGE_CURVE('',#2182,#2183,#1060,.T.);
#2715=EDGE_CURVE('',#2184,#2183,#1061,.T.);
#2716=EDGE_CURVE('',#2181,#2184,#1062,.T.);
#2717=EDGE_CURVE('',#2184,#2185,#1063,.T.);
#2718=EDGE_CURVE('',#2186,#2183,#1064,.T.);
#2719=EDGE_CURVE('',#2185,#2186,#1065,.T.);
#2720=EDGE_CURVE('',#2187,#2176,#1066,.T.);
#2721=EDGE_CURVE('',#2185,#2180,#1067,.T.);
#2722=EDGE_CURVE('',#2186,#2187,#1068,.T.);
#2723=EDGE_CURVE('',#2180,#2181,#1069,.T.);
#2724=EDGE_CURVE('',#2188,#2180,#1070,.T.);
#2725=EDGE_CURVE('',#2189,#2188,#1071,.T.);
#2726=EDGE_CURVE('',#2189,#2181,#1072,.T.);
#2727=EDGE_CURVE('',#2181,#2184,#1073,.T.);
#2728=EDGE_CURVE('',#2190,#2189,#1074,.T.);
#2729=EDGE_CURVE('',#2184,#2190,#1075,.T.);
#2730=EDGE_CURVE('',#2185,#2180,#1076,.T.);
#2731=EDGE_CURVE('',#2191,#2185,#1077,.T.);
#2732=EDGE_CURVE('',#2188,#2191,#1078,.T.);
#2733=EDGE_CURVE('',#2192,#2182,#1079,.T.);
#2734=EDGE_CURVE('',#2193,#2192,#1080,.T.);
#2735=EDGE_CURVE('',#2187,#2193,#1081,.T.);
#2736=EDGE_CURVE('',#2194,#2193,#1082,.T.);
#2737=EDGE_CURVE('',#2195,#2194,#1083,.T.);
#2738=EDGE_CURVE('',#2187,#2195,#1084,.T.);
#2739=EDGE_CURVE('',#2196,#2182,#1085,.T.);
#2740=EDGE_CURVE('',#2197,#2196,#1086,.T.);
#2741=EDGE_CURVE('',#2192,#2197,#1087,.T.);
#2742=EDGE_CURVE('',#2198,#2190,#1088,.T.);
#2743=EDGE_CURVE('',#2198,#2199,#1089,.T.);
#2744=EDGE_CURVE('',#2184,#2199,#1090,.T.);
#2745=EDGE_CURVE('',#2200,#2201,#1091,.T.);
#2746=EDGE_CURVE('',#2202,#2201,#1092,.T.);
#2747=EDGE_CURVE('',#2203,#2202,#1093,.T.);
#2748=EDGE_CURVE('',#2204,#2203,#1094,.T.);
#2749=EDGE_CURVE('',#2154,#2204,#1095,.T.);
#2750=EDGE_CURVE('',#2136,#2153,#1096,.F.);
#2751=EDGE_CURVE('',#2135,#2125,#1097,.T.);
#2752=EDGE_CURVE('',#2175,#2124,#1098,.T.);
#2753=EDGE_CURVE('',#2174,#2205,#1099,.T.);
#2754=EDGE_CURVE('',#2205,#2206,#1100,.T.);
#2755=EDGE_CURVE('',#2206,#2185,#1101,.T.);
#2756=EDGE_CURVE('',#2199,#2200,#1102,.T.);
#2757=EDGE_CURVE('',#2207,#2195,#1103,.T.);
#2758=EDGE_CURVE('',#2207,#2205,#1104,.T.);
#2759=EDGE_CURVE('',#2132,#2157,#1105,.T.);
#2760=EDGE_CURVE('',#2201,#2156,#1106,.T.);
#2761=EDGE_CURVE('',#2208,#2200,#1107,.T.);
#2762=EDGE_CURVE('',#2196,#2208,#1108,.T.);
#2763=EDGE_CURVE('',#2209,#2207,#1109,.T.);
#2764=EDGE_CURVE('',#2209,#2206,#1110,.T.);
#2765=EDGE_CURVE('',#2191,#2209,#1111,.T.);
#2766=EDGE_CURVE('',#2208,#2198,#1112,.T.);
#2767=EDGE_CURVE('',#2156,#2202,#1113,.T.);
#2768=EDGE_CURVE('',#2210,#2156,#1114,.T.);
#2769=EDGE_CURVE('',#2203,#2210,#1115,.T.);
#2770=EDGE_CURVE('',#2211,#2204,#1116,.T.);
#2771=EDGE_CURVE('',#2211,#2155,#1117,.T.);
#2772=EDGE_CURVE('',#2134,#2122,#1118,.T.);
#2773=EDGE_CURVE('',#2210,#2211,#1119,.T.);
#2774=EDGE_CURVE('',#2133,#2123,#1120,.T.);
#2775=EDGE_CURVE('',#2212,#2162,#1121,.T.);
#2776=EDGE_CURVE('',#2213,#2212,#1122,.T.);
#2777=EDGE_CURVE('',#2213,#2163,#1123,.T.);
#2778=EDGE_CURVE('',#2142,#2121,#1124,.T.);
#2779=EDGE_CURVE('',#2143,#2120,#1125,.T.);
#2780=EDGE_CURVE('',#2214,#2161,#1126,.T.);
#2781=EDGE_CURVE('',#2212,#2214,#1127,.T.);
#2782=EDGE_CURVE('',#2140,#2119,#1128,.T.);
#2783=EDGE_CURVE('',#2215,#2213,#1129,.T.);
#2784=EDGE_CURVE('',#2215,#2160,#1130,.T.);
#2785=EDGE_CURVE('',#2214,#2215,#1131,.T.);
#2786=EDGE_CURVE('',#2141,#2118,#1132,.T.);
#2787=EDGE_CURVE('',#2137,#2152,#1133,.T.);
#2788=EDGE_CURVE('',#2216,#2158,#1134,.T.);
#2789=EDGE_CURVE('',#2216,#2217,#112,.T.);
#2790=EDGE_CURVE('',#2217,#2159,#1135,.T.);
#2791=EDGE_CURVE('',#2130,#2115,#1136,.T.);
#2792=EDGE_CURVE('',#2131,#2114,#1137,.T.);
#2793=EDGE_CURVE('',#2217,#2146,#1138,.T.);
#2794=EDGE_CURVE('',#2165,#2218,#1139,.T.);
#2795=EDGE_CURVE('',#2218,#2150,#1140,.T.);
#2796=EDGE_CURVE('',#2139,#2108,#1141,.T.);
#2797=EDGE_CURVE('',#2219,#2151,#1142,.T.);
#2798=EDGE_CURVE('',#2219,#2220,#1143,.T.);
#2799=EDGE_CURVE('',#2220,#2110,#1144,.T.);
#2800=EDGE_CURVE('',#2138,#2109,#1145,.T.);
#2801=EDGE_CURVE('',#2218,#2219,#113,.T.);
#2802=EDGE_CURVE('',#2220,#2221,#1146,.T.);
#2803=EDGE_CURVE('',#2111,#2221,#1147,.T.);
#2804=EDGE_CURVE('',#2112,#2194,#1148,.T.);
#2805=EDGE_CURVE('',#2221,#2222,#1149,.T.);
#2806=EDGE_CURVE('',#2197,#2222,#1150,.T.);
#2807=EDGE_CURVE('',#2222,#2223,#1151,.T.);
#2808=EDGE_CURVE('',#2113,#2223,#1152,.T.);
#2809=EDGE_CURVE('',#2223,#2216,#1153,.T.);
#2810=EDGE_CURVE('',#2224,#2225,#293,.T.);
#2811=EDGE_CURVE('',#2225,#2226,#1154,.T.);
#2812=EDGE_CURVE('',#2227,#2226,#294,.T.);
#2813=EDGE_CURVE('',#2224,#2227,#1155,.T.);
#2814=EDGE_CURVE('',#2225,#2228,#295,.T.);
#2815=EDGE_CURVE('',#2228,#2229,#1156,.T.);
#2816=EDGE_CURVE('',#2226,#2229,#296,.T.);
#2817=EDGE_CURVE('',#2228,#2230,#297,.T.);
#2818=EDGE_CURVE('',#2230,#2231,#1157,.T.);
#2819=EDGE_CURVE('',#2229,#2231,#298,.T.);
#2820=EDGE_CURVE('',#2230,#2232,#299,.T.);
#2821=EDGE_CURVE('',#2232,#2233,#1158,.T.);
#2822=EDGE_CURVE('',#2231,#2233,#300,.T.);
#2823=EDGE_CURVE('',#2232,#2234,#301,.T.);
#2824=EDGE_CURVE('',#2234,#2235,#1159,.T.);
#2825=EDGE_CURVE('',#2233,#2235,#302,.T.);
#2826=EDGE_CURVE('',#2234,#2236,#303,.T.);
#2827=EDGE_CURVE('',#2236,#2237,#1160,.T.);
#2828=EDGE_CURVE('',#2235,#2237,#304,.T.);
#2829=EDGE_CURVE('',#2236,#2238,#305,.T.);
#2830=EDGE_CURVE('',#2238,#2239,#1161,.T.);
#2831=EDGE_CURVE('',#2237,#2239,#306,.T.);
#2832=EDGE_CURVE('',#2238,#2240,#307,.T.);
#2833=EDGE_CURVE('',#2240,#2241,#1162,.T.);
#2834=EDGE_CURVE('',#2239,#2241,#308,.T.);
#2835=EDGE_CURVE('',#2240,#2242,#1163,.T.);
#2836=EDGE_CURVE('',#2242,#2243,#1164,.T.);
#2837=EDGE_CURVE('',#2241,#2243,#1165,.T.);
#2838=EDGE_CURVE('',#2244,#2224,#1166,.T.);
#2839=EDGE_CURVE('',#2245,#2227,#1167,.T.);
#2840=EDGE_CURVE('',#2244,#2245,#1168,.T.);
#2841=EDGE_CURVE('',#2246,#2244,#309,.T.);
#2842=EDGE_CURVE('',#2247,#2245,#310,.T.);
#2843=EDGE_CURVE('',#2246,#2247,#1169,.T.);
#2844=EDGE_CURVE('',#2248,#2246,#311,.T.);
#2845=EDGE_CURVE('',#2249,#2247,#312,.T.);
#2846=EDGE_CURVE('',#2248,#2249,#1170,.T.);
#2847=EDGE_CURVE('',#2250,#2248,#313,.T.);
#2848=EDGE_CURVE('',#2251,#2249,#314,.T.);
#2849=EDGE_CURVE('',#2250,#2251,#1171,.T.);
#2850=EDGE_CURVE('',#2252,#2250,#315,.T.);
#2851=EDGE_CURVE('',#2253,#2251,#316,.T.);
#2852=EDGE_CURVE('',#2252,#2253,#1172,.T.);
#2853=EDGE_CURVE('',#2254,#2252,#317,.T.);
#2854=EDGE_CURVE('',#2255,#2253,#318,.T.);
#2855=EDGE_CURVE('',#2254,#2255,#1173,.T.);
#2856=EDGE_CURVE('',#2256,#2254,#319,.T.);
#2857=EDGE_CURVE('',#2257,#2255,#320,.T.);
#2858=EDGE_CURVE('',#2256,#2257,#1174,.T.);
#2859=EDGE_CURVE('',#2258,#2256,#321,.T.);
#2860=EDGE_CURVE('',#2259,#2257,#322,.T.);
#2861=EDGE_CURVE('',#2258,#2259,#1175,.T.);
#2862=EDGE_CURVE('',#2242,#2258,#323,.T.);
#2863=EDGE_CURVE('',#2243,#2259,#324,.T.);
#2864=EDGE_CURVE('',#2260,#2261,#1176,.T.);
#2865=EDGE_CURVE('',#2261,#2262,#1177,.T.);
#2866=EDGE_CURVE('',#2263,#2262,#1178,.T.);
#2867=EDGE_CURVE('',#2260,#2263,#1179,.T.);
#2868=EDGE_CURVE('',#2261,#2264,#1180,.T.);
#2869=EDGE_CURVE('',#2264,#2265,#1181,.T.);
#2870=EDGE_CURVE('',#2262,#2265,#1182,.T.);
#2871=EDGE_CURVE('',#2264,#2266,#1183,.T.);
#2872=EDGE_CURVE('',#2266,#2267,#1184,.T.);
#2873=EDGE_CURVE('',#2265,#2267,#1185,.T.);
#2874=EDGE_CURVE('',#2266,#2268,#1186,.T.);
#2875=EDGE_CURVE('',#2268,#2269,#1187,.T.);
#2876=EDGE_CURVE('',#2267,#2269,#1188,.T.);
#2877=EDGE_CURVE('',#2268,#2270,#1189,.T.);
#2878=EDGE_CURVE('',#2270,#2271,#1190,.T.);
#2879=EDGE_CURVE('',#2269,#2271,#1191,.T.);
#2880=EDGE_CURVE('',#2272,#2260,#1192,.T.);
#2881=EDGE_CURVE('',#2273,#2263,#1193,.T.);
#2882=EDGE_CURVE('',#2272,#2273,#1194,.T.);
#2883=EDGE_CURVE('',#2274,#2272,#1195,.T.);
#2884=EDGE_CURVE('',#2275,#2273,#1196,.T.);
#2885=EDGE_CURVE('',#2274,#2275,#1197,.T.);
#2886=EDGE_CURVE('',#2276,#2274,#1198,.T.);
#2887=EDGE_CURVE('',#2277,#2275,#1199,.T.);
#2888=EDGE_CURVE('',#2276,#2277,#1200,.T.);
#2889=EDGE_CURVE('',#2278,#2276,#1201,.T.);
#2890=EDGE_CURVE('',#2279,#2277,#1202,.T.);
#2891=EDGE_CURVE('',#2278,#2279,#1203,.T.);
#2892=EDGE_CURVE('',#2270,#2278,#1204,.T.);
#2893=EDGE_CURVE('',#2271,#2279,#1205,.T.);
#2894=EDGE_CURVE('',#2280,#2281,#1206,.T.);
#2895=EDGE_CURVE('',#2280,#2282,#1207,.T.);
#2896=EDGE_CURVE('',#2282,#2283,#1208,.T.);
#2897=EDGE_CURVE('',#2281,#2283,#1209,.T.);
#2898=EDGE_CURVE('',#2284,#2280,#1210,.T.);
#2899=EDGE_CURVE('',#2284,#2285,#1211,.T.);
#2900=EDGE_CURVE('',#2285,#2282,#1212,.T.);
#2901=EDGE_CURVE('',#2286,#2284,#1213,.T.);
#2902=EDGE_CURVE('',#2286,#2287,#1214,.T.);
#2903=EDGE_CURVE('',#2287,#2285,#1215,.T.);
#2904=EDGE_CURVE('',#2281,#2286,#1216,.T.);
#2905=EDGE_CURVE('',#2283,#2287,#1217,.T.);
#2906=EDGE_CURVE('',#2288,#2289,#325,.T.);
#2907=EDGE_CURVE('',#2288,#2290,#1218,.T.);
#2908=EDGE_CURVE('',#2291,#2290,#326,.T.);
#2909=EDGE_CURVE('',#2289,#2291,#1219,.T.);
#2910=EDGE_CURVE('',#2292,#2288,#327,.T.);
#2911=EDGE_CURVE('',#2292,#2293,#1220,.T.);
#2912=EDGE_CURVE('',#2290,#2293,#328,.T.);
#2913=EDGE_CURVE('',#2294,#2292,#329,.T.);
#2914=EDGE_CURVE('',#2294,#2295,#1221,.T.);
#2915=EDGE_CURVE('',#2293,#2295,#330,.T.);
#2916=EDGE_CURVE('',#2296,#2294,#331,.T.);
#2917=EDGE_CURVE('',#2296,#2297,#1222,.T.);
#2918=EDGE_CURVE('',#2295,#2297,#332,.T.);
#2919=EDGE_CURVE('',#2298,#2296,#333,.T.);
#2920=EDGE_CURVE('',#2298,#2299,#1223,.T.);
#2921=EDGE_CURVE('',#2297,#2299,#334,.T.);
#2922=EDGE_CURVE('',#2300,#2298,#335,.T.);
#2923=EDGE_CURVE('',#2300,#2301,#1224,.T.);
#2924=EDGE_CURVE('',#2299,#2301,#336,.T.);
#2925=EDGE_CURVE('',#2302,#2300,#337,.T.);
#2926=EDGE_CURVE('',#2302,#2303,#1225,.T.);
#2927=EDGE_CURVE('',#2301,#2303,#338,.T.);
#2928=EDGE_CURVE('',#2304,#2302,#1226,.T.);
#2929=EDGE_CURVE('',#2304,#2305,#1227,.T.);
#2930=EDGE_CURVE('',#2303,#2305,#1228,.T.);
#2931=EDGE_CURVE('',#2306,#2304,#339,.T.);
#2932=EDGE_CURVE('',#2306,#2307,#1229,.T.);
#2933=EDGE_CURVE('',#2305,#2307,#340,.T.);
#2934=EDGE_CURVE('',#2307,#2308,#341,.T.);
#2935=EDGE_CURVE('',#2308,#2309,#342,.T.);
#2936=EDGE_CURVE('',#2309,#2310,#343,.T.);
#2937=EDGE_CURVE('',#2310,#2311,#344,.T.);
#2938=EDGE_CURVE('',#2311,#2312,#345,.T.);
#2939=EDGE_CURVE('',#2312,#2313,#346,.T.);
#2940=EDGE_CURVE('',#2313,#2314,#347,.T.);
#2941=EDGE_CURVE('',#2314,#2315,#1230,.T.);
#2942=EDGE_CURVE('',#2315,#2291,#348,.T.);
#2943=EDGE_CURVE('',#2316,#2306,#349,.T.);
#2944=EDGE_CURVE('',#2316,#2308,#1231,.T.);
#2945=EDGE_CURVE('',#2317,#2316,#350,.T.);
#2946=EDGE_CURVE('',#2317,#2309,#1232,.T.);
#2947=EDGE_CURVE('',#2318,#2317,#351,.T.);
#2948=EDGE_CURVE('',#2318,#2310,#1233,.T.);
#2949=EDGE_CURVE('',#2319,#2318,#352,.T.);
#2950=EDGE_CURVE('',#2319,#2311,#1234,.T.);
#2951=EDGE_CURVE('',#2320,#2319,#353,.T.);
#2952=EDGE_CURVE('',#2320,#2312,#1235,.T.);
#2953=EDGE_CURVE('',#2321,#2320,#354,.T.);
#2954=EDGE_CURVE('',#2321,#2313,#1236,.T.);
#2955=EDGE_CURVE('',#2322,#2321,#355,.T.);
#2956=EDGE_CURVE('',#2322,#2314,#1237,.T.);
#2957=EDGE_CURVE('',#2323,#2322,#1238,.T.);
#2958=EDGE_CURVE('',#2323,#2315,#1239,.T.);
#2959=EDGE_CURVE('',#2289,#2323,#356,.T.);
#2960=EDGE_CURVE('',#2324,#2325,#1240,.T.);
#2961=EDGE_CURVE('',#2324,#2326,#1241,.T.);
#2962=EDGE_CURVE('',#2326,#2327,#1242,.T.);
#2963=EDGE_CURVE('',#2325,#2327,#1243,.T.);
#2964=EDGE_CURVE('',#2328,#2324,#1244,.T.);
#2965=EDGE_CURVE('',#2328,#2329,#1245,.T.);
#2966=EDGE_CURVE('',#2329,#2326,#1246,.T.);
#2967=EDGE_CURVE('',#2330,#2328,#1247,.T.);
#2968=EDGE_CURVE('',#2330,#2331,#1248,.T.);
#2969=EDGE_CURVE('',#2331,#2329,#1249,.T.);
#2970=EDGE_CURVE('',#2325,#2330,#1250,.T.);
#2971=EDGE_CURVE('',#2327,#2331,#1251,.T.);
#2972=EDGE_CURVE('',#2332,#2333,#114,.T.);
#2973=EDGE_CURVE('',#2332,#2334,#1252,.T.);
#2974=EDGE_CURVE('',#2334,#2335,#115,.T.);
#2975=EDGE_CURVE('',#2335,#2333,#1253,.T.);
#2976=EDGE_CURVE('',#2336,#2337,#116,.T.);
#2977=EDGE_CURVE('',#2338,#2337,#1254,.T.);
#2978=EDGE_CURVE('',#2338,#2339,#117,.T.);
#2979=EDGE_CURVE('',#2340,#2339,#1255,.T.);
#2980=EDGE_CURVE('',#2341,#2340,#118,.T.);
#2981=EDGE_CURVE('',#2342,#2341,#1256,.F.);
#2982=EDGE_CURVE('',#2343,#2342,#119,.T.);
#2983=EDGE_CURVE('',#2336,#2343,#1257,.T.);
#2984=EDGE_CURVE('',#2344,#2345,#1258,.T.);
#2985=EDGE_CURVE('',#2345,#2346,#1259,.T.);
#2986=EDGE_CURVE('',#2346,#2347,#1260,.T.);
#2987=EDGE_CURVE('',#2347,#2344,#1261,.T.);
#2988=EDGE_CURVE('',#2348,#2349,#120,.T.);
#2989=EDGE_CURVE('',#2348,#2350,#1262,.T.);
#2990=EDGE_CURVE('',#2350,#2351,#121,.T.);
#2991=EDGE_CURVE('',#2351,#2349,#1263,.T.);
#2992=EDGE_CURVE('',#2338,#2352,#1264,.T.);
#2993=EDGE_CURVE('',#2352,#2353,#122,.T.);
#2994=EDGE_CURVE('',#2353,#2339,#1265,.T.);
#2995=EDGE_CURVE('',#2354,#2333,#1266,.T.);
#2996=EDGE_CURVE('',#2355,#2354,#123,.T.);
#2997=EDGE_CURVE('',#2356,#2355,#1267,.F.);
#2998=EDGE_CURVE('',#2357,#2356,#124,.T.);
#2999=EDGE_CURVE('',#2348,#2357,#1268,.T.);
#3000=EDGE_CURVE('',#2332,#2349,#1269,.T.);
#3001=EDGE_CURVE('',#2358,#2359,#1270,.T.);
#3002=EDGE_CURVE('',#2359,#2360,#1271,.T.);
#3003=EDGE_CURVE('',#2360,#2361,#1272,.T.);
#3004=EDGE_CURVE('',#2361,#2358,#1273,.T.);
#3005=EDGE_CURVE('',#2336,#2362,#1274,.T.);
#3006=EDGE_CURVE('',#2362,#2363,#125,.T.);
#3007=EDGE_CURVE('',#2363,#2337,#1275,.T.);
#3008=EDGE_CURVE('',#2334,#2351,#1276,.T.);
#3009=EDGE_CURVE('',#2352,#2363,#1277,.T.);
#3010=EDGE_CURVE('',#2364,#2353,#1278,.T.);
#3011=EDGE_CURVE('',#2340,#2364,#1279,.T.);
#3012=EDGE_CURVE('',#2365,#2357,#1280,.T.);
#3013=EDGE_CURVE('',#2350,#2365,#1281,.T.);
#3014=EDGE_CURVE('',#2343,#2366,#1282,.T.);
#3015=EDGE_CURVE('',#2362,#2366,#1283,.T.);
#3016=EDGE_CURVE('',#2344,#2367,#1284,.T.);
#3017=EDGE_CURVE('',#2367,#2368,#1285,.T.);
#3018=EDGE_CURVE('',#2368,#2345,#1286,.T.);
#3019=EDGE_CURVE('',#2347,#2369,#1287,.T.);
#3020=EDGE_CURVE('',#2369,#2367,#1288,.T.);
#3021=EDGE_CURVE('',#2370,#2369,#1289,.T.);
#3022=EDGE_CURVE('',#2370,#2368,#1290,.T.);
#3023=EDGE_CURVE('',#2370,#2346,#1291,.T.);
#3024=EDGE_CURVE('',#2358,#2371,#1292,.T.);
#3025=EDGE_CURVE('',#2371,#2372,#1293,.T.);
#3026=EDGE_CURVE('',#2372,#2359,#1294,.T.);
#3027=EDGE_CURVE('',#2361,#2373,#1295,.T.);
#3028=EDGE_CURVE('',#2373,#2371,#1296,.T.);
#3029=EDGE_CURVE('',#2374,#2373,#1297,.T.);
#3030=EDGE_CURVE('',#2374,#2372,#1298,.T.);
#3031=EDGE_CURVE('',#2374,#2360,#1299,.T.);
#3032=EDGE_CURVE('',#2356,#2341,#1300,.T.);
#3033=EDGE_CURVE('',#2342,#2355,#1301,.T.);
#3034=EDGE_CURVE('',#2375,#2376,#1302,.T.);
#3035=EDGE_CURVE('',#2376,#2377,#1303,.T.);
#3036=EDGE_CURVE('',#2377,#2378,#1304,.T.);
#3037=EDGE_CURVE('',#2378,#2375,#1305,.T.);
#3038=EDGE_CURVE('',#2378,#2379,#1306,.T.);
#3039=EDGE_CURVE('',#2377,#2380,#1307,.T.);
#3040=EDGE_CURVE('',#2380,#2379,#1308,.T.);
#3041=EDGE_CURVE('',#2381,#2364,#126,.T.);
#3042=EDGE_CURVE('',#2382,#2381,#1309,.T.);
#3043=EDGE_CURVE('',#2365,#2382,#127,.T.);
#3044=EDGE_CURVE('',#2383,#2354,#1310,.T.);
#3045=EDGE_CURVE('',#2384,#2383,#128,.T.);
#3046=EDGE_CURVE('',#2384,#2385,#1311,.T.);
#3047=EDGE_CURVE('',#2366,#2385,#129,.T.);
#3048=EDGE_CURVE('',#2386,#2387,#1312,.T.);
#3049=EDGE_CURVE('',#2388,#2387,#1313,.T.);
#3050=EDGE_CURVE('',#2389,#2388,#1314,.T.);
#3051=EDGE_CURVE('',#2389,#2386,#1315,.T.);
#3052=EDGE_CURVE('',#2390,#2390,#130,.T.);
#3053=EDGE_CURVE('',#2390,#2391,#1316,.T.);
#3054=EDGE_CURVE('',#2391,#2391,#131,.T.);
#3055=EDGE_CURVE('',#2392,#2393,#1317,.T.);
#3056=EDGE_CURVE('',#2394,#2393,#1318,.T.);
#3057=EDGE_CURVE('',#2395,#2394,#1319,.T.);
#3058=EDGE_CURVE('',#2395,#2392,#1320,.T.);
#3059=EDGE_CURVE('',#2394,#2389,#132,.T.);
#3060=EDGE_CURVE('',#2393,#2386,#133,.T.);
#3061=EDGE_CURVE('',#2387,#2392,#134,.T.);
#3062=EDGE_CURVE('',#2388,#2395,#135,.T.);
#3063=EDGE_CURVE('',#2396,#2397,#1321,.T.);
#3064=EDGE_CURVE('',#2398,#2397,#1322,.T.);
#3065=EDGE_CURVE('',#2399,#2398,#1323,.T.);
#3066=EDGE_CURVE('',#2399,#2396,#1324,.T.);
#3067=EDGE_CURVE('',#2400,#2401,#1325,.T.);
#3068=EDGE_CURVE('',#2402,#2400,#1326,.T.);
#3069=EDGE_CURVE('',#2403,#2402,#1327,.T.);
#3070=EDGE_CURVE('',#2401,#2403,#1328,.T.);
#3071=EDGE_CURVE('',#2404,#2405,#1329,.T.);
#3072=EDGE_CURVE('',#2406,#2404,#1330,.T.);
#3073=EDGE_CURVE('',#2407,#2406,#1331,.T.);
#3074=EDGE_CURVE('',#2405,#2407,#1332,.T.);
#3075=EDGE_CURVE('',#2408,#2380,#1333,.T.);
#3076=EDGE_CURVE('',#2409,#2408,#1334,.T.);
#3077=EDGE_CURVE('',#2379,#2409,#1335,.T.);
#3078=EDGE_CURVE('',#2410,#2411,#1336,.T.);
#3079=EDGE_CURVE('',#2398,#2411,#1337,.T.);
#3080=EDGE_CURVE('',#2397,#2410,#1338,.T.);
#3081=EDGE_CURVE('',#2412,#2413,#1339,.T.);
#3082=EDGE_CURVE('',#2413,#2400,#1340,.T.);
#3083=EDGE_CURVE('',#2401,#2412,#1341,.T.);
#3084=EDGE_CURVE('',#2414,#2412,#1342,.T.);
#3085=EDGE_CURVE('',#2414,#2403,#1343,.T.);
#3086=EDGE_CURVE('',#2415,#2416,#1344,.T.);
#3087=EDGE_CURVE('',#2416,#2407,#1345,.T.);
#3088=EDGE_CURVE('',#2406,#2415,#1346,.T.);
#3089=EDGE_CURVE('',#2417,#2415,#1347,.T.);
#3090=EDGE_CURVE('',#2417,#2404,#1348,.T.);
#3091=EDGE_CURVE('',#2385,#2410,#1349,.T.);
#3092=EDGE_CURVE('',#2418,#2396,#1350,.T.);
#3093=EDGE_CURVE('',#2418,#2381,#1351,.T.);
#3094=EDGE_CURVE('',#2419,#2417,#1352,.T.);
#3095=EDGE_CURVE('',#2419,#2405,#1353,.T.);
#3096=EDGE_CURVE('',#2416,#2419,#1354,.T.);
#3097=EDGE_CURVE('',#2408,#2376,#1355,.T.);
#3098=EDGE_CURVE('',#2375,#2409,#1356,.T.);
#3099=EDGE_CURVE('',#2420,#2414,#1357,.T.);
#3100=EDGE_CURVE('',#2420,#2402,#1358,.T.);
#3101=EDGE_CURVE('',#2413,#2420,#1359,.T.);
#3102=EDGE_CURVE('',#2421,#2418,#1360,.T.);
#3103=EDGE_CURVE('',#2421,#2399,#1361,.T.);
#3104=EDGE_CURVE('',#2382,#2421,#1362,.T.);
#3105=EDGE_CURVE('',#2411,#2384,#1363,.T.);
#3106=EDGE_CURVE('',#2383,#2335,#1364,.T.);
#3107=EDGE_CURVE('',#2422,#2423,#1365,.T.);
#3108=EDGE_CURVE('',#2422,#2424,#136,.T.);
#3109=EDGE_CURVE('',#2424,#2425,#1366,.T.);
#3110=EDGE_CURVE('',#2425,#2426,#357,.T.);
#3111=EDGE_CURVE('',#2423,#2426,#33,.T.);
#3112=EDGE_CURVE('',#2427,#2428,#1367,.T.);
#3113=EDGE_CURVE('',#2427,#2429,#137,.T.);
#3114=EDGE_CURVE('',#2429,#2430,#1368,.T.);
#3115=EDGE_CURVE('',#2431,#2430,#138,.T.);
#3116=EDGE_CURVE('',#2432,#2431,#34,.T.);
#3117=EDGE_CURVE('',#2432,#2428,#358,.T.);
#3118=EDGE_CURVE('',#2433,#2434,#1369,.T.);
#3119=EDGE_CURVE('',#2433,#2435,#1370,.T.);
#3120=EDGE_CURVE('',#2434,#2435,#139,.T.);
#3121=EDGE_CURVE('',#2436,#2437,#1371,.T.);
#3122=EDGE_CURVE('',#2437,#2438,#1372,.T.);
#3123=EDGE_CURVE('',#2436,#2438,#140,.T.);
#3124=EDGE_CURVE('',#2439,#2440,#141,.T.);
#3125=EDGE_CURVE('',#2439,#2441,#1373,.T.);
#3126=EDGE_CURVE('',#2441,#2440,#1374,.T.);
#3127=EDGE_CURVE('',#2442,#2443,#1375,.T.);
#3128=EDGE_CURVE('',#2444,#2443,#1376,.T.);
#3129=EDGE_CURVE('',#2445,#2444,#1377,.T.);
#3130=EDGE_CURVE('',#2442,#2445,#1378,.T.);
#3131=EDGE_CURVE('',#2446,#2447,#1379,.T.);
#3132=EDGE_CURVE('',#2446,#2437,#142,.T.);
#3133=EDGE_CURVE('',#2448,#2436,#1380,.T.);
#3134=EDGE_CURVE('',#2445,#2448,#1381,.T.);
#3135=EDGE_CURVE('',#2449,#2444,#1382,.T.);
#3136=EDGE_CURVE('',#2449,#2450,#1383,.T.);
#3137=EDGE_CURVE('',#2450,#2451,#1384,.T.);
#3138=EDGE_CURVE('',#2451,#2425,#143,.T.);
#3139=EDGE_CURVE('',#2424,#2447,#1385,.T.);
#3140=EDGE_CURVE('',#2447,#2452,#144,.T.);
#3141=EDGE_CURVE('',#2453,#2452,#1386,.T.);
#3142=EDGE_CURVE('',#2454,#2453,#35,.T.);
#3143=EDGE_CURVE('',#2454,#2446,#359,.T.);
#3144=EDGE_CURVE('',#2455,#2423,#1387,.T.);
#3145=EDGE_CURVE('',#2455,#2456,#145,.T.);
#3146=EDGE_CURVE('',#2457,#2456,#1388,.T.);
#3147=EDGE_CURVE('',#2457,#2458,#146,.T.);
#3148=EDGE_CURVE('',#2453,#2458,#1389,.T.);
#3149=EDGE_CURVE('',#2452,#2459,#1390,.T.);
#3150=EDGE_CURVE('',#2459,#2460,#147,.T.);
#3151=EDGE_CURVE('',#2460,#2422,#1391,.T.);
#3152=EDGE_CURVE('',#2456,#2461,#1392,.T.);
#3153=EDGE_CURVE('',#2462,#2461,#1393,.T.);
#3154=EDGE_CURVE('',#2462,#2457,#1394,.T.);
#3155=EDGE_CURVE('',#2461,#2463,#148,.T.);
#3156=EDGE_CURVE('',#2430,#2463,#1395,.T.);
#3157=EDGE_CURVE('',#2464,#2429,#1396,.T.);
#3158=EDGE_CURVE('',#2465,#2464,#149,.T.);
#3159=EDGE_CURVE('',#2466,#2465,#1397,.T.);
#3160=EDGE_CURVE('',#2467,#2466,#1398,.T.);
#3161=EDGE_CURVE('',#2468,#2467,#1399,.T.);
#3162=EDGE_CURVE('',#2468,#2462,#150,.T.);
#3163=EDGE_CURVE('',#2466,#2469,#151,.T.);
#3164=EDGE_CURVE('',#2470,#2469,#1400,.T.);
#3165=EDGE_CURVE('',#2470,#2471,#360,.T.);
#3166=EDGE_CURVE('',#2472,#2471,#36,.T.);
#3167=EDGE_CURVE('',#2467,#2472,#152,.T.);
#3168=EDGE_CURVE('',#2441,#2470,#153,.T.);
#3169=EDGE_CURVE('',#2427,#2469,#1401,.T.);
#3170=EDGE_CURVE('',#2428,#2433,#154,.T.);
#3171=EDGE_CURVE('',#2473,#2434,#1402,.T.);
#3172=EDGE_CURVE('',#2443,#2473,#1403,.T.);
#3173=EDGE_CURVE('',#2474,#2442,#1404,.T.);
#3174=EDGE_CURVE('',#2474,#2440,#1405,.T.);
#3175=EDGE_CURVE('',#2475,#2450,#155,.T.);
#3176=EDGE_CURVE('',#2475,#2451,#1406,.T.);
#3177=EDGE_CURVE('',#2463,#2455,#1407,.T.);
#3178=EDGE_CURVE('',#2431,#2423,#1408,.T.);
#3179=EDGE_CURVE('',#2458,#2468,#1409,.T.);
#3180=EDGE_CURVE('',#2472,#2453,#1410,.T.);
#3181=EDGE_CURVE('',#2471,#2454,#1411,.T.);
#3182=EDGE_CURVE('',#2426,#2432,#1412,.T.);
#3183=EDGE_CURVE('',#2438,#2439,#361,.T.);
#3184=EDGE_CURVE('',#2448,#2474,#156,.T.);
#3185=EDGE_CURVE('',#2435,#2475,#362,.T.);
#3186=EDGE_CURVE('',#2473,#2449,#157,.T.);
#3187=EDGE_CURVE('',#2459,#2465,#1413,.T.);
#3188=EDGE_CURVE('',#2460,#2464,#1414,.T.);
#3189=EDGE_CURVE('',#2424,#2427,#1415,.T.);
#3190=EDGE_CURVE('',#2469,#2447,#1416,.T.);
#3191=EDGE_CURVE('',#2476,#2477,#1417,.T.);
#3192=EDGE_CURVE('',#2478,#2476,#1418,.T.);
#3193=EDGE_CURVE('',#2479,#2478,#1419,.T.);
#3194=EDGE_CURVE('',#2477,#2479,#1420,.T.);
#3195=EDGE_CURVE('',#2480,#2478,#1421,.T.);
#3196=EDGE_CURVE('',#2480,#2481,#1422,.T.);
#3197=EDGE_CURVE('',#2479,#2481,#1423,.T.);
#3198=EDGE_CURVE('',#2476,#2482,#1424,.T.);
#3199=EDGE_CURVE('',#2482,#2483,#158,.T.);
#3200=EDGE_CURVE('',#2483,#2484,#1425,.T.);
#3201=EDGE_CURVE('',#2484,#2485,#159,.T.);
#3202=EDGE_CURVE('',#2485,#2486,#1426,.T.);
#3203=EDGE_CURVE('',#2486,#2480,#160,.T.);
#3204=EDGE_CURVE('',#2487,#2484,#1427,.T.);
#3205=EDGE_CURVE('',#2488,#2487,#161,.T.);
#3206=EDGE_CURVE('',#2485,#2488,#1428,.T.);
#3207=EDGE_CURVE('',#2489,#2490,#162,.T.);
#3208=EDGE_CURVE('',#2483,#2489,#1429,.T.);
#3209=EDGE_CURVE('',#2490,#2482,#1430,.T.);
#3210=EDGE_CURVE('',#2481,#2491,#163,.T.);
#3211=EDGE_CURVE('',#2491,#2486,#1431,.T.);
#3212=EDGE_CURVE('',#2490,#2477,#1432,.T.);
#3213=EDGE_CURVE('',#2491,#2488,#1433,.T.);
#3214=EDGE_CURVE('',#2487,#2489,#1434,.T.);
#3215=EDGE_CURVE('',#2492,#2493,#1435,.T.);
#3216=EDGE_CURVE('',#2494,#2492,#1436,.T.);
#3217=EDGE_CURVE('',#2495,#2494,#1437,.T.);
#3218=EDGE_CURVE('',#2493,#2495,#1438,.T.);
#3219=EDGE_CURVE('',#2496,#2494,#1439,.T.);
#3220=EDGE_CURVE('',#2496,#2497,#1440,.T.);
#3221=EDGE_CURVE('',#2495,#2497,#1441,.T.);
#3222=EDGE_CURVE('',#2492,#2498,#1442,.T.);
#3223=EDGE_CURVE('',#2498,#2499,#164,.T.);
#3224=EDGE_CURVE('',#2499,#2500,#1443,.T.);
#3225=EDGE_CURVE('',#2500,#2501,#165,.T.);
#3226=EDGE_CURVE('',#2501,#2502,#1444,.T.);
#3227=EDGE_CURVE('',#2502,#2496,#166,.T.);
#3228=EDGE_CURVE('',#2503,#2500,#1445,.T.);
#3229=EDGE_CURVE('',#2504,#2503,#167,.T.);
#3230=EDGE_CURVE('',#2501,#2504,#1446,.T.);
#3231=EDGE_CURVE('',#2505,#2506,#168,.T.);
#3232=EDGE_CURVE('',#2499,#2505,#1447,.T.);
#3233=EDGE_CURVE('',#2506,#2498,#1448,.T.);
#3234=EDGE_CURVE('',#2497,#2507,#169,.T.);
#3235=EDGE_CURVE('',#2507,#2502,#1449,.T.);
#3236=EDGE_CURVE('',#2506,#2493,#1450,.T.);
#3237=EDGE_CURVE('',#2507,#2504,#1451,.T.);
#3238=EDGE_CURVE('',#2503,#2505,#1452,.T.);
#3239=EDGE_CURVE('',#2508,#2509,#1453,.T.);
#3240=EDGE_CURVE('',#2510,#2509,#1454,.T.);
#3241=EDGE_CURVE('',#2510,#2511,#1455,.T.);
#3242=EDGE_CURVE('',#2508,#2511,#1456,.T.);
#3243=EDGE_CURVE('',#2512,#2513,#1457,.T.);
#3244=EDGE_CURVE('',#2514,#2513,#1458,.T.);
#3245=EDGE_CURVE('',#2514,#2515,#1459,.T.);
#3246=EDGE_CURVE('',#2512,#2515,#1460,.T.);
#3247=EDGE_CURVE('',#2516,#2514,#170,.T.);
#3248=EDGE_CURVE('',#2517,#2516,#1461,.T.);
#3249=EDGE_CURVE('',#2515,#2517,#171,.T.);
#3250=EDGE_CURVE('',#2511,#2518,#172,.T.);
#3251=EDGE_CURVE('',#2519,#2510,#173,.T.);
#3252=EDGE_CURVE('',#2518,#2519,#1462,.T.);
#3253=EDGE_CURVE('',#2509,#2512,#174,.T.);
#3254=EDGE_CURVE('',#2513,#2508,#175,.T.);
#3255=EDGE_CURVE('',#2518,#2520,#1463,.T.);
#3256=EDGE_CURVE('',#2520,#2521,#1464,.T.);
#3257=EDGE_CURVE('',#2521,#2516,#1465,.T.);
#3258=EDGE_CURVE('',#2521,#2522,#1466,.T.);
#3259=EDGE_CURVE('',#2517,#2522,#1467,.T.);
#3260=EDGE_CURVE('',#2523,#2519,#1468,.T.);
#3261=EDGE_CURVE('',#2523,#2520,#1469,.T.);
#3262=EDGE_CURVE('',#2522,#2523,#1470,.T.);
#3263=EDGE_CURVE('',#2524,#2525,#1471,.T.);
#3264=EDGE_CURVE('',#2524,#2526,#1472,.T.);
#3265=EDGE_CURVE('',#2527,#2526,#1473,.T.);
#3266=EDGE_CURVE('',#2525,#2527,#1474,.T.);
#3267=EDGE_CURVE('',#2525,#2528,#1475,.T.);
#3268=EDGE_CURVE('',#2529,#2527,#1476,.T.);
#3269=EDGE_CURVE('',#2528,#2529,#1477,.T.);
#3270=EDGE_CURVE('',#2528,#2530,#1478,.T.);
#3271=EDGE_CURVE('',#2531,#2529,#1479,.T.);
#3272=EDGE_CURVE('',#2530,#2531,#1480,.T.);
#3273=EDGE_CURVE('',#2530,#2524,#1481,.T.);
#3274=EDGE_CURVE('',#2526,#2531,#1482,.T.);
#3275=EDGE_CURVE('',#2532,#2533,#1483,.T.);
#3276=EDGE_CURVE('',#2534,#2532,#1484,.T.);
#3277=EDGE_CURVE('',#2535,#2534,#1485,.T.);
#3278=EDGE_CURVE('',#2533,#2535,#1486,.T.);
#3279=EDGE_CURVE('',#2536,#2535,#1487,.T.);
#3280=EDGE_CURVE('',#2537,#2536,#1488,.T.);
#3281=EDGE_CURVE('',#2537,#2533,#1489,.T.);
#3282=EDGE_CURVE('',#2538,#2534,#1490,.T.);
#3283=EDGE_CURVE('',#2536,#2538,#176,.T.);
#3284=EDGE_CURVE('',#2539,#2532,#1491,.T.);
#3285=EDGE_CURVE('',#2539,#2538,#1492,.T.);
#3286=EDGE_CURVE('',#2537,#2539,#177,.T.);
#3287=ORIENTED_EDGE('',*,*,#2540,.F.);
#3288=ORIENTED_EDGE('',*,*,#2541,.F.);
#3289=ORIENTED_EDGE('',*,*,#2542,.F.);
#3290=ORIENTED_EDGE('',*,*,#2543,.F.);
#3291=ORIENTED_EDGE('',*,*,#2544,.F.);
#3292=ORIENTED_EDGE('',*,*,#2545,.F.);
#3293=ORIENTED_EDGE('',*,*,#2546,.F.);
#3294=ORIENTED_EDGE('',*,*,#2547,.F.);
#3295=ORIENTED_EDGE('',*,*,#2548,.F.);
#3296=ORIENTED_EDGE('',*,*,#2549,.F.);
#3297=ORIENTED_EDGE('',*,*,#2550,.F.);
#3298=ORIENTED_EDGE('',*,*,#2551,.F.);
#3299=ORIENTED_EDGE('',*,*,#2552,.F.);
#3300=ORIENTED_EDGE('',*,*,#2553,.F.);
#3301=ORIENTED_EDGE('',*,*,#2554,.F.);
#3302=ORIENTED_EDGE('',*,*,#2555,.F.);
#3303=ORIENTED_EDGE('',*,*,#2556,.F.);
#3304=ORIENTED_EDGE('',*,*,#2557,.F.);
#3305=ORIENTED_EDGE('',*,*,#2558,.F.);
#3306=ORIENTED_EDGE('',*,*,#2559,.F.);
#3307=ORIENTED_EDGE('',*,*,#2560,.F.);
#3308=ORIENTED_EDGE('',*,*,#2561,.F.);
#3309=ORIENTED_EDGE('',*,*,#2562,.F.);
#3310=ORIENTED_EDGE('',*,*,#2563,.F.);
#3311=ORIENTED_EDGE('',*,*,#2564,.F.);
#3312=ORIENTED_EDGE('',*,*,#2565,.F.);
#3313=ORIENTED_EDGE('',*,*,#2566,.F.);
#3314=ORIENTED_EDGE('',*,*,#2567,.F.);
#3315=ORIENTED_EDGE('',*,*,#2545,.T.);
#3316=ORIENTED_EDGE('',*,*,#2568,.F.);
#3317=ORIENTED_EDGE('',*,*,#2569,.F.);
#3318=ORIENTED_EDGE('',*,*,#2570,.T.);
#3319=ORIENTED_EDGE('',*,*,#2544,.T.);
#3320=ORIENTED_EDGE('',*,*,#2571,.F.);
#3321=ORIENTED_EDGE('',*,*,#2572,.F.);
#3322=ORIENTED_EDGE('',*,*,#2568,.T.);
#3323=ORIENTED_EDGE('',*,*,#2543,.T.);
#3324=ORIENTED_EDGE('',*,*,#2573,.F.);
#3325=ORIENTED_EDGE('',*,*,#2574,.F.);
#3326=ORIENTED_EDGE('',*,*,#2571,.T.);
#3327=ORIENTED_EDGE('',*,*,#2542,.T.);
#3328=ORIENTED_EDGE('',*,*,#2575,.F.);
#3329=ORIENTED_EDGE('',*,*,#2576,.F.);
#3330=ORIENTED_EDGE('',*,*,#2573,.T.);
#3331=ORIENTED_EDGE('',*,*,#2541,.T.);
#3332=ORIENTED_EDGE('',*,*,#2577,.F.);
#3333=ORIENTED_EDGE('',*,*,#2578,.F.);
#3334=ORIENTED_EDGE('',*,*,#2575,.T.);
#3335=ORIENTED_EDGE('',*,*,#2564,.T.);
#3336=ORIENTED_EDGE('',*,*,#2579,.F.);
#3337=ORIENTED_EDGE('',*,*,#2580,.F.);
#3338=ORIENTED_EDGE('',*,*,#2581,.T.);
#3339=ORIENTED_EDGE('',*,*,#2563,.T.);
#3340=ORIENTED_EDGE('',*,*,#2582,.F.);
#3341=ORIENTED_EDGE('',*,*,#2583,.F.);
#3342=ORIENTED_EDGE('',*,*,#2579,.T.);
#3343=ORIENTED_EDGE('',*,*,#2562,.T.);
#3344=ORIENTED_EDGE('',*,*,#2584,.F.);
#3345=ORIENTED_EDGE('',*,*,#2585,.F.);
#3346=ORIENTED_EDGE('',*,*,#2582,.T.);
#3347=ORIENTED_EDGE('',*,*,#2561,.T.);
#3348=ORIENTED_EDGE('',*,*,#2586,.F.);
#3349=ORIENTED_EDGE('',*,*,#2587,.F.);
#3350=ORIENTED_EDGE('',*,*,#2584,.T.);
#3351=ORIENTED_EDGE('',*,*,#2555,.T.);
#3352=ORIENTED_EDGE('',*,*,#2588,.F.);
#3353=ORIENTED_EDGE('',*,*,#2589,.F.);
#3354=ORIENTED_EDGE('',*,*,#2590,.T.);
#3355=ORIENTED_EDGE('',*,*,#2554,.T.);
#3356=ORIENTED_EDGE('',*,*,#2591,.F.);
#3357=ORIENTED_EDGE('',*,*,#2592,.F.);
#3358=ORIENTED_EDGE('',*,*,#2588,.T.);
#3359=ORIENTED_EDGE('',*,*,#2553,.T.);
#3360=ORIENTED_EDGE('',*,*,#2593,.F.);
#3361=ORIENTED_EDGE('',*,*,#2594,.F.);
#3362=ORIENTED_EDGE('',*,*,#2591,.T.);
#3363=ORIENTED_EDGE('',*,*,#2552,.T.);
#3364=ORIENTED_EDGE('',*,*,#2595,.F.);
#3365=ORIENTED_EDGE('',*,*,#2596,.F.);
#3366=ORIENTED_EDGE('',*,*,#2593,.T.);
#3367=ORIENTED_EDGE('',*,*,#2551,.T.);
#3368=ORIENTED_EDGE('',*,*,#2597,.F.);
#3369=ORIENTED_EDGE('',*,*,#2598,.F.);
#3370=ORIENTED_EDGE('',*,*,#2595,.T.);
#3371=ORIENTED_EDGE('',*,*,#2565,.T.);
#3372=ORIENTED_EDGE('',*,*,#2581,.F.);
#3373=ORIENTED_EDGE('',*,*,#2599,.F.);
#3374=ORIENTED_EDGE('',*,*,#2600,.T.);
#3375=ORIENTED_EDGE('',*,*,#2566,.T.);
#3376=ORIENTED_EDGE('',*,*,#2600,.F.);
#3377=ORIENTED_EDGE('',*,*,#2601,.F.);
#3378=ORIENTED_EDGE('',*,*,#2602,.T.);
#3379=ORIENTED_EDGE('',*,*,#2567,.T.);
#3380=ORIENTED_EDGE('',*,*,#2602,.F.);
#3381=ORIENTED_EDGE('',*,*,#2603,.F.);
#3382=ORIENTED_EDGE('',*,*,#2604,.T.);
#3383=ORIENTED_EDGE('',*,*,#2560,.T.);
#3384=ORIENTED_EDGE('',*,*,#2604,.F.);
#3385=ORIENTED_EDGE('',*,*,#2605,.F.);
#3386=ORIENTED_EDGE('',*,*,#2586,.T.);
#3387=ORIENTED_EDGE('',*,*,#2556,.T.);
#3388=ORIENTED_EDGE('',*,*,#2590,.F.);
#3389=ORIENTED_EDGE('',*,*,#2606,.F.);
#3390=ORIENTED_EDGE('',*,*,#2607,.T.);
#3391=ORIENTED_EDGE('',*,*,#2557,.T.);
#3392=ORIENTED_EDGE('',*,*,#2607,.F.);
#3393=ORIENTED_EDGE('',*,*,#2608,.F.);
#3394=ORIENTED_EDGE('',*,*,#2609,.T.);
#3395=ORIENTED_EDGE('',*,*,#2558,.T.);
#3396=ORIENTED_EDGE('',*,*,#2609,.F.);
#3397=ORIENTED_EDGE('',*,*,#2610,.F.);
#3398=ORIENTED_EDGE('',*,*,#2611,.T.);
#3399=ORIENTED_EDGE('',*,*,#2559,.T.);
#3400=ORIENTED_EDGE('',*,*,#2611,.F.);
#3401=ORIENTED_EDGE('',*,*,#2612,.F.);
#3402=ORIENTED_EDGE('',*,*,#2613,.T.);
#3403=ORIENTED_EDGE('',*,*,#2550,.T.);
#3404=ORIENTED_EDGE('',*,*,#2613,.F.);
#3405=ORIENTED_EDGE('',*,*,#2614,.F.);
#3406=ORIENTED_EDGE('',*,*,#2597,.T.);
#3407=ORIENTED_EDGE('',*,*,#2546,.T.);
#3408=ORIENTED_EDGE('',*,*,#2570,.F.);
#3409=ORIENTED_EDGE('',*,*,#2615,.F.);
#3410=ORIENTED_EDGE('',*,*,#2616,.T.);
#3411=ORIENTED_EDGE('',*,*,#2547,.T.);
#3412=ORIENTED_EDGE('',*,*,#2616,.F.);
#3413=ORIENTED_EDGE('',*,*,#2617,.F.);
#3414=ORIENTED_EDGE('',*,*,#2618,.T.);
#3415=ORIENTED_EDGE('',*,*,#2548,.T.);
#3416=ORIENTED_EDGE('',*,*,#2618,.F.);
#3417=ORIENTED_EDGE('',*,*,#2619,.F.);
#3418=ORIENTED_EDGE('',*,*,#2620,.T.);
#3419=ORIENTED_EDGE('',*,*,#2549,.T.);
#3420=ORIENTED_EDGE('',*,*,#2620,.F.);
#3421=ORIENTED_EDGE('',*,*,#2621,.F.);
#3422=ORIENTED_EDGE('',*,*,#2622,.T.);
#3423=ORIENTED_EDGE('',*,*,#2540,.T.);
#3424=ORIENTED_EDGE('',*,*,#2622,.F.);
#3425=ORIENTED_EDGE('',*,*,#2623,.F.);
#3426=ORIENTED_EDGE('',*,*,#2577,.T.);
#3427=ORIENTED_EDGE('',*,*,#2624,.F.);
#3428=ORIENTED_EDGE('',*,*,#2625,.F.);
#3429=ORIENTED_EDGE('',*,*,#2626,.F.);
#3430=ORIENTED_EDGE('',*,*,#2627,.F.);
#3431=ORIENTED_EDGE('',*,*,#2628,.T.);
#3432=ORIENTED_EDGE('',*,*,#2629,.T.);
#3433=ORIENTED_EDGE('',*,*,#2630,.T.);
#3434=ORIENTED_EDGE('',*,*,#2631,.F.);
#3435=ORIENTED_EDGE('',*,*,#2632,.F.);
#3436=ORIENTED_EDGE('',*,*,#2633,.F.);
#3437=ORIENTED_EDGE('',*,*,#2634,.F.);
#3438=ORIENTED_EDGE('',*,*,#2635,.F.);
#3439=ORIENTED_EDGE('',*,*,#2636,.T.);
#3440=ORIENTED_EDGE('',*,*,#2637,.T.);
#3441=ORIENTED_EDGE('',*,*,#2638,.T.);
#3442=ORIENTED_EDGE('',*,*,#2639,.T.);
#3443=ORIENTED_EDGE('',*,*,#2640,.T.);
#3444=ORIENTED_EDGE('',*,*,#2641,.T.);
#3445=ORIENTED_EDGE('',*,*,#2642,.T.);
#3446=ORIENTED_EDGE('',*,*,#2643,.T.);
#3447=ORIENTED_EDGE('',*,*,#2578,.T.);
#3448=ORIENTED_EDGE('',*,*,#2623,.T.);
#3449=ORIENTED_EDGE('',*,*,#2621,.T.);
#3450=ORIENTED_EDGE('',*,*,#2619,.T.);
#3451=ORIENTED_EDGE('',*,*,#2617,.T.);
#3452=ORIENTED_EDGE('',*,*,#2615,.T.);
#3453=ORIENTED_EDGE('',*,*,#2569,.T.);
#3454=ORIENTED_EDGE('',*,*,#2572,.T.);
#3455=ORIENTED_EDGE('',*,*,#2574,.T.);
#3456=ORIENTED_EDGE('',*,*,#2576,.T.);
#3457=ORIENTED_EDGE('',*,*,#2598,.T.);
#3458=ORIENTED_EDGE('',*,*,#2614,.T.);
#3459=ORIENTED_EDGE('',*,*,#2612,.T.);
#3460=ORIENTED_EDGE('',*,*,#2610,.T.);
#3461=ORIENTED_EDGE('',*,*,#2608,.T.);
#3462=ORIENTED_EDGE('',*,*,#2606,.T.);
#3463=ORIENTED_EDGE('',*,*,#2589,.T.);
#3464=ORIENTED_EDGE('',*,*,#2592,.T.);
#3465=ORIENTED_EDGE('',*,*,#2594,.T.);
#3466=ORIENTED_EDGE('',*,*,#2596,.T.);
#3467=ORIENTED_EDGE('',*,*,#2624,.T.);
#3468=ORIENTED_EDGE('',*,*,#2644,.T.);
#3469=ORIENTED_EDGE('',*,*,#2645,.T.);
#3470=ORIENTED_EDGE('',*,*,#2646,.T.);
#3471=ORIENTED_EDGE('',*,*,#2645,.F.);
#3472=ORIENTED_EDGE('',*,*,#2647,.F.);
#3473=ORIENTED_EDGE('',*,*,#2648,.F.);
#3474=ORIENTED_EDGE('',*,*,#2649,.F.);
#3475=ORIENTED_EDGE('',*,*,#2650,.F.);
#3476=ORIENTED_EDGE('',*,*,#2651,.F.);
#3477=ORIENTED_EDGE('',*,*,#2652,.T.);
#3478=ORIENTED_EDGE('',*,*,#2653,.T.);
#3479=ORIENTED_EDGE('',*,*,#2654,.T.);
#3480=ORIENTED_EDGE('',*,*,#2655,.F.);
#3481=ORIENTED_EDGE('',*,*,#2656,.F.);
#3482=ORIENTED_EDGE('',*,*,#2657,.F.);
#3483=ORIENTED_EDGE('',*,*,#2658,.F.);
#3484=ORIENTED_EDGE('',*,*,#2659,.F.);
#3485=ORIENTED_EDGE('',*,*,#2660,.T.);
#3486=ORIENTED_EDGE('',*,*,#2661,.T.);
#3487=ORIENTED_EDGE('',*,*,#2662,.T.);
#3488=ORIENTED_EDGE('',*,*,#2663,.T.);
#3489=ORIENTED_EDGE('',*,*,#2644,.F.);
#3490=ORIENTED_EDGE('',*,*,#2635,.T.);
#3491=ORIENTED_EDGE('',*,*,#2664,.F.);
#3492=ORIENTED_EDGE('',*,*,#2647,.T.);
#3493=ORIENTED_EDGE('',*,*,#2634,.T.);
#3494=ORIENTED_EDGE('',*,*,#2665,.T.);
#3495=ORIENTED_EDGE('',*,*,#2648,.T.);
#3496=ORIENTED_EDGE('',*,*,#2664,.T.);
#3497=ORIENTED_EDGE('',*,*,#2666,.T.);
#3498=ORIENTED_EDGE('',*,*,#2667,.T.);
#3499=ORIENTED_EDGE('',*,*,#2668,.T.);
#3500=ORIENTED_EDGE('',*,*,#2669,.T.);
#3501=ORIENTED_EDGE('',*,*,#2666,.F.);
#3502=ORIENTED_EDGE('',*,*,#2670,.F.);
#3503=ORIENTED_EDGE('',*,*,#2671,.F.);
#3504=ORIENTED_EDGE('',*,*,#2672,.F.);
#3505=ORIENTED_EDGE('',*,*,#2673,.F.);
#3506=ORIENTED_EDGE('',*,*,#2674,.F.);
#3507=ORIENTED_EDGE('',*,*,#2675,.T.);
#3508=ORIENTED_EDGE('',*,*,#2676,.T.);
#3509=ORIENTED_EDGE('',*,*,#2677,.T.);
#3510=ORIENTED_EDGE('',*,*,#2678,.T.);
#3511=ORIENTED_EDGE('',*,*,#2679,.T.);
#3512=ORIENTED_EDGE('',*,*,#2680,.F.);
#3513=ORIENTED_EDGE('',*,*,#2681,.F.);
#3514=ORIENTED_EDGE('',*,*,#2682,.F.);
#3515=ORIENTED_EDGE('',*,*,#2683,.T.);
#3516=ORIENTED_EDGE('',*,*,#2684,.T.);
#3517=ORIENTED_EDGE('',*,*,#2685,.T.);
#3518=ORIENTED_EDGE('',*,*,#2686,.T.);
#3519=ORIENTED_EDGE('',*,*,#2669,.F.);
#3520=ORIENTED_EDGE('',*,*,#2687,.T.);
#3521=ORIENTED_EDGE('',*,*,#2688,.F.);
#3522=ORIENTED_EDGE('',*,*,#2670,.T.);
#3523=ORIENTED_EDGE('',*,*,#2671,.T.);
#3524=ORIENTED_EDGE('',*,*,#2688,.T.);
#3525=ORIENTED_EDGE('',*,*,#2689,.T.);
#3526=ORIENTED_EDGE('',*,*,#2690,.T.);
#3527=ORIENTED_EDGE('',*,*,#2691,.F.);
#3528=ORIENTED_EDGE('',*,*,#2692,.F.);
#3529=ORIENTED_EDGE('',*,*,#2693,.T.);
#3530=ORIENTED_EDGE('',*,*,#2694,.T.);
#3531=ORIENTED_EDGE('',*,*,#2695,.F.);
#3532=ORIENTED_EDGE('',*,*,#2694,.F.);
#3533=ORIENTED_EDGE('',*,*,#2696,.F.);
#3534=ORIENTED_EDGE('',*,*,#2697,.T.);
#3535=ORIENTED_EDGE('',*,*,#2698,.F.);
#3536=ORIENTED_EDGE('',*,*,#2697,.F.);
#3537=ORIENTED_EDGE('',*,*,#2699,.F.);
#3538=ORIENTED_EDGE('',*,*,#2700,.T.);
#3539=ORIENTED_EDGE('',*,*,#2701,.F.);
#3540=ORIENTED_EDGE('',*,*,#2700,.F.);
#3541=ORIENTED_EDGE('',*,*,#2702,.T.);
#3542=ORIENTED_EDGE('',*,*,#2692,.T.);
#3543=ORIENTED_EDGE('',*,*,#2703,.T.);
#3544=ORIENTED_EDGE('',*,*,#2704,.F.);
#3545=ORIENTED_EDGE('',*,*,#2705,.T.);
#3546=ORIENTED_EDGE('',*,*,#2706,.T.);
#3547=ORIENTED_EDGE('',*,*,#2707,.T.);
#3548=ORIENTED_EDGE('',*,*,#2708,.T.);
#3549=ORIENTED_EDGE('',*,*,#2709,.T.);
#3550=ORIENTED_EDGE('',*,*,#2710,.F.);
#3551=ORIENTED_EDGE('',*,*,#2711,.T.);
#3552=ORIENTED_EDGE('',*,*,#2708,.F.);
#3553=ORIENTED_EDGE('',*,*,#2712,.F.);
#3554=ORIENTED_EDGE('',*,*,#2713,.T.);
#3555=ORIENTED_EDGE('',*,*,#2714,.T.);
#3556=ORIENTED_EDGE('',*,*,#2715,.F.);
#3557=ORIENTED_EDGE('',*,*,#2716,.F.);
#3558=ORIENTED_EDGE('',*,*,#2712,.T.);
#3559=ORIENTED_EDGE('',*,*,#2707,.F.);
#3560=ORIENTED_EDGE('',*,*,#2717,.F.);
#3561=ORIENTED_EDGE('',*,*,#2715,.T.);
#3562=ORIENTED_EDGE('',*,*,#2718,.F.);
#3563=ORIENTED_EDGE('',*,*,#2719,.F.);
#3564=ORIENTED_EDGE('',*,*,#2720,.T.);
#3565=ORIENTED_EDGE('',*,*,#2709,.F.);
#3566=ORIENTED_EDGE('',*,*,#2711,.F.);
#3567=ORIENTED_EDGE('',*,*,#2721,.F.);
#3568=ORIENTED_EDGE('',*,*,#2719,.T.);
#3569=ORIENTED_EDGE('',*,*,#2722,.T.);
#3570=ORIENTED_EDGE('',*,*,#2721,.T.);
#3571=ORIENTED_EDGE('',*,*,#2710,.T.);
#3572=ORIENTED_EDGE('',*,*,#2716,.T.);
#3573=ORIENTED_EDGE('',*,*,#2717,.T.);
#3574=ORIENTED_EDGE('',*,*,#2723,.F.);
#3575=ORIENTED_EDGE('',*,*,#2724,.F.);
#3576=ORIENTED_EDGE('',*,*,#2725,.F.);
#3577=ORIENTED_EDGE('',*,*,#2726,.T.);
#3578=ORIENTED_EDGE('',*,*,#2727,.F.);
#3579=ORIENTED_EDGE('',*,*,#2726,.F.);
#3580=ORIENTED_EDGE('',*,*,#2728,.F.);
#3581=ORIENTED_EDGE('',*,*,#2729,.F.);
#3582=ORIENTED_EDGE('',*,*,#2730,.F.);
#3583=ORIENTED_EDGE('',*,*,#2731,.F.);
#3584=ORIENTED_EDGE('',*,*,#2732,.F.);
#3585=ORIENTED_EDGE('',*,*,#2724,.T.);
#3586=ORIENTED_EDGE('',*,*,#2733,.F.);
#3587=ORIENTED_EDGE('',*,*,#2734,.F.);
#3588=ORIENTED_EDGE('',*,*,#2735,.F.);
#3589=ORIENTED_EDGE('',*,*,#2722,.F.);
#3590=ORIENTED_EDGE('',*,*,#2718,.T.);
#3591=ORIENTED_EDGE('',*,*,#2714,.F.);
#3592=ORIENTED_EDGE('',*,*,#2735,.T.);
#3593=ORIENTED_EDGE('',*,*,#2736,.F.);
#3594=ORIENTED_EDGE('',*,*,#2737,.F.);
#3595=ORIENTED_EDGE('',*,*,#2738,.F.);
#3596=ORIENTED_EDGE('',*,*,#2739,.F.);
#3597=ORIENTED_EDGE('',*,*,#2740,.F.);
#3598=ORIENTED_EDGE('',*,*,#2741,.F.);
#3599=ORIENTED_EDGE('',*,*,#2733,.T.);
#3600=ORIENTED_EDGE('',*,*,#2729,.T.);
#3601=ORIENTED_EDGE('',*,*,#2742,.F.);
#3602=ORIENTED_EDGE('',*,*,#2743,.T.);
#3603=ORIENTED_EDGE('',*,*,#2744,.F.);
#3604=ORIENTED_EDGE('',*,*,#2745,.T.);
#3605=ORIENTED_EDGE('',*,*,#2746,.F.);
#3606=ORIENTED_EDGE('',*,*,#2747,.F.);
#3607=ORIENTED_EDGE('',*,*,#2748,.F.);
#3608=ORIENTED_EDGE('',*,*,#2749,.F.);
#3609=ORIENTED_EDGE('',*,*,#2676,.F.);
#3610=ORIENTED_EDGE('',*,*,#2750,.F.);
#3611=ORIENTED_EDGE('',*,*,#2655,.T.);
#3612=ORIENTED_EDGE('',*,*,#2751,.T.);
#3613=ORIENTED_EDGE('',*,*,#2642,.F.);
#3614=ORIENTED_EDGE('',*,*,#2752,.F.);
#3615=ORIENTED_EDGE('',*,*,#2704,.T.);
#3616=ORIENTED_EDGE('',*,*,#2753,.T.);
#3617=ORIENTED_EDGE('',*,*,#2754,.T.);
#3618=ORIENTED_EDGE('',*,*,#2755,.T.);
#3619=ORIENTED_EDGE('',*,*,#2730,.T.);
#3620=ORIENTED_EDGE('',*,*,#2723,.T.);
#3621=ORIENTED_EDGE('',*,*,#2727,.T.);
#3622=ORIENTED_EDGE('',*,*,#2744,.T.);
#3623=ORIENTED_EDGE('',*,*,#2756,.T.);
#3624=ORIENTED_EDGE('',*,*,#2698,.T.);
#3625=ORIENTED_EDGE('',*,*,#2701,.T.);
#3626=ORIENTED_EDGE('',*,*,#2691,.T.);
#3627=ORIENTED_EDGE('',*,*,#2695,.T.);
#3628=ORIENTED_EDGE('',*,*,#2739,.T.);
#3629=ORIENTED_EDGE('',*,*,#2713,.F.);
#3630=ORIENTED_EDGE('',*,*,#2706,.F.);
#3631=ORIENTED_EDGE('',*,*,#2720,.F.);
#3632=ORIENTED_EDGE('',*,*,#2738,.T.);
#3633=ORIENTED_EDGE('',*,*,#2757,.F.);
#3634=ORIENTED_EDGE('',*,*,#2758,.T.);
#3635=ORIENTED_EDGE('',*,*,#2753,.F.);
#3636=ORIENTED_EDGE('',*,*,#2703,.F.);
#3637=ORIENTED_EDGE('',*,*,#2652,.F.);
#3638=ORIENTED_EDGE('',*,*,#2759,.T.);
#3639=ORIENTED_EDGE('',*,*,#2679,.F.);
#3640=ORIENTED_EDGE('',*,*,#2760,.F.);
#3641=ORIENTED_EDGE('',*,*,#2745,.F.);
#3642=ORIENTED_EDGE('',*,*,#2761,.F.);
#3643=ORIENTED_EDGE('',*,*,#2762,.F.);
#3644=ORIENTED_EDGE('',*,*,#2754,.F.);
#3645=ORIENTED_EDGE('',*,*,#2758,.F.);
#3646=ORIENTED_EDGE('',*,*,#2763,.F.);
#3647=ORIENTED_EDGE('',*,*,#2764,.T.);
#3648=ORIENTED_EDGE('',*,*,#2731,.T.);
#3649=ORIENTED_EDGE('',*,*,#2755,.F.);
#3650=ORIENTED_EDGE('',*,*,#2764,.F.);
#3651=ORIENTED_EDGE('',*,*,#2765,.F.);
#3652=ORIENTED_EDGE('',*,*,#2756,.F.);
#3653=ORIENTED_EDGE('',*,*,#2743,.F.);
#3654=ORIENTED_EDGE('',*,*,#2766,.F.);
#3655=ORIENTED_EDGE('',*,*,#2761,.T.);
#3656=ORIENTED_EDGE('',*,*,#2767,.F.);
#3657=ORIENTED_EDGE('',*,*,#2768,.F.);
#3658=ORIENTED_EDGE('',*,*,#2769,.F.);
#3659=ORIENTED_EDGE('',*,*,#2747,.T.);
#3660=ORIENTED_EDGE('',*,*,#2677,.F.);
#3661=ORIENTED_EDGE('',*,*,#2749,.T.);
#3662=ORIENTED_EDGE('',*,*,#2770,.F.);
#3663=ORIENTED_EDGE('',*,*,#2771,.T.);
#3664=ORIENTED_EDGE('',*,*,#2654,.F.);
#3665=ORIENTED_EDGE('',*,*,#2772,.T.);
#3666=ORIENTED_EDGE('',*,*,#2643,.F.);
#3667=ORIENTED_EDGE('',*,*,#2751,.F.);
#3668=ORIENTED_EDGE('',*,*,#2678,.F.);
#3669=ORIENTED_EDGE('',*,*,#2771,.F.);
#3670=ORIENTED_EDGE('',*,*,#2773,.F.);
#3671=ORIENTED_EDGE('',*,*,#2768,.T.);
#3672=ORIENTED_EDGE('',*,*,#2653,.F.);
#3673=ORIENTED_EDGE('',*,*,#2774,.T.);
#3674=ORIENTED_EDGE('',*,*,#2640,.F.);
#3675=ORIENTED_EDGE('',*,*,#2772,.F.);
#3676=ORIENTED_EDGE('',*,*,#2705,.F.);
#3677=ORIENTED_EDGE('',*,*,#2752,.T.);
#3678=ORIENTED_EDGE('',*,*,#2641,.F.);
#3679=ORIENTED_EDGE('',*,*,#2774,.F.);
#3680=ORIENTED_EDGE('',*,*,#2685,.F.);
#3681=ORIENTED_EDGE('',*,*,#2775,.F.);
#3682=ORIENTED_EDGE('',*,*,#2776,.F.);
#3683=ORIENTED_EDGE('',*,*,#2777,.T.);
#3684=ORIENTED_EDGE('',*,*,#2662,.F.);
#3685=ORIENTED_EDGE('',*,*,#2778,.T.);
#3686=ORIENTED_EDGE('',*,*,#2638,.F.);
#3687=ORIENTED_EDGE('',*,*,#2779,.F.);
#3688=ORIENTED_EDGE('',*,*,#2684,.F.);
#3689=ORIENTED_EDGE('',*,*,#2780,.F.);
#3690=ORIENTED_EDGE('',*,*,#2781,.F.);
#3691=ORIENTED_EDGE('',*,*,#2775,.T.);
#3692=ORIENTED_EDGE('',*,*,#2663,.F.);
#3693=ORIENTED_EDGE('',*,*,#2779,.T.);
#3694=ORIENTED_EDGE('',*,*,#2637,.F.);
#3695=ORIENTED_EDGE('',*,*,#2782,.F.);
#3696=ORIENTED_EDGE('',*,*,#2686,.F.);
#3697=ORIENTED_EDGE('',*,*,#2777,.F.);
#3698=ORIENTED_EDGE('',*,*,#2783,.F.);
#3699=ORIENTED_EDGE('',*,*,#2784,.T.);
#3700=ORIENTED_EDGE('',*,*,#2683,.F.);
#3701=ORIENTED_EDGE('',*,*,#2784,.F.);
#3702=ORIENTED_EDGE('',*,*,#2785,.F.);
#3703=ORIENTED_EDGE('',*,*,#2780,.T.);
#3704=ORIENTED_EDGE('',*,*,#2660,.F.);
#3705=ORIENTED_EDGE('',*,*,#2782,.T.);
#3706=ORIENTED_EDGE('',*,*,#2636,.F.);
#3707=ORIENTED_EDGE('',*,*,#2786,.F.);
#3708=ORIENTED_EDGE('',*,*,#2661,.F.);
#3709=ORIENTED_EDGE('',*,*,#2786,.T.);
#3710=ORIENTED_EDGE('',*,*,#2639,.F.);
#3711=ORIENTED_EDGE('',*,*,#2778,.F.);
#3712=ORIENTED_EDGE('',*,*,#2787,.F.);
#3713=ORIENTED_EDGE('',*,*,#2656,.T.);
#3714=ORIENTED_EDGE('',*,*,#2750,.T.);
#3715=ORIENTED_EDGE('',*,*,#2675,.F.);
#3716=ORIENTED_EDGE('',*,*,#2760,.T.);
#3717=ORIENTED_EDGE('',*,*,#2767,.T.);
#3718=ORIENTED_EDGE('',*,*,#2746,.T.);
#3719=ORIENTED_EDGE('',*,*,#2681,.T.);
#3720=ORIENTED_EDGE('',*,*,#2788,.F.);
#3721=ORIENTED_EDGE('',*,*,#2789,.T.);
#3722=ORIENTED_EDGE('',*,*,#2790,.T.);
#3723=ORIENTED_EDGE('',*,*,#2650,.T.);
#3724=ORIENTED_EDGE('',*,*,#2791,.T.);
#3725=ORIENTED_EDGE('',*,*,#2632,.T.);
#3726=ORIENTED_EDGE('',*,*,#2792,.F.);
#3727=ORIENTED_EDGE('',*,*,#2667,.F.);
#3728=ORIENTED_EDGE('',*,*,#2682,.T.);
#3729=ORIENTED_EDGE('',*,*,#2790,.F.);
#3730=ORIENTED_EDGE('',*,*,#2793,.T.);
#3731=ORIENTED_EDGE('',*,*,#2665,.F.);
#3732=ORIENTED_EDGE('',*,*,#2633,.T.);
#3733=ORIENTED_EDGE('',*,*,#2791,.F.);
#3734=ORIENTED_EDGE('',*,*,#2649,.T.);
#3735=ORIENTED_EDGE('',*,*,#2690,.F.);
#3736=ORIENTED_EDGE('',*,*,#2794,.T.);
#3737=ORIENTED_EDGE('',*,*,#2795,.T.);
#3738=ORIENTED_EDGE('',*,*,#2672,.T.);
#3739=ORIENTED_EDGE('',*,*,#2646,.F.);
#3740=ORIENTED_EDGE('',*,*,#2659,.T.);
#3741=ORIENTED_EDGE('',*,*,#2796,.T.);
#3742=ORIENTED_EDGE('',*,*,#2625,.T.);
#3743=ORIENTED_EDGE('',*,*,#2657,.T.);
#3744=ORIENTED_EDGE('',*,*,#2787,.T.);
#3745=ORIENTED_EDGE('',*,*,#2674,.T.);
#3746=ORIENTED_EDGE('',*,*,#2797,.F.);
#3747=ORIENTED_EDGE('',*,*,#2798,.T.);
#3748=ORIENTED_EDGE('',*,*,#2799,.T.);
#3749=ORIENTED_EDGE('',*,*,#2627,.T.);
#3750=ORIENTED_EDGE('',*,*,#2800,.F.);
#3751=ORIENTED_EDGE('',*,*,#2673,.T.);
#3752=ORIENTED_EDGE('',*,*,#2795,.F.);
#3753=ORIENTED_EDGE('',*,*,#2801,.T.);
#3754=ORIENTED_EDGE('',*,*,#2797,.T.);
#3755=ORIENTED_EDGE('',*,*,#2658,.T.);
#3756=ORIENTED_EDGE('',*,*,#2800,.T.);
#3757=ORIENTED_EDGE('',*,*,#2626,.T.);
#3758=ORIENTED_EDGE('',*,*,#2796,.F.);
#3759=ORIENTED_EDGE('',*,*,#2587,.T.);
#3760=ORIENTED_EDGE('',*,*,#2605,.T.);
#3761=ORIENTED_EDGE('',*,*,#2603,.T.);
#3762=ORIENTED_EDGE('',*,*,#2601,.T.);
#3763=ORIENTED_EDGE('',*,*,#2599,.T.);
#3764=ORIENTED_EDGE('',*,*,#2580,.T.);
#3765=ORIENTED_EDGE('',*,*,#2583,.T.);
#3766=ORIENTED_EDGE('',*,*,#2585,.T.);
#3767=ORIENTED_EDGE('',*,*,#2799,.F.);
#3768=ORIENTED_EDGE('',*,*,#2802,.T.);
#3769=ORIENTED_EDGE('',*,*,#2803,.F.);
#3770=ORIENTED_EDGE('',*,*,#2628,.F.);
#3771=ORIENTED_EDGE('',*,*,#2732,.T.);
#3772=ORIENTED_EDGE('',*,*,#2765,.T.);
#3773=ORIENTED_EDGE('',*,*,#2763,.T.);
#3774=ORIENTED_EDGE('',*,*,#2757,.T.);
#3775=ORIENTED_EDGE('',*,*,#2737,.T.);
#3776=ORIENTED_EDGE('',*,*,#2804,.F.);
#3777=ORIENTED_EDGE('',*,*,#2629,.F.);
#3778=ORIENTED_EDGE('',*,*,#2803,.T.);
#3779=ORIENTED_EDGE('',*,*,#2805,.T.);
#3780=ORIENTED_EDGE('',*,*,#2806,.F.);
#3781=ORIENTED_EDGE('',*,*,#2740,.T.);
#3782=ORIENTED_EDGE('',*,*,#2762,.T.);
#3783=ORIENTED_EDGE('',*,*,#2766,.T.);
#3784=ORIENTED_EDGE('',*,*,#2742,.T.);
#3785=ORIENTED_EDGE('',*,*,#2728,.T.);
#3786=ORIENTED_EDGE('',*,*,#2725,.T.);
#3787=ORIENTED_EDGE('',*,*,#2702,.F.);
#3788=ORIENTED_EDGE('',*,*,#2699,.T.);
#3789=ORIENTED_EDGE('',*,*,#2696,.T.);
#3790=ORIENTED_EDGE('',*,*,#2693,.F.);
#3791=ORIENTED_EDGE('',*,*,#2741,.T.);
#3792=ORIENTED_EDGE('',*,*,#2806,.T.);
#3793=ORIENTED_EDGE('',*,*,#2807,.T.);
#3794=ORIENTED_EDGE('',*,*,#2808,.F.);
#3795=ORIENTED_EDGE('',*,*,#2630,.F.);
#3796=ORIENTED_EDGE('',*,*,#2804,.T.);
#3797=ORIENTED_EDGE('',*,*,#2736,.T.);
#3798=ORIENTED_EDGE('',*,*,#2734,.T.);
#3799=ORIENTED_EDGE('',*,*,#2668,.F.);
#3800=ORIENTED_EDGE('',*,*,#2793,.F.);
#3801=ORIENTED_EDGE('',*,*,#2789,.F.);
#3802=ORIENTED_EDGE('',*,*,#2809,.F.);
#3803=ORIENTED_EDGE('',*,*,#2807,.F.);
#3804=ORIENTED_EDGE('',*,*,#2805,.F.);
#3805=ORIENTED_EDGE('',*,*,#2802,.F.);
#3806=ORIENTED_EDGE('',*,*,#2798,.F.);
#3807=ORIENTED_EDGE('',*,*,#2801,.F.);
#3808=ORIENTED_EDGE('',*,*,#2794,.F.);
#3809=ORIENTED_EDGE('',*,*,#2689,.F.);
#3810=ORIENTED_EDGE('',*,*,#2687,.F.);
#3811=ORIENTED_EDGE('',*,*,#2748,.T.);
#3812=ORIENTED_EDGE('',*,*,#2769,.T.);
#3813=ORIENTED_EDGE('',*,*,#2773,.T.);
#3814=ORIENTED_EDGE('',*,*,#2770,.T.);
#3815=ORIENTED_EDGE('',*,*,#2785,.T.);
#3816=ORIENTED_EDGE('',*,*,#2783,.T.);
#3817=ORIENTED_EDGE('',*,*,#2776,.T.);
#3818=ORIENTED_EDGE('',*,*,#2781,.T.);
#3819=ORIENTED_EDGE('',*,*,#2651,.T.);
#3820=ORIENTED_EDGE('',*,*,#2792,.T.);
#3821=ORIENTED_EDGE('',*,*,#2631,.T.);
#3822=ORIENTED_EDGE('',*,*,#2808,.T.);
#3823=ORIENTED_EDGE('',*,*,#2809,.T.);
#3824=ORIENTED_EDGE('',*,*,#2788,.T.);
#3825=ORIENTED_EDGE('',*,*,#2680,.T.);
#3826=ORIENTED_EDGE('',*,*,#2759,.F.);
#3827=ORIENTED_EDGE('',*,*,#2810,.T.);
#3828=ORIENTED_EDGE('',*,*,#2811,.T.);
#3829=ORIENTED_EDGE('',*,*,#2812,.F.);
#3830=ORIENTED_EDGE('',*,*,#2813,.F.);
#3831=ORIENTED_EDGE('',*,*,#2814,.T.);
#3832=ORIENTED_EDGE('',*,*,#2815,.T.);
#3833=ORIENTED_EDGE('',*,*,#2816,.F.);
#3834=ORIENTED_EDGE('',*,*,#2811,.F.);
#3835=ORIENTED_EDGE('',*,*,#2817,.T.);
#3836=ORIENTED_EDGE('',*,*,#2818,.T.);
#3837=ORIENTED_EDGE('',*,*,#2819,.F.);
#3838=ORIENTED_EDGE('',*,*,#2815,.F.);
#3839=ORIENTED_EDGE('',*,*,#2820,.T.);
#3840=ORIENTED_EDGE('',*,*,#2821,.T.);
#3841=ORIENTED_EDGE('',*,*,#2822,.F.);
#3842=ORIENTED_EDGE('',*,*,#2818,.F.);
#3843=ORIENTED_EDGE('',*,*,#2823,.T.);
#3844=ORIENTED_EDGE('',*,*,#2824,.T.);
#3845=ORIENTED_EDGE('',*,*,#2825,.F.);
#3846=ORIENTED_EDGE('',*,*,#2821,.F.);
#3847=ORIENTED_EDGE('',*,*,#2826,.T.);
#3848=ORIENTED_EDGE('',*,*,#2827,.T.);
#3849=ORIENTED_EDGE('',*,*,#2828,.F.);
#3850=ORIENTED_EDGE('',*,*,#2824,.F.);
#3851=ORIENTED_EDGE('',*,*,#2829,.T.);
#3852=ORIENTED_EDGE('',*,*,#2830,.T.);
#3853=ORIENTED_EDGE('',*,*,#2831,.F.);
#3854=ORIENTED_EDGE('',*,*,#2827,.F.);
#3855=ORIENTED_EDGE('',*,*,#2832,.T.);
#3856=ORIENTED_EDGE('',*,*,#2833,.T.);
#3857=ORIENTED_EDGE('',*,*,#2834,.F.);
#3858=ORIENTED_EDGE('',*,*,#2830,.F.);
#3859=ORIENTED_EDGE('',*,*,#2835,.T.);
#3860=ORIENTED_EDGE('',*,*,#2836,.T.);
#3861=ORIENTED_EDGE('',*,*,#2837,.F.);
#3862=ORIENTED_EDGE('',*,*,#2833,.F.);
#3863=ORIENTED_EDGE('',*,*,#2838,.T.);
#3864=ORIENTED_EDGE('',*,*,#2813,.T.);
#3865=ORIENTED_EDGE('',*,*,#2839,.F.);
#3866=ORIENTED_EDGE('',*,*,#2840,.F.);
#3867=ORIENTED_EDGE('',*,*,#2841,.T.);
#3868=ORIENTED_EDGE('',*,*,#2840,.T.);
#3869=ORIENTED_EDGE('',*,*,#2842,.F.);
#3870=ORIENTED_EDGE('',*,*,#2843,.F.);
#3871=ORIENTED_EDGE('',*,*,#2844,.T.);
#3872=ORIENTED_EDGE('',*,*,#2843,.T.);
#3873=ORIENTED_EDGE('',*,*,#2845,.F.);
#3874=ORIENTED_EDGE('',*,*,#2846,.F.);
#3875=ORIENTED_EDGE('',*,*,#2847,.T.);
#3876=ORIENTED_EDGE('',*,*,#2846,.T.);
#3877=ORIENTED_EDGE('',*,*,#2848,.F.);
#3878=ORIENTED_EDGE('',*,*,#2849,.F.);
#3879=ORIENTED_EDGE('',*,*,#2850,.T.);
#3880=ORIENTED_EDGE('',*,*,#2849,.T.);
#3881=ORIENTED_EDGE('',*,*,#2851,.F.);
#3882=ORIENTED_EDGE('',*,*,#2852,.F.);
#3883=ORIENTED_EDGE('',*,*,#2853,.T.);
#3884=ORIENTED_EDGE('',*,*,#2852,.T.);
#3885=ORIENTED_EDGE('',*,*,#2854,.F.);
#3886=ORIENTED_EDGE('',*,*,#2855,.F.);
#3887=ORIENTED_EDGE('',*,*,#2856,.T.);
#3888=ORIENTED_EDGE('',*,*,#2855,.T.);
#3889=ORIENTED_EDGE('',*,*,#2857,.F.);
#3890=ORIENTED_EDGE('',*,*,#2858,.F.);
#3891=ORIENTED_EDGE('',*,*,#2859,.T.);
#3892=ORIENTED_EDGE('',*,*,#2858,.T.);
#3893=ORIENTED_EDGE('',*,*,#2860,.F.);
#3894=ORIENTED_EDGE('',*,*,#2861,.F.);
#3895=ORIENTED_EDGE('',*,*,#2862,.T.);
#3896=ORIENTED_EDGE('',*,*,#2861,.T.);
#3897=ORIENTED_EDGE('',*,*,#2863,.F.);
#3898=ORIENTED_EDGE('',*,*,#2836,.F.);
#3899=ORIENTED_EDGE('',*,*,#2863,.T.);
#3900=ORIENTED_EDGE('',*,*,#2860,.T.);
#3901=ORIENTED_EDGE('',*,*,#2857,.T.);
#3902=ORIENTED_EDGE('',*,*,#2854,.T.);
#3903=ORIENTED_EDGE('',*,*,#2851,.T.);
#3904=ORIENTED_EDGE('',*,*,#2848,.T.);
#3905=ORIENTED_EDGE('',*,*,#2845,.T.);
#3906=ORIENTED_EDGE('',*,*,#2842,.T.);
#3907=ORIENTED_EDGE('',*,*,#2839,.T.);
#3908=ORIENTED_EDGE('',*,*,#2812,.T.);
#3909=ORIENTED_EDGE('',*,*,#2816,.T.);
#3910=ORIENTED_EDGE('',*,*,#2819,.T.);
#3911=ORIENTED_EDGE('',*,*,#2822,.T.);
#3912=ORIENTED_EDGE('',*,*,#2825,.T.);
#3913=ORIENTED_EDGE('',*,*,#2828,.T.);
#3914=ORIENTED_EDGE('',*,*,#2831,.T.);
#3915=ORIENTED_EDGE('',*,*,#2834,.T.);
#3916=ORIENTED_EDGE('',*,*,#2837,.T.);
#3917=ORIENTED_EDGE('',*,*,#2864,.T.);
#3918=ORIENTED_EDGE('',*,*,#2865,.T.);
#3919=ORIENTED_EDGE('',*,*,#2866,.F.);
#3920=ORIENTED_EDGE('',*,*,#2867,.F.);
#3921=ORIENTED_EDGE('',*,*,#2868,.T.);
#3922=ORIENTED_EDGE('',*,*,#2869,.T.);
#3923=ORIENTED_EDGE('',*,*,#2870,.F.);
#3924=ORIENTED_EDGE('',*,*,#2865,.F.);
#3925=ORIENTED_EDGE('',*,*,#2871,.T.);
#3926=ORIENTED_EDGE('',*,*,#2872,.T.);
#3927=ORIENTED_EDGE('',*,*,#2873,.F.);
#3928=ORIENTED_EDGE('',*,*,#2869,.F.);
#3929=ORIENTED_EDGE('',*,*,#2874,.T.);
#3930=ORIENTED_EDGE('',*,*,#2875,.T.);
#3931=ORIENTED_EDGE('',*,*,#2876,.F.);
#3932=ORIENTED_EDGE('',*,*,#2872,.F.);
#3933=ORIENTED_EDGE('',*,*,#2877,.T.);
#3934=ORIENTED_EDGE('',*,*,#2878,.T.);
#3935=ORIENTED_EDGE('',*,*,#2879,.F.);
#3936=ORIENTED_EDGE('',*,*,#2875,.F.);
#3937=ORIENTED_EDGE('',*,*,#2880,.T.);
#3938=ORIENTED_EDGE('',*,*,#2867,.T.);
#3939=ORIENTED_EDGE('',*,*,#2881,.F.);
#3940=ORIENTED_EDGE('',*,*,#2882,.F.);
#3941=ORIENTED_EDGE('',*,*,#2883,.T.);
#3942=ORIENTED_EDGE('',*,*,#2882,.T.);
#3943=ORIENTED_EDGE('',*,*,#2884,.F.);
#3944=ORIENTED_EDGE('',*,*,#2885,.F.);
#3945=ORIENTED_EDGE('',*,*,#2886,.T.);
#3946=ORIENTED_EDGE('',*,*,#2885,.T.);
#3947=ORIENTED_EDGE('',*,*,#2887,.F.);
#3948=ORIENTED_EDGE('',*,*,#2888,.F.);
#3949=ORIENTED_EDGE('',*,*,#2889,.T.);
#3950=ORIENTED_EDGE('',*,*,#2888,.T.);
#3951=ORIENTED_EDGE('',*,*,#2890,.F.);
#3952=ORIENTED_EDGE('',*,*,#2891,.F.);
#3953=ORIENTED_EDGE('',*,*,#2892,.T.);
#3954=ORIENTED_EDGE('',*,*,#2891,.T.);
#3955=ORIENTED_EDGE('',*,*,#2893,.F.);
#3956=ORIENTED_EDGE('',*,*,#2878,.F.);
#3957=ORIENTED_EDGE('',*,*,#2893,.T.);
#3958=ORIENTED_EDGE('',*,*,#2890,.T.);
#3959=ORIENTED_EDGE('',*,*,#2887,.T.);
#3960=ORIENTED_EDGE('',*,*,#2884,.T.);
#3961=ORIENTED_EDGE('',*,*,#2881,.T.);
#3962=ORIENTED_EDGE('',*,*,#2866,.T.);
#3963=ORIENTED_EDGE('',*,*,#2870,.T.);
#3964=ORIENTED_EDGE('',*,*,#2873,.T.);
#3965=ORIENTED_EDGE('',*,*,#2876,.T.);
#3966=ORIENTED_EDGE('',*,*,#2879,.T.);
#3967=ORIENTED_EDGE('',*,*,#2894,.F.);
#3968=ORIENTED_EDGE('',*,*,#2895,.T.);
#3969=ORIENTED_EDGE('',*,*,#2896,.T.);
#3970=ORIENTED_EDGE('',*,*,#2897,.F.);
#3971=ORIENTED_EDGE('',*,*,#2898,.F.);
#3972=ORIENTED_EDGE('',*,*,#2899,.T.);
#3973=ORIENTED_EDGE('',*,*,#2900,.T.);
#3974=ORIENTED_EDGE('',*,*,#2895,.F.);
#3975=ORIENTED_EDGE('',*,*,#2901,.F.);
#3976=ORIENTED_EDGE('',*,*,#2902,.T.);
#3977=ORIENTED_EDGE('',*,*,#2903,.T.);
#3978=ORIENTED_EDGE('',*,*,#2899,.F.);
#3979=ORIENTED_EDGE('',*,*,#2904,.F.);
#3980=ORIENTED_EDGE('',*,*,#2897,.T.);
#3981=ORIENTED_EDGE('',*,*,#2905,.T.);
#3982=ORIENTED_EDGE('',*,*,#2902,.F.);
#3983=ORIENTED_EDGE('',*,*,#2905,.F.);
#3984=ORIENTED_EDGE('',*,*,#2896,.F.);
#3985=ORIENTED_EDGE('',*,*,#2900,.F.);
#3986=ORIENTED_EDGE('',*,*,#2903,.F.);
#3987=ORIENTED_EDGE('',*,*,#2859,.F.);
#3988=ORIENTED_EDGE('',*,*,#2862,.F.);
#3989=ORIENTED_EDGE('',*,*,#2835,.F.);
#3990=ORIENTED_EDGE('',*,*,#2832,.F.);
#3991=ORIENTED_EDGE('',*,*,#2829,.F.);
#3992=ORIENTED_EDGE('',*,*,#2826,.F.);
#3993=ORIENTED_EDGE('',*,*,#2823,.F.);
#3994=ORIENTED_EDGE('',*,*,#2820,.F.);
#3995=ORIENTED_EDGE('',*,*,#2817,.F.);
#3996=ORIENTED_EDGE('',*,*,#2814,.F.);
#3997=ORIENTED_EDGE('',*,*,#2810,.F.);
#3998=ORIENTED_EDGE('',*,*,#2838,.F.);
#3999=ORIENTED_EDGE('',*,*,#2841,.F.);
#4000=ORIENTED_EDGE('',*,*,#2844,.F.);
#4001=ORIENTED_EDGE('',*,*,#2847,.F.);
#4002=ORIENTED_EDGE('',*,*,#2850,.F.);
#4003=ORIENTED_EDGE('',*,*,#2853,.F.);
#4004=ORIENTED_EDGE('',*,*,#2856,.F.);
#4005=ORIENTED_EDGE('',*,*,#2889,.F.);
#4006=ORIENTED_EDGE('',*,*,#2892,.F.);
#4007=ORIENTED_EDGE('',*,*,#2877,.F.);
#4008=ORIENTED_EDGE('',*,*,#2874,.F.);
#4009=ORIENTED_EDGE('',*,*,#2871,.F.);
#4010=ORIENTED_EDGE('',*,*,#2868,.F.);
#4011=ORIENTED_EDGE('',*,*,#2864,.F.);
#4012=ORIENTED_EDGE('',*,*,#2880,.F.);
#4013=ORIENTED_EDGE('',*,*,#2883,.F.);
#4014=ORIENTED_EDGE('',*,*,#2886,.F.);
#4015=ORIENTED_EDGE('',*,*,#2906,.F.);
#4016=ORIENTED_EDGE('',*,*,#2907,.T.);
#4017=ORIENTED_EDGE('',*,*,#2908,.F.);
#4018=ORIENTED_EDGE('',*,*,#2909,.F.);
#4019=ORIENTED_EDGE('',*,*,#2910,.F.);
#4020=ORIENTED_EDGE('',*,*,#2911,.T.);
#4021=ORIENTED_EDGE('',*,*,#2912,.F.);
#4022=ORIENTED_EDGE('',*,*,#2907,.F.);
#4023=ORIENTED_EDGE('',*,*,#2913,.F.);
#4024=ORIENTED_EDGE('',*,*,#2914,.T.);
#4025=ORIENTED_EDGE('',*,*,#2915,.F.);
#4026=ORIENTED_EDGE('',*,*,#2911,.F.);
#4027=ORIENTED_EDGE('',*,*,#2916,.F.);
#4028=ORIENTED_EDGE('',*,*,#2917,.T.);
#4029=ORIENTED_EDGE('',*,*,#2918,.F.);
#4030=ORIENTED_EDGE('',*,*,#2914,.F.);
#4031=ORIENTED_EDGE('',*,*,#2919,.F.);
#4032=ORIENTED_EDGE('',*,*,#2920,.T.);
#4033=ORIENTED_EDGE('',*,*,#2921,.F.);
#4034=ORIENTED_EDGE('',*,*,#2917,.F.);
#4035=ORIENTED_EDGE('',*,*,#2922,.F.);
#4036=ORIENTED_EDGE('',*,*,#2923,.T.);
#4037=ORIENTED_EDGE('',*,*,#2924,.F.);
#4038=ORIENTED_EDGE('',*,*,#2920,.F.);
#4039=ORIENTED_EDGE('',*,*,#2925,.F.);
#4040=ORIENTED_EDGE('',*,*,#2926,.T.);
#4041=ORIENTED_EDGE('',*,*,#2927,.F.);
#4042=ORIENTED_EDGE('',*,*,#2923,.F.);
#4043=ORIENTED_EDGE('',*,*,#2928,.F.);
#4044=ORIENTED_EDGE('',*,*,#2929,.T.);
#4045=ORIENTED_EDGE('',*,*,#2930,.F.);
#4046=ORIENTED_EDGE('',*,*,#2926,.F.);
#4047=ORIENTED_EDGE('',*,*,#2931,.F.);
#4048=ORIENTED_EDGE('',*,*,#2932,.T.);
#4049=ORIENTED_EDGE('',*,*,#2933,.F.);
#4050=ORIENTED_EDGE('',*,*,#2929,.F.);
#4051=ORIENTED_EDGE('',*,*,#2933,.T.);
#4052=ORIENTED_EDGE('',*,*,#2934,.T.);
#4053=ORIENTED_EDGE('',*,*,#2935,.T.);
#4054=ORIENTED_EDGE('',*,*,#2936,.T.);
#4055=ORIENTED_EDGE('',*,*,#2937,.T.);
#4056=ORIENTED_EDGE('',*,*,#2938,.T.);
#4057=ORIENTED_EDGE('',*,*,#2939,.T.);
#4058=ORIENTED_EDGE('',*,*,#2940,.T.);
#4059=ORIENTED_EDGE('',*,*,#2941,.T.);
#4060=ORIENTED_EDGE('',*,*,#2942,.T.);
#4061=ORIENTED_EDGE('',*,*,#2908,.T.);
#4062=ORIENTED_EDGE('',*,*,#2912,.T.);
#4063=ORIENTED_EDGE('',*,*,#2915,.T.);
#4064=ORIENTED_EDGE('',*,*,#2918,.T.);
#4065=ORIENTED_EDGE('',*,*,#2921,.T.);
#4066=ORIENTED_EDGE('',*,*,#2924,.T.);
#4067=ORIENTED_EDGE('',*,*,#2927,.T.);
#4068=ORIENTED_EDGE('',*,*,#2930,.T.);
#4069=ORIENTED_EDGE('',*,*,#2943,.F.);
#4070=ORIENTED_EDGE('',*,*,#2944,.T.);
#4071=ORIENTED_EDGE('',*,*,#2934,.F.);
#4072=ORIENTED_EDGE('',*,*,#2932,.F.);
#4073=ORIENTED_EDGE('',*,*,#2945,.F.);
#4074=ORIENTED_EDGE('',*,*,#2946,.T.);
#4075=ORIENTED_EDGE('',*,*,#2935,.F.);
#4076=ORIENTED_EDGE('',*,*,#2944,.F.);
#4077=ORIENTED_EDGE('',*,*,#2947,.F.);
#4078=ORIENTED_EDGE('',*,*,#2948,.T.);
#4079=ORIENTED_EDGE('',*,*,#2936,.F.);
#4080=ORIENTED_EDGE('',*,*,#2946,.F.);
#4081=ORIENTED_EDGE('',*,*,#2949,.F.);
#4082=ORIENTED_EDGE('',*,*,#2950,.T.);
#4083=ORIENTED_EDGE('',*,*,#2937,.F.);
#4084=ORIENTED_EDGE('',*,*,#2948,.F.);
#4085=ORIENTED_EDGE('',*,*,#2951,.F.);
#4086=ORIENTED_EDGE('',*,*,#2952,.T.);
#4087=ORIENTED_EDGE('',*,*,#2938,.F.);
#4088=ORIENTED_EDGE('',*,*,#2950,.F.);
#4089=ORIENTED_EDGE('',*,*,#2953,.F.);
#4090=ORIENTED_EDGE('',*,*,#2954,.T.);
#4091=ORIENTED_EDGE('',*,*,#2939,.F.);
#4092=ORIENTED_EDGE('',*,*,#2952,.F.);
#4093=ORIENTED_EDGE('',*,*,#2955,.F.);
#4094=ORIENTED_EDGE('',*,*,#2956,.T.);
#4095=ORIENTED_EDGE('',*,*,#2940,.F.);
#4096=ORIENTED_EDGE('',*,*,#2954,.F.);
#4097=ORIENTED_EDGE('',*,*,#2957,.F.);
#4098=ORIENTED_EDGE('',*,*,#2958,.T.);
#4099=ORIENTED_EDGE('',*,*,#2941,.F.);
#4100=ORIENTED_EDGE('',*,*,#2956,.F.);
#4101=ORIENTED_EDGE('',*,*,#2959,.F.);
#4102=ORIENTED_EDGE('',*,*,#2909,.T.);
#4103=ORIENTED_EDGE('',*,*,#2942,.F.);
#4104=ORIENTED_EDGE('',*,*,#2958,.F.);
#4105=ORIENTED_EDGE('',*,*,#2960,.F.);
#4106=ORIENTED_EDGE('',*,*,#2961,.T.);
#4107=ORIENTED_EDGE('',*,*,#2962,.T.);
#4108=ORIENTED_EDGE('',*,*,#2963,.F.);
#4109=ORIENTED_EDGE('',*,*,#2964,.F.);
#4110=ORIENTED_EDGE('',*,*,#2965,.T.);
#4111=ORIENTED_EDGE('',*,*,#2966,.T.);
#4112=ORIENTED_EDGE('',*,*,#2961,.F.);
#4113=ORIENTED_EDGE('',*,*,#2967,.F.);
#4114=ORIENTED_EDGE('',*,*,#2968,.T.);
#4115=ORIENTED_EDGE('',*,*,#2969,.T.);
#4116=ORIENTED_EDGE('',*,*,#2965,.F.);
#4117=ORIENTED_EDGE('',*,*,#2970,.F.);
#4118=ORIENTED_EDGE('',*,*,#2963,.T.);
#4119=ORIENTED_EDGE('',*,*,#2971,.T.);
#4120=ORIENTED_EDGE('',*,*,#2968,.F.);
#4121=ORIENTED_EDGE('',*,*,#2971,.F.);
#4122=ORIENTED_EDGE('',*,*,#2962,.F.);
#4123=ORIENTED_EDGE('',*,*,#2966,.F.);
#4124=ORIENTED_EDGE('',*,*,#2969,.F.);
#4125=ORIENTED_EDGE('',*,*,#2931,.T.);
#4126=ORIENTED_EDGE('',*,*,#2928,.T.);
#4127=ORIENTED_EDGE('',*,*,#2925,.T.);
#4128=ORIENTED_EDGE('',*,*,#2922,.T.);
#4129=ORIENTED_EDGE('',*,*,#2919,.T.);
#4130=ORIENTED_EDGE('',*,*,#2916,.T.);
#4131=ORIENTED_EDGE('',*,*,#2913,.T.);
#4132=ORIENTED_EDGE('',*,*,#2910,.T.);
#4133=ORIENTED_EDGE('',*,*,#2906,.T.);
#4134=ORIENTED_EDGE('',*,*,#2959,.T.);
#4135=ORIENTED_EDGE('',*,*,#2957,.T.);
#4136=ORIENTED_EDGE('',*,*,#2955,.T.);
#4137=ORIENTED_EDGE('',*,*,#2953,.T.);
#4138=ORIENTED_EDGE('',*,*,#2951,.T.);
#4139=ORIENTED_EDGE('',*,*,#2949,.T.);
#4140=ORIENTED_EDGE('',*,*,#2947,.T.);
#4141=ORIENTED_EDGE('',*,*,#2945,.T.);
#4142=ORIENTED_EDGE('',*,*,#2943,.T.);
#4143=ORIENTED_EDGE('',*,*,#2972,.F.);
#4144=ORIENTED_EDGE('',*,*,#2973,.T.);
#4145=ORIENTED_EDGE('',*,*,#2974,.T.);
#4146=ORIENTED_EDGE('',*,*,#2975,.T.);
#4147=ORIENTED_EDGE('',*,*,#2976,.T.);
#4148=ORIENTED_EDGE('',*,*,#2977,.F.);
#4149=ORIENTED_EDGE('',*,*,#2978,.T.);
#4150=ORIENTED_EDGE('',*,*,#2979,.F.);
#4151=ORIENTED_EDGE('',*,*,#2980,.F.);
#4152=ORIENTED_EDGE('',*,*,#2981,.F.);
#4153=ORIENTED_EDGE('',*,*,#2982,.F.);
#4154=ORIENTED_EDGE('',*,*,#2983,.F.);
#4155=ORIENTED_EDGE('',*,*,#2984,.T.);
#4156=ORIENTED_EDGE('',*,*,#2985,.T.);
#4157=ORIENTED_EDGE('',*,*,#2986,.T.);
#4158=ORIENTED_EDGE('',*,*,#2987,.T.);
#4159=ORIENTED_EDGE('',*,*,#2988,.F.);
#4160=ORIENTED_EDGE('',*,*,#2989,.T.);
#4161=ORIENTED_EDGE('',*,*,#2990,.T.);
#4162=ORIENTED_EDGE('',*,*,#2991,.T.);
#4163=ORIENTED_EDGE('',*,*,#2978,.F.);
#4164=ORIENTED_EDGE('',*,*,#2992,.T.);
#4165=ORIENTED_EDGE('',*,*,#2993,.T.);
#4166=ORIENTED_EDGE('',*,*,#2994,.T.);
#4167=ORIENTED_EDGE('',*,*,#2972,.T.);
#4168=ORIENTED_EDGE('',*,*,#2995,.F.);
#4169=ORIENTED_EDGE('',*,*,#2996,.F.);
#4170=ORIENTED_EDGE('',*,*,#2997,.F.);
#4171=ORIENTED_EDGE('',*,*,#2998,.F.);
#4172=ORIENTED_EDGE('',*,*,#2999,.F.);
#4173=ORIENTED_EDGE('',*,*,#2988,.T.);
#4174=ORIENTED_EDGE('',*,*,#3000,.F.);
#4175=ORIENTED_EDGE('',*,*,#3001,.T.);
#4176=ORIENTED_EDGE('',*,*,#3002,.T.);
#4177=ORIENTED_EDGE('',*,*,#3003,.T.);
#4178=ORIENTED_EDGE('',*,*,#3004,.T.);
#4179=ORIENTED_EDGE('',*,*,#2976,.F.);
#4180=ORIENTED_EDGE('',*,*,#3005,.T.);
#4181=ORIENTED_EDGE('',*,*,#3006,.T.);
#4182=ORIENTED_EDGE('',*,*,#3007,.T.);
#4183=ORIENTED_EDGE('',*,*,#3000,.T.);
#4184=ORIENTED_EDGE('',*,*,#2991,.F.);
#4185=ORIENTED_EDGE('',*,*,#3008,.F.);
#4186=ORIENTED_EDGE('',*,*,#2973,.F.);
#4187=ORIENTED_EDGE('',*,*,#2977,.T.);
#4188=ORIENTED_EDGE('',*,*,#3007,.F.);
#4189=ORIENTED_EDGE('',*,*,#3009,.F.);
#4190=ORIENTED_EDGE('',*,*,#2992,.F.);
#4191=ORIENTED_EDGE('',*,*,#2994,.F.);
#4192=ORIENTED_EDGE('',*,*,#3010,.F.);
#4193=ORIENTED_EDGE('',*,*,#3011,.F.);
#4194=ORIENTED_EDGE('',*,*,#2979,.T.);
#4195=ORIENTED_EDGE('',*,*,#2989,.F.);
#4196=ORIENTED_EDGE('',*,*,#2999,.T.);
#4197=ORIENTED_EDGE('',*,*,#3012,.F.);
#4198=ORIENTED_EDGE('',*,*,#3013,.F.);
#4199=ORIENTED_EDGE('',*,*,#3005,.F.);
#4200=ORIENTED_EDGE('',*,*,#2983,.T.);
#4201=ORIENTED_EDGE('',*,*,#3014,.T.);
#4202=ORIENTED_EDGE('',*,*,#3015,.F.);
#4203=ORIENTED_EDGE('',*,*,#3016,.T.);
#4204=ORIENTED_EDGE('',*,*,#3017,.T.);
#4205=ORIENTED_EDGE('',*,*,#3018,.T.);
#4206=ORIENTED_EDGE('',*,*,#2984,.F.);
#4207=ORIENTED_EDGE('',*,*,#3016,.F.);
#4208=ORIENTED_EDGE('',*,*,#2987,.F.);
#4209=ORIENTED_EDGE('',*,*,#3019,.T.);
#4210=ORIENTED_EDGE('',*,*,#3020,.T.);
#4211=ORIENTED_EDGE('',*,*,#3017,.F.);
#4212=ORIENTED_EDGE('',*,*,#3020,.F.);
#4213=ORIENTED_EDGE('',*,*,#3021,.F.);
#4214=ORIENTED_EDGE('',*,*,#3022,.T.);
#4215=ORIENTED_EDGE('',*,*,#3023,.F.);
#4216=ORIENTED_EDGE('',*,*,#3021,.T.);
#4217=ORIENTED_EDGE('',*,*,#3019,.F.);
#4218=ORIENTED_EDGE('',*,*,#2986,.F.);
#4219=ORIENTED_EDGE('',*,*,#3018,.F.);
#4220=ORIENTED_EDGE('',*,*,#3022,.F.);
#4221=ORIENTED_EDGE('',*,*,#3023,.T.);
#4222=ORIENTED_EDGE('',*,*,#2985,.F.);
#4223=ORIENTED_EDGE('',*,*,#3024,.T.);
#4224=ORIENTED_EDGE('',*,*,#3025,.T.);
#4225=ORIENTED_EDGE('',*,*,#3026,.T.);
#4226=ORIENTED_EDGE('',*,*,#3001,.F.);
#4227=ORIENTED_EDGE('',*,*,#3024,.F.);
#4228=ORIENTED_EDGE('',*,*,#3004,.F.);
#4229=ORIENTED_EDGE('',*,*,#3027,.T.);
#4230=ORIENTED_EDGE('',*,*,#3028,.T.);
#4231=ORIENTED_EDGE('',*,*,#3025,.F.);
#4232=ORIENTED_EDGE('',*,*,#3028,.F.);
#4233=ORIENTED_EDGE('',*,*,#3029,.F.);
#4234=ORIENTED_EDGE('',*,*,#3030,.T.);
#4235=ORIENTED_EDGE('',*,*,#3031,.F.);
#4236=ORIENTED_EDGE('',*,*,#3029,.T.);
#4237=ORIENTED_EDGE('',*,*,#3027,.F.);
#4238=ORIENTED_EDGE('',*,*,#3003,.F.);
#4239=ORIENTED_EDGE('',*,*,#3026,.F.);
#4240=ORIENTED_EDGE('',*,*,#3030,.F.);
#4241=ORIENTED_EDGE('',*,*,#3031,.T.);
#4242=ORIENTED_EDGE('',*,*,#3002,.F.);
#4243=ORIENTED_EDGE('',*,*,#3032,.F.);
#4244=ORIENTED_EDGE('',*,*,#2997,.T.);
#4245=ORIENTED_EDGE('',*,*,#3033,.F.);
#4246=ORIENTED_EDGE('',*,*,#2981,.T.);
#4247=ORIENTED_EDGE('',*,*,#3034,.T.);
#4248=ORIENTED_EDGE('',*,*,#3035,.T.);
#4249=ORIENTED_EDGE('',*,*,#3036,.T.);
#4250=ORIENTED_EDGE('',*,*,#3037,.T.);
#4251=ORIENTED_EDGE('',*,*,#3038,.F.);
#4252=ORIENTED_EDGE('',*,*,#3036,.F.);
#4253=ORIENTED_EDGE('',*,*,#3039,.T.);
#4254=ORIENTED_EDGE('',*,*,#3040,.T.);
#4255=ORIENTED_EDGE('',*,*,#2998,.T.);
#4256=ORIENTED_EDGE('',*,*,#3032,.T.);
#4257=ORIENTED_EDGE('',*,*,#2980,.T.);
#4258=ORIENTED_EDGE('',*,*,#3011,.T.);
#4259=ORIENTED_EDGE('',*,*,#3041,.F.);
#4260=ORIENTED_EDGE('',*,*,#3042,.F.);
#4261=ORIENTED_EDGE('',*,*,#3043,.F.);
#4262=ORIENTED_EDGE('',*,*,#3012,.T.);
#4263=ORIENTED_EDGE('',*,*,#2982,.T.);
#4264=ORIENTED_EDGE('',*,*,#3033,.T.);
#4265=ORIENTED_EDGE('',*,*,#2996,.T.);
#4266=ORIENTED_EDGE('',*,*,#3044,.F.);
#4267=ORIENTED_EDGE('',*,*,#3045,.F.);
#4268=ORIENTED_EDGE('',*,*,#3046,.T.);
#4269=ORIENTED_EDGE('',*,*,#3047,.F.);
#4270=ORIENTED_EDGE('',*,*,#3014,.F.);
#4271=ORIENTED_EDGE('',*,*,#3048,.T.);
#4272=ORIENTED_EDGE('',*,*,#3049,.F.);
#4273=ORIENTED_EDGE('',*,*,#3050,.F.);
#4274=ORIENTED_EDGE('',*,*,#3051,.T.);
#4275=ORIENTED_EDGE('',*,*,#3052,.F.);
#4276=ORIENTED_EDGE('',*,*,#3053,.T.);
#4277=ORIENTED_EDGE('',*,*,#3054,.T.);
#4278=ORIENTED_EDGE('',*,*,#3053,.F.);
#4279=ORIENTED_EDGE('',*,*,#3055,.T.);
#4280=ORIENTED_EDGE('',*,*,#3056,.F.);
#4281=ORIENTED_EDGE('',*,*,#3057,.F.);
#4282=ORIENTED_EDGE('',*,*,#3058,.T.);
#4283=ORIENTED_EDGE('',*,*,#3059,.F.);
#4284=ORIENTED_EDGE('',*,*,#3056,.T.);
#4285=ORIENTED_EDGE('',*,*,#3060,.T.);
#4286=ORIENTED_EDGE('',*,*,#3051,.F.);
#4287=ORIENTED_EDGE('',*,*,#3061,.T.);
#4288=ORIENTED_EDGE('',*,*,#3058,.F.);
#4289=ORIENTED_EDGE('',*,*,#3062,.F.);
#4290=ORIENTED_EDGE('',*,*,#3049,.T.);
#4291=ORIENTED_EDGE('',*,*,#3063,.T.);
#4292=ORIENTED_EDGE('',*,*,#3064,.F.);
#4293=ORIENTED_EDGE('',*,*,#3065,.F.);
#4294=ORIENTED_EDGE('',*,*,#3066,.T.);
#4295=ORIENTED_EDGE('',*,*,#3067,.F.);
#4296=ORIENTED_EDGE('',*,*,#3068,.F.);
#4297=ORIENTED_EDGE('',*,*,#3069,.F.);
#4298=ORIENTED_EDGE('',*,*,#3070,.F.);
#4299=ORIENTED_EDGE('',*,*,#3071,.F.);
#4300=ORIENTED_EDGE('',*,*,#3072,.F.);
#4301=ORIENTED_EDGE('',*,*,#3073,.F.);
#4302=ORIENTED_EDGE('',*,*,#3074,.F.);
#4303=ORIENTED_EDGE('',*,*,#3040,.F.);
#4304=ORIENTED_EDGE('',*,*,#3075,.F.);
#4305=ORIENTED_EDGE('',*,*,#3076,.F.);
#4306=ORIENTED_EDGE('',*,*,#3077,.F.);
#4307=ORIENTED_EDGE('',*,*,#3078,.T.);
#4308=ORIENTED_EDGE('',*,*,#3079,.F.);
#4309=ORIENTED_EDGE('',*,*,#3064,.T.);
#4310=ORIENTED_EDGE('',*,*,#3080,.T.);
#4311=ORIENTED_EDGE('',*,*,#3081,.T.);
#4312=ORIENTED_EDGE('',*,*,#3082,.T.);
#4313=ORIENTED_EDGE('',*,*,#3067,.T.);
#4314=ORIENTED_EDGE('',*,*,#3083,.T.);
#4315=ORIENTED_EDGE('',*,*,#3084,.T.);
#4316=ORIENTED_EDGE('',*,*,#3083,.F.);
#4317=ORIENTED_EDGE('',*,*,#3070,.T.);
#4318=ORIENTED_EDGE('',*,*,#3085,.F.);
#4319=ORIENTED_EDGE('',*,*,#3086,.T.);
#4320=ORIENTED_EDGE('',*,*,#3087,.T.);
#4321=ORIENTED_EDGE('',*,*,#3073,.T.);
#4322=ORIENTED_EDGE('',*,*,#3088,.T.);
#4323=ORIENTED_EDGE('',*,*,#3089,.T.);
#4324=ORIENTED_EDGE('',*,*,#3088,.F.);
#4325=ORIENTED_EDGE('',*,*,#3072,.T.);
#4326=ORIENTED_EDGE('',*,*,#3090,.F.);
#4327=ORIENTED_EDGE('',*,*,#3009,.T.);
#4328=ORIENTED_EDGE('',*,*,#3006,.F.);
#4329=ORIENTED_EDGE('',*,*,#3015,.T.);
#4330=ORIENTED_EDGE('',*,*,#3047,.T.);
#4331=ORIENTED_EDGE('',*,*,#3091,.T.);
#4332=ORIENTED_EDGE('',*,*,#3080,.F.);
#4333=ORIENTED_EDGE('',*,*,#3063,.F.);
#4334=ORIENTED_EDGE('',*,*,#3092,.F.);
#4335=ORIENTED_EDGE('',*,*,#3093,.T.);
#4336=ORIENTED_EDGE('',*,*,#3041,.T.);
#4337=ORIENTED_EDGE('',*,*,#3010,.T.);
#4338=ORIENTED_EDGE('',*,*,#2993,.F.);
#4339=ORIENTED_EDGE('',*,*,#3061,.F.);
#4340=ORIENTED_EDGE('',*,*,#3048,.F.);
#4341=ORIENTED_EDGE('',*,*,#3060,.F.);
#4342=ORIENTED_EDGE('',*,*,#3055,.F.);
#4343=ORIENTED_EDGE('',*,*,#3054,.F.);
#4344=ORIENTED_EDGE('',*,*,#3094,.T.);
#4345=ORIENTED_EDGE('',*,*,#3090,.T.);
#4346=ORIENTED_EDGE('',*,*,#3071,.T.);
#4347=ORIENTED_EDGE('',*,*,#3095,.F.);
#4348=ORIENTED_EDGE('',*,*,#3096,.T.);
#4349=ORIENTED_EDGE('',*,*,#3095,.T.);
#4350=ORIENTED_EDGE('',*,*,#3074,.T.);
#4351=ORIENTED_EDGE('',*,*,#3087,.F.);
#4352=ORIENTED_EDGE('',*,*,#3097,.F.);
#4353=ORIENTED_EDGE('',*,*,#3075,.T.);
#4354=ORIENTED_EDGE('',*,*,#3039,.F.);
#4355=ORIENTED_EDGE('',*,*,#3035,.F.);
#4356=ORIENTED_EDGE('',*,*,#3098,.T.);
#4357=ORIENTED_EDGE('',*,*,#3076,.T.);
#4358=ORIENTED_EDGE('',*,*,#3097,.T.);
#4359=ORIENTED_EDGE('',*,*,#3034,.F.);
#4360=ORIENTED_EDGE('',*,*,#3038,.T.);
#4361=ORIENTED_EDGE('',*,*,#3077,.T.);
#4362=ORIENTED_EDGE('',*,*,#3098,.F.);
#4363=ORIENTED_EDGE('',*,*,#3037,.F.);
#4364=ORIENTED_EDGE('',*,*,#3099,.T.);
#4365=ORIENTED_EDGE('',*,*,#3085,.T.);
#4366=ORIENTED_EDGE('',*,*,#3069,.T.);
#4367=ORIENTED_EDGE('',*,*,#3100,.F.);
#4368=ORIENTED_EDGE('',*,*,#3101,.T.);
#4369=ORIENTED_EDGE('',*,*,#3100,.T.);
#4370=ORIENTED_EDGE('',*,*,#3068,.T.);
#4371=ORIENTED_EDGE('',*,*,#3082,.F.);
#4372=ORIENTED_EDGE('',*,*,#3102,.T.);
#4373=ORIENTED_EDGE('',*,*,#3092,.T.);
#4374=ORIENTED_EDGE('',*,*,#3066,.F.);
#4375=ORIENTED_EDGE('',*,*,#3103,.F.);
#4376=ORIENTED_EDGE('',*,*,#3008,.T.);
#4377=ORIENTED_EDGE('',*,*,#2990,.F.);
#4378=ORIENTED_EDGE('',*,*,#3013,.T.);
#4379=ORIENTED_EDGE('',*,*,#3043,.T.);
#4380=ORIENTED_EDGE('',*,*,#3104,.T.);
#4381=ORIENTED_EDGE('',*,*,#3103,.T.);
#4382=ORIENTED_EDGE('',*,*,#3065,.T.);
#4383=ORIENTED_EDGE('',*,*,#3079,.T.);
#4384=ORIENTED_EDGE('',*,*,#3105,.T.);
#4385=ORIENTED_EDGE('',*,*,#3045,.T.);
#4386=ORIENTED_EDGE('',*,*,#3106,.T.);
#4387=ORIENTED_EDGE('',*,*,#2974,.F.);
#4388=ORIENTED_EDGE('',*,*,#2894,.T.);
#4389=ORIENTED_EDGE('',*,*,#2904,.T.);
#4390=ORIENTED_EDGE('',*,*,#2901,.T.);
#4391=ORIENTED_EDGE('',*,*,#2898,.T.);
#4392=ORIENTED_EDGE('',*,*,#2960,.T.);
#4393=ORIENTED_EDGE('',*,*,#2970,.T.);
#4394=ORIENTED_EDGE('',*,*,#2967,.T.);
#4395=ORIENTED_EDGE('',*,*,#2964,.T.);
#4396=ORIENTED_EDGE('',*,*,#3052,.T.);
#4397=ORIENTED_EDGE('',*,*,#3062,.T.);
#4398=ORIENTED_EDGE('',*,*,#3057,.T.);
#4399=ORIENTED_EDGE('',*,*,#3059,.T.);
#4400=ORIENTED_EDGE('',*,*,#3050,.T.);
#4401=ORIENTED_EDGE('',*,*,#3105,.F.);
#4402=ORIENTED_EDGE('',*,*,#3078,.F.);
#4403=ORIENTED_EDGE('',*,*,#3091,.F.);
#4404=ORIENTED_EDGE('',*,*,#3046,.F.);
#4405=ORIENTED_EDGE('',*,*,#3089,.F.);
#4406=ORIENTED_EDGE('',*,*,#3094,.F.);
#4407=ORIENTED_EDGE('',*,*,#3096,.F.);
#4408=ORIENTED_EDGE('',*,*,#3086,.F.);
#4409=ORIENTED_EDGE('',*,*,#2975,.F.);
#4410=ORIENTED_EDGE('',*,*,#3106,.F.);
#4411=ORIENTED_EDGE('',*,*,#3044,.T.);
#4412=ORIENTED_EDGE('',*,*,#2995,.T.);
#4413=ORIENTED_EDGE('',*,*,#3104,.F.);
#4414=ORIENTED_EDGE('',*,*,#3042,.T.);
#4415=ORIENTED_EDGE('',*,*,#3093,.F.);
#4416=ORIENTED_EDGE('',*,*,#3102,.F.);
#4417=ORIENTED_EDGE('',*,*,#3084,.F.);
#4418=ORIENTED_EDGE('',*,*,#3099,.F.);
#4419=ORIENTED_EDGE('',*,*,#3101,.F.);
#4420=ORIENTED_EDGE('',*,*,#3081,.F.);
#4421=ORIENTED_EDGE('',*,*,#3107,.F.);
#4422=ORIENTED_EDGE('',*,*,#3108,.T.);
#4423=ORIENTED_EDGE('',*,*,#3109,.T.);
#4424=ORIENTED_EDGE('',*,*,#3110,.T.);
#4425=ORIENTED_EDGE('',*,*,#3111,.F.);
#4426=ORIENTED_EDGE('',*,*,#3112,.F.);
#4427=ORIENTED_EDGE('',*,*,#3113,.T.);
#4428=ORIENTED_EDGE('',*,*,#3114,.T.);
#4429=ORIENTED_EDGE('',*,*,#3115,.F.);
#4430=ORIENTED_EDGE('',*,*,#3116,.F.);
#4431=ORIENTED_EDGE('',*,*,#3117,.T.);
#4432=ORIENTED_EDGE('',*,*,#3118,.F.);
#4433=ORIENTED_EDGE('',*,*,#3119,.T.);
#4434=ORIENTED_EDGE('',*,*,#3120,.F.);
#4435=ORIENTED_EDGE('',*,*,#3121,.T.);
#4436=ORIENTED_EDGE('',*,*,#3122,.T.);
#4437=ORIENTED_EDGE('',*,*,#3123,.F.);
#4438=ORIENTED_EDGE('',*,*,#3124,.F.);
#4439=ORIENTED_EDGE('',*,*,#3125,.T.);
#4440=ORIENTED_EDGE('',*,*,#3126,.T.);
#4441=ORIENTED_EDGE('',*,*,#3127,.T.);
#4442=ORIENTED_EDGE('',*,*,#3128,.F.);
#4443=ORIENTED_EDGE('',*,*,#3129,.F.);
#4444=ORIENTED_EDGE('',*,*,#3130,.F.);
#4445=ORIENTED_EDGE('',*,*,#3131,.F.);
#4446=ORIENTED_EDGE('',*,*,#3132,.T.);
#4447=ORIENTED_EDGE('',*,*,#3121,.F.);
#4448=ORIENTED_EDGE('',*,*,#3133,.F.);
#4449=ORIENTED_EDGE('',*,*,#3134,.F.);
#4450=ORIENTED_EDGE('',*,*,#3129,.T.);
#4451=ORIENTED_EDGE('',*,*,#3135,.F.);
#4452=ORIENTED_EDGE('',*,*,#3136,.T.);
#4453=ORIENTED_EDGE('',*,*,#3137,.T.);
#4454=ORIENTED_EDGE('',*,*,#3138,.T.);
#4455=ORIENTED_EDGE('',*,*,#3109,.F.);
#4456=ORIENTED_EDGE('',*,*,#3139,.T.);
#4457=ORIENTED_EDGE('',*,*,#3131,.T.);
#4458=ORIENTED_EDGE('',*,*,#3140,.T.);
#4459=ORIENTED_EDGE('',*,*,#3141,.F.);
#4460=ORIENTED_EDGE('',*,*,#3142,.F.);
#4461=ORIENTED_EDGE('',*,*,#3143,.T.);
#4462=ORIENTED_EDGE('',*,*,#3144,.F.);
#4463=ORIENTED_EDGE('',*,*,#3145,.T.);
#4464=ORIENTED_EDGE('',*,*,#3146,.F.);
#4465=ORIENTED_EDGE('',*,*,#3147,.T.);
#4466=ORIENTED_EDGE('',*,*,#3148,.F.);
#4467=ORIENTED_EDGE('',*,*,#3141,.T.);
#4468=ORIENTED_EDGE('',*,*,#3149,.T.);
#4469=ORIENTED_EDGE('',*,*,#3150,.T.);
#4470=ORIENTED_EDGE('',*,*,#3151,.T.);
#4471=ORIENTED_EDGE('',*,*,#3107,.T.);
#4472=ORIENTED_EDGE('',*,*,#3146,.T.);
#4473=ORIENTED_EDGE('',*,*,#3152,.T.);
#4474=ORIENTED_EDGE('',*,*,#3153,.F.);
#4475=ORIENTED_EDGE('',*,*,#3154,.T.);
#4476=ORIENTED_EDGE('',*,*,#3153,.T.);
#4477=ORIENTED_EDGE('',*,*,#3155,.T.);
#4478=ORIENTED_EDGE('',*,*,#3156,.F.);
#4479=ORIENTED_EDGE('',*,*,#3114,.F.);
#4480=ORIENTED_EDGE('',*,*,#3157,.F.);
#4481=ORIENTED_EDGE('',*,*,#3158,.F.);
#4482=ORIENTED_EDGE('',*,*,#3159,.F.);
#4483=ORIENTED_EDGE('',*,*,#3160,.F.);
#4484=ORIENTED_EDGE('',*,*,#3161,.F.);
#4485=ORIENTED_EDGE('',*,*,#3162,.T.);
#4486=ORIENTED_EDGE('',*,*,#3160,.T.);
#4487=ORIENTED_EDGE('',*,*,#3163,.T.);
#4488=ORIENTED_EDGE('',*,*,#3164,.F.);
#4489=ORIENTED_EDGE('',*,*,#3165,.T.);
#4490=ORIENTED_EDGE('',*,*,#3166,.F.);
#4491=ORIENTED_EDGE('',*,*,#3167,.F.);
#4492=ORIENTED_EDGE('',*,*,#3126,.F.);
#4493=ORIENTED_EDGE('',*,*,#3168,.T.);
#4494=ORIENTED_EDGE('',*,*,#3164,.T.);
#4495=ORIENTED_EDGE('',*,*,#3169,.F.);
#4496=ORIENTED_EDGE('',*,*,#3112,.T.);
#4497=ORIENTED_EDGE('',*,*,#3170,.T.);
#4498=ORIENTED_EDGE('',*,*,#3118,.T.);
#4499=ORIENTED_EDGE('',*,*,#3171,.F.);
#4500=ORIENTED_EDGE('',*,*,#3172,.F.);
#4501=ORIENTED_EDGE('',*,*,#3127,.F.);
#4502=ORIENTED_EDGE('',*,*,#3173,.F.);
#4503=ORIENTED_EDGE('',*,*,#3174,.T.);
#4504=ORIENTED_EDGE('',*,*,#3175,.F.);
#4505=ORIENTED_EDGE('',*,*,#3176,.T.);
#4506=ORIENTED_EDGE('',*,*,#3137,.F.);
#4507=ORIENTED_EDGE('',*,*,#3156,.T.);
#4508=ORIENTED_EDGE('',*,*,#3177,.T.);
#4509=ORIENTED_EDGE('',*,*,#3144,.T.);
#4510=ORIENTED_EDGE('',*,*,#3178,.F.);
#4511=ORIENTED_EDGE('',*,*,#3115,.T.);
#4512=ORIENTED_EDGE('',*,*,#3148,.T.);
#4513=ORIENTED_EDGE('',*,*,#3179,.T.);
#4514=ORIENTED_EDGE('',*,*,#3161,.T.);
#4515=ORIENTED_EDGE('',*,*,#3167,.T.);
#4516=ORIENTED_EDGE('',*,*,#3180,.T.);
#4517=ORIENTED_EDGE('',*,*,#3181,.T.);
#4518=ORIENTED_EDGE('',*,*,#3142,.T.);
#4519=ORIENTED_EDGE('',*,*,#3180,.F.);
#4520=ORIENTED_EDGE('',*,*,#3166,.T.);
#4521=ORIENTED_EDGE('',*,*,#3111,.T.);
#4522=ORIENTED_EDGE('',*,*,#3182,.T.);
#4523=ORIENTED_EDGE('',*,*,#3116,.T.);
#4524=ORIENTED_EDGE('',*,*,#3178,.T.);
#4525=ORIENTED_EDGE('',*,*,#3123,.T.);
#4526=ORIENTED_EDGE('',*,*,#3183,.T.);
#4527=ORIENTED_EDGE('',*,*,#3124,.T.);
#4528=ORIENTED_EDGE('',*,*,#3174,.F.);
#4529=ORIENTED_EDGE('',*,*,#3184,.F.);
#4530=ORIENTED_EDGE('',*,*,#3133,.T.);
#4531=ORIENTED_EDGE('',*,*,#3173,.T.);
#4532=ORIENTED_EDGE('',*,*,#3130,.T.);
#4533=ORIENTED_EDGE('',*,*,#3134,.T.);
#4534=ORIENTED_EDGE('',*,*,#3184,.T.);
#4535=ORIENTED_EDGE('',*,*,#3120,.T.);
#4536=ORIENTED_EDGE('',*,*,#3185,.T.);
#4537=ORIENTED_EDGE('',*,*,#3175,.T.);
#4538=ORIENTED_EDGE('',*,*,#3136,.F.);
#4539=ORIENTED_EDGE('',*,*,#3186,.F.);
#4540=ORIENTED_EDGE('',*,*,#3171,.T.);
#4541=ORIENTED_EDGE('',*,*,#3135,.T.);
#4542=ORIENTED_EDGE('',*,*,#3128,.T.);
#4543=ORIENTED_EDGE('',*,*,#3172,.T.);
#4544=ORIENTED_EDGE('',*,*,#3186,.T.);
#4545=ORIENTED_EDGE('',*,*,#3125,.F.);
#4546=ORIENTED_EDGE('',*,*,#3183,.F.);
#4547=ORIENTED_EDGE('',*,*,#3122,.F.);
#4548=ORIENTED_EDGE('',*,*,#3132,.F.);
#4549=ORIENTED_EDGE('',*,*,#3143,.F.);
#4550=ORIENTED_EDGE('',*,*,#3181,.F.);
#4551=ORIENTED_EDGE('',*,*,#3165,.F.);
#4552=ORIENTED_EDGE('',*,*,#3168,.F.);
#4553=ORIENTED_EDGE('',*,*,#3117,.F.);
#4554=ORIENTED_EDGE('',*,*,#3182,.F.);
#4555=ORIENTED_EDGE('',*,*,#3110,.F.);
#4556=ORIENTED_EDGE('',*,*,#3138,.F.);
#4557=ORIENTED_EDGE('',*,*,#3176,.F.);
#4558=ORIENTED_EDGE('',*,*,#3185,.F.);
#4559=ORIENTED_EDGE('',*,*,#3119,.F.);
#4560=ORIENTED_EDGE('',*,*,#3170,.F.);
#4561=ORIENTED_EDGE('',*,*,#3187,.T.);
#4562=ORIENTED_EDGE('',*,*,#3158,.T.);
#4563=ORIENTED_EDGE('',*,*,#3188,.F.);
#4564=ORIENTED_EDGE('',*,*,#3150,.F.);
#4565=ORIENTED_EDGE('',*,*,#3151,.F.);
#4566=ORIENTED_EDGE('',*,*,#3188,.T.);
#4567=ORIENTED_EDGE('',*,*,#3157,.T.);
#4568=ORIENTED_EDGE('',*,*,#3113,.F.);
#4569=ORIENTED_EDGE('',*,*,#3189,.F.);
#4570=ORIENTED_EDGE('',*,*,#3108,.F.);
#4571=ORIENTED_EDGE('',*,*,#3190,.F.);
#4572=ORIENTED_EDGE('',*,*,#3163,.F.);
#4573=ORIENTED_EDGE('',*,*,#3159,.T.);
#4574=ORIENTED_EDGE('',*,*,#3187,.F.);
#4575=ORIENTED_EDGE('',*,*,#3149,.F.);
#4576=ORIENTED_EDGE('',*,*,#3140,.F.);
#4577=ORIENTED_EDGE('',*,*,#3189,.T.);
#4578=ORIENTED_EDGE('',*,*,#3169,.T.);
#4579=ORIENTED_EDGE('',*,*,#3190,.T.);
#4580=ORIENTED_EDGE('',*,*,#3139,.F.);
#4581=ORIENTED_EDGE('',*,*,#3145,.F.);
#4582=ORIENTED_EDGE('',*,*,#3177,.F.);
#4583=ORIENTED_EDGE('',*,*,#3155,.F.);
#4584=ORIENTED_EDGE('',*,*,#3152,.F.);
#4585=ORIENTED_EDGE('',*,*,#3147,.F.);
#4586=ORIENTED_EDGE('',*,*,#3154,.F.);
#4587=ORIENTED_EDGE('',*,*,#3162,.F.);
#4588=ORIENTED_EDGE('',*,*,#3179,.F.);
#4589=ORIENTED_EDGE('',*,*,#3191,.F.);
#4590=ORIENTED_EDGE('',*,*,#3192,.F.);
#4591=ORIENTED_EDGE('',*,*,#3193,.F.);
#4592=ORIENTED_EDGE('',*,*,#3194,.F.);
#4593=ORIENTED_EDGE('',*,*,#3193,.T.);
#4594=ORIENTED_EDGE('',*,*,#3195,.F.);
#4595=ORIENTED_EDGE('',*,*,#3196,.T.);
#4596=ORIENTED_EDGE('',*,*,#3197,.F.);
#4597=ORIENTED_EDGE('',*,*,#3192,.T.);
#4598=ORIENTED_EDGE('',*,*,#3198,.T.);
#4599=ORIENTED_EDGE('',*,*,#3199,.T.);
#4600=ORIENTED_EDGE('',*,*,#3200,.T.);
#4601=ORIENTED_EDGE('',*,*,#3201,.T.);
#4602=ORIENTED_EDGE('',*,*,#3202,.T.);
#4603=ORIENTED_EDGE('',*,*,#3203,.T.);
#4604=ORIENTED_EDGE('',*,*,#3195,.T.);
#4605=ORIENTED_EDGE('',*,*,#3201,.F.);
#4606=ORIENTED_EDGE('',*,*,#3204,.F.);
#4607=ORIENTED_EDGE('',*,*,#3205,.F.);
#4608=ORIENTED_EDGE('',*,*,#3206,.F.);
#4609=ORIENTED_EDGE('',*,*,#3207,.F.);
#4610=ORIENTED_EDGE('',*,*,#3208,.F.);
#4611=ORIENTED_EDGE('',*,*,#3199,.F.);
#4612=ORIENTED_EDGE('',*,*,#3209,.F.);
#4613=ORIENTED_EDGE('',*,*,#3210,.F.);
#4614=ORIENTED_EDGE('',*,*,#3196,.F.);
#4615=ORIENTED_EDGE('',*,*,#3203,.F.);
#4616=ORIENTED_EDGE('',*,*,#3211,.F.);
#4617=ORIENTED_EDGE('',*,*,#3191,.T.);
#4618=ORIENTED_EDGE('',*,*,#3212,.F.);
#4619=ORIENTED_EDGE('',*,*,#3209,.T.);
#4620=ORIENTED_EDGE('',*,*,#3198,.F.);
#4621=ORIENTED_EDGE('',*,*,#3206,.T.);
#4622=ORIENTED_EDGE('',*,*,#3213,.F.);
#4623=ORIENTED_EDGE('',*,*,#3211,.T.);
#4624=ORIENTED_EDGE('',*,*,#3202,.F.);
#4625=ORIENTED_EDGE('',*,*,#3194,.T.);
#4626=ORIENTED_EDGE('',*,*,#3197,.T.);
#4627=ORIENTED_EDGE('',*,*,#3210,.T.);
#4628=ORIENTED_EDGE('',*,*,#3213,.T.);
#4629=ORIENTED_EDGE('',*,*,#3205,.T.);
#4630=ORIENTED_EDGE('',*,*,#3214,.T.);
#4631=ORIENTED_EDGE('',*,*,#3207,.T.);
#4632=ORIENTED_EDGE('',*,*,#3212,.T.);
#4633=ORIENTED_EDGE('',*,*,#3204,.T.);
#4634=ORIENTED_EDGE('',*,*,#3200,.F.);
#4635=ORIENTED_EDGE('',*,*,#3208,.T.);
#4636=ORIENTED_EDGE('',*,*,#3214,.F.);
#4637=ORIENTED_EDGE('',*,*,#3215,.F.);
#4638=ORIENTED_EDGE('',*,*,#3216,.F.);
#4639=ORIENTED_EDGE('',*,*,#3217,.F.);
#4640=ORIENTED_EDGE('',*,*,#3218,.F.);
#4641=ORIENTED_EDGE('',*,*,#3217,.T.);
#4642=ORIENTED_EDGE('',*,*,#3219,.F.);
#4643=ORIENTED_EDGE('',*,*,#3220,.T.);
#4644=ORIENTED_EDGE('',*,*,#3221,.F.);
#4645=ORIENTED_EDGE('',*,*,#3216,.T.);
#4646=ORIENTED_EDGE('',*,*,#3222,.T.);
#4647=ORIENTED_EDGE('',*,*,#3223,.T.);
#4648=ORIENTED_EDGE('',*,*,#3224,.T.);
#4649=ORIENTED_EDGE('',*,*,#3225,.T.);
#4650=ORIENTED_EDGE('',*,*,#3226,.T.);
#4651=ORIENTED_EDGE('',*,*,#3227,.T.);
#4652=ORIENTED_EDGE('',*,*,#3219,.T.);
#4653=ORIENTED_EDGE('',*,*,#3225,.F.);
#4654=ORIENTED_EDGE('',*,*,#3228,.F.);
#4655=ORIENTED_EDGE('',*,*,#3229,.F.);
#4656=ORIENTED_EDGE('',*,*,#3230,.F.);
#4657=ORIENTED_EDGE('',*,*,#3231,.F.);
#4658=ORIENTED_EDGE('',*,*,#3232,.F.);
#4659=ORIENTED_EDGE('',*,*,#3223,.F.);
#4660=ORIENTED_EDGE('',*,*,#3233,.F.);
#4661=ORIENTED_EDGE('',*,*,#3234,.F.);
#4662=ORIENTED_EDGE('',*,*,#3220,.F.);
#4663=ORIENTED_EDGE('',*,*,#3227,.F.);
#4664=ORIENTED_EDGE('',*,*,#3235,.F.);
#4665=ORIENTED_EDGE('',*,*,#3215,.T.);
#4666=ORIENTED_EDGE('',*,*,#3236,.F.);
#4667=ORIENTED_EDGE('',*,*,#3233,.T.);
#4668=ORIENTED_EDGE('',*,*,#3222,.F.);
#4669=ORIENTED_EDGE('',*,*,#3230,.T.);
#4670=ORIENTED_EDGE('',*,*,#3237,.F.);
#4671=ORIENTED_EDGE('',*,*,#3235,.T.);
#4672=ORIENTED_EDGE('',*,*,#3226,.F.);
#4673=ORIENTED_EDGE('',*,*,#3218,.T.);
#4674=ORIENTED_EDGE('',*,*,#3221,.T.);
#4675=ORIENTED_EDGE('',*,*,#3234,.T.);
#4676=ORIENTED_EDGE('',*,*,#3237,.T.);
#4677=ORIENTED_EDGE('',*,*,#3229,.T.);
#4678=ORIENTED_EDGE('',*,*,#3238,.T.);
#4679=ORIENTED_EDGE('',*,*,#3231,.T.);
#4680=ORIENTED_EDGE('',*,*,#3236,.T.);
#4681=ORIENTED_EDGE('',*,*,#3228,.T.);
#4682=ORIENTED_EDGE('',*,*,#3224,.F.);
#4683=ORIENTED_EDGE('',*,*,#3232,.T.);
#4684=ORIENTED_EDGE('',*,*,#3238,.F.);
#4685=ORIENTED_EDGE('',*,*,#3239,.T.);
#4686=ORIENTED_EDGE('',*,*,#3240,.F.);
#4687=ORIENTED_EDGE('',*,*,#3241,.T.);
#4688=ORIENTED_EDGE('',*,*,#3242,.F.);
#4689=ORIENTED_EDGE('',*,*,#3243,.T.);
#4690=ORIENTED_EDGE('',*,*,#3244,.F.);
#4691=ORIENTED_EDGE('',*,*,#3245,.T.);
#4692=ORIENTED_EDGE('',*,*,#3246,.F.);
#4693=ORIENTED_EDGE('',*,*,#3247,.F.);
#4694=ORIENTED_EDGE('',*,*,#3248,.F.);
#4695=ORIENTED_EDGE('',*,*,#3249,.F.);
#4696=ORIENTED_EDGE('',*,*,#3245,.F.);
#4697=ORIENTED_EDGE('',*,*,#3250,.F.);
#4698=ORIENTED_EDGE('',*,*,#3241,.F.);
#4699=ORIENTED_EDGE('',*,*,#3251,.F.);
#4700=ORIENTED_EDGE('',*,*,#3252,.F.);
#4701=ORIENTED_EDGE('',*,*,#3253,.F.);
#4702=ORIENTED_EDGE('',*,*,#3239,.F.);
#4703=ORIENTED_EDGE('',*,*,#3254,.F.);
#4704=ORIENTED_EDGE('',*,*,#3243,.F.);
#4705=ORIENTED_EDGE('',*,*,#3255,.T.);
#4706=ORIENTED_EDGE('',*,*,#3256,.T.);
#4707=ORIENTED_EDGE('',*,*,#3257,.T.);
#4708=ORIENTED_EDGE('',*,*,#3247,.T.);
#4709=ORIENTED_EDGE('',*,*,#3244,.T.);
#4710=ORIENTED_EDGE('',*,*,#3254,.T.);
#4711=ORIENTED_EDGE('',*,*,#3242,.T.);
#4712=ORIENTED_EDGE('',*,*,#3250,.T.);
#4713=ORIENTED_EDGE('',*,*,#3257,.F.);
#4714=ORIENTED_EDGE('',*,*,#3258,.T.);
#4715=ORIENTED_EDGE('',*,*,#3259,.F.);
#4716=ORIENTED_EDGE('',*,*,#3248,.T.);
#4717=ORIENTED_EDGE('',*,*,#3260,.F.);
#4718=ORIENTED_EDGE('',*,*,#3261,.T.);
#4719=ORIENTED_EDGE('',*,*,#3255,.F.);
#4720=ORIENTED_EDGE('',*,*,#3252,.T.);
#4721=ORIENTED_EDGE('',*,*,#3259,.T.);
#4722=ORIENTED_EDGE('',*,*,#3262,.T.);
#4723=ORIENTED_EDGE('',*,*,#3260,.T.);
#4724=ORIENTED_EDGE('',*,*,#3251,.T.);
#4725=ORIENTED_EDGE('',*,*,#3240,.T.);
#4726=ORIENTED_EDGE('',*,*,#3253,.T.);
#4727=ORIENTED_EDGE('',*,*,#3246,.T.);
#4728=ORIENTED_EDGE('',*,*,#3249,.T.);
#4729=ORIENTED_EDGE('',*,*,#3258,.F.);
#4730=ORIENTED_EDGE('',*,*,#3256,.F.);
#4731=ORIENTED_EDGE('',*,*,#3261,.F.);
#4732=ORIENTED_EDGE('',*,*,#3262,.F.);
#4733=ORIENTED_EDGE('',*,*,#3263,.F.);
#4734=ORIENTED_EDGE('',*,*,#3264,.T.);
#4735=ORIENTED_EDGE('',*,*,#3265,.F.);
#4736=ORIENTED_EDGE('',*,*,#3266,.F.);
#4737=ORIENTED_EDGE('',*,*,#3267,.F.);
#4738=ORIENTED_EDGE('',*,*,#3266,.T.);
#4739=ORIENTED_EDGE('',*,*,#3268,.F.);
#4740=ORIENTED_EDGE('',*,*,#3269,.F.);
#4741=ORIENTED_EDGE('',*,*,#3270,.F.);
#4742=ORIENTED_EDGE('',*,*,#3269,.T.);
#4743=ORIENTED_EDGE('',*,*,#3271,.F.);
#4744=ORIENTED_EDGE('',*,*,#3272,.F.);
#4745=ORIENTED_EDGE('',*,*,#3273,.F.);
#4746=ORIENTED_EDGE('',*,*,#3272,.T.);
#4747=ORIENTED_EDGE('',*,*,#3274,.F.);
#4748=ORIENTED_EDGE('',*,*,#3264,.F.);
#4749=ORIENTED_EDGE('',*,*,#3274,.T.);
#4750=ORIENTED_EDGE('',*,*,#3271,.T.);
#4751=ORIENTED_EDGE('',*,*,#3268,.T.);
#4752=ORIENTED_EDGE('',*,*,#3265,.T.);
#4753=ORIENTED_EDGE('',*,*,#3275,.F.);
#4754=ORIENTED_EDGE('',*,*,#3276,.F.);
#4755=ORIENTED_EDGE('',*,*,#3277,.F.);
#4756=ORIENTED_EDGE('',*,*,#3278,.F.);
#4757=ORIENTED_EDGE('',*,*,#3278,.T.);
#4758=ORIENTED_EDGE('',*,*,#3279,.F.);
#4759=ORIENTED_EDGE('',*,*,#3280,.F.);
#4760=ORIENTED_EDGE('',*,*,#3281,.T.);
#4761=ORIENTED_EDGE('',*,*,#3277,.T.);
#4762=ORIENTED_EDGE('',*,*,#3282,.F.);
#4763=ORIENTED_EDGE('',*,*,#3283,.F.);
#4764=ORIENTED_EDGE('',*,*,#3279,.T.);
#4765=ORIENTED_EDGE('',*,*,#3276,.T.);
#4766=ORIENTED_EDGE('',*,*,#3284,.F.);
#4767=ORIENTED_EDGE('',*,*,#3285,.T.);
#4768=ORIENTED_EDGE('',*,*,#3282,.T.);
#4769=ORIENTED_EDGE('',*,*,#3273,.T.);
#4770=ORIENTED_EDGE('',*,*,#3263,.T.);
#4771=ORIENTED_EDGE('',*,*,#3267,.T.);
#4772=ORIENTED_EDGE('',*,*,#3270,.T.);
#4773=ORIENTED_EDGE('',*,*,#3283,.T.);
#4774=ORIENTED_EDGE('',*,*,#3285,.F.);
#4775=ORIENTED_EDGE('',*,*,#3286,.F.);
#4776=ORIENTED_EDGE('',*,*,#3280,.T.);
#4777=ORIENTED_EDGE('',*,*,#3275,.T.);
#4778=ORIENTED_EDGE('',*,*,#3281,.F.);
#4779=ORIENTED_EDGE('',*,*,#3286,.T.);
#4780=ORIENTED_EDGE('',*,*,#3284,.T.);
#4781=PLANE('',#5291);
#4782=PLANE('',#5292);
#4783=PLANE('',#5293);
#4784=PLANE('',#5294);
#4785=PLANE('',#5295);
#4786=PLANE('',#5296);
#4787=PLANE('',#5297);
#4788=PLANE('',#5298);
#4789=PLANE('',#5299);
#4790=PLANE('',#5300);
#4791=PLANE('',#5301);
#4792=PLANE('',#5302);
#4793=PLANE('',#5303);
#4794=PLANE('',#5310);
#4795=PLANE('',#5314);
#4796=PLANE('',#5319);
#4797=PLANE('',#5323);
#4798=PLANE('',#5326);
#4799=PLANE('',#5327);
#4800=PLANE('',#5328);
#4801=PLANE('',#5329);
#4802=PLANE('',#5330);
#4803=PLANE('',#5331);
#4804=PLANE('',#5332);
#4805=PLANE('',#5333);
#4806=PLANE('',#5334);
#4807=PLANE('',#5335);
#4808=PLANE('',#5336);
#4809=PLANE('',#5337);
#4810=PLANE('',#5338);
#4811=PLANE('',#5339);
#4812=PLANE('',#5340);
#4813=PLANE('',#5341);
#4814=PLANE('',#5342);
#4815=PLANE('',#5343);
#4816=PLANE('',#5344);
#4817=PLANE('',#5345);
#4818=PLANE('',#5346);
#4819=PLANE('',#5347);
#4820=PLANE('',#5348);
#4821=PLANE('',#5349);
#4822=PLANE('',#5350);
#4823=PLANE('',#5351);
#4824=PLANE('',#5352);
#4825=PLANE('',#5353);
#4826=PLANE('',#5354);
#4827=PLANE('',#5355);
#4828=PLANE('',#5356);
#4829=PLANE('',#5357);
#4830=PLANE('',#5358);
#4831=PLANE('',#5359);
#4832=PLANE('',#5360);
#4833=PLANE('',#5361);
#4834=PLANE('',#5362);
#4835=PLANE('',#5363);
#4836=PLANE('',#5364);
#4837=PLANE('',#5368);
#4838=PLANE('',#5369);
#4839=PLANE('',#5370);
#4840=PLANE('',#5371);
#4841=PLANE('',#5372);
#4842=PLANE('',#5376);
#4843=PLANE('',#5377);
#4844=PLANE('',#5378);
#4845=PLANE('',#5379);
#4846=PLANE('',#5380);
#4847=PLANE('',#5381);
#4848=PLANE('',#5382);
#4849=PLANE('',#5383);
#4850=PLANE('',#5384);
#4851=PLANE('',#5385);
#4852=PLANE('',#5386);
#4853=PLANE('',#5387);
#4854=PLANE('',#5388);
#4855=PLANE('',#5389);
#4856=PLANE('',#5390);
#4857=PLANE('',#5391);
#4858=PLANE('',#5392);
#4859=PLANE('',#5393);
#4860=PLANE('',#5394);
#4861=PLANE('',#5395);
#4862=PLANE('',#5396);
#4863=PLANE('',#5397);
#4864=PLANE('',#5398);
#4865=PLANE('',#5399);
#4866=PLANE('',#5400);
#4867=PLANE('',#5401);
#4868=PLANE('',#5402);
#4869=PLANE('',#5403);
#4870=PLANE('',#5404);
#4871=PLANE('',#5405);
#4872=PLANE('',#5406);
#4873=PLANE('',#5407);
#4874=PLANE('',#5408);
#4875=PLANE('',#5412);
#4876=PLANE('',#5422);
#4877=PLANE('',#5427);
#4878=PLANE('',#5428);
#4879=PLANE('',#5429);
#4880=PLANE('',#5430);
#4881=PLANE('',#5431);
#4882=PLANE('',#5432);
#4883=PLANE('',#5433);
#4884=PLANE('',#5434);
#4885=PLANE('',#5435);
#4886=PLANE('',#5436);
#4887=PLANE('',#5437);
#4888=PLANE('',#5438);
#4889=PLANE('',#5439);
#4890=PLANE('',#5440);
#4891=PLANE('',#5441);
#4892=PLANE('',#5442);
#4893=PLANE('',#5443);
#4894=PLANE('',#5450);
#4895=PLANE('',#5454);
#4896=PLANE('',#5461);
#4897=PLANE('',#5462);
#4898=PLANE('',#5463);
#4899=PLANE('',#5464);
#4900=PLANE('',#5465);
#4901=PLANE('',#5466);
#4902=PLANE('',#5467);
#4903=PLANE('',#5468);
#4904=PLANE('',#5469);
#4905=PLANE('',#5470);
#4906=PLANE('',#5471);
#4907=PLANE('',#5472);
#4908=PLANE('',#5473);
#4909=PLANE('',#5474);
#4910=PLANE('',#5475);
#4911=PLANE('',#5476);
#4912=PLANE('',#5477);
#4913=PLANE('',#5478);
#4914=PLANE('',#5479);
#4915=PLANE('',#5488);
#4916=PLANE('',#5490);
#4917=PLANE('',#5492);
#4918=PLANE('',#5494);
#4919=PLANE('',#5495);
#4920=PLANE('',#5501);
#4921=PLANE('',#5505);
#4922=PLANE('',#5506);
#4923=PLANE('',#5514);
#4924=PLANE('',#5517);
#4925=PLANE('',#5519);
#4926=PLANE('',#5520);
#4927=PLANE('',#5521);
#4928=PLANE('',#5522);
#4929=PLANE('',#5525);
#4930=PLANE('',#5528);
#4931=PLANE('',#5532);
#4932=PLANE('',#5533);
#4933=PLANE('',#5534);
#4934=PLANE('',#5538);
#4935=PLANE('',#5539);
#4936=PLANE('',#5540);
#4937=PLANE('',#5550);
#4938=PLANE('',#5551);
#4939=PLANE('',#5552);
#4940=PLANE('',#5553);
#4941=PLANE('',#5554);
#4942=PLANE('',#5555);
#4943=PLANE('',#5556);
#4944=PLANE('',#5566);
#4945=PLANE('',#5567);
#4946=PLANE('',#5568);
#4947=PLANE('',#5569);
#4948=PLANE('',#5570);
#4949=PLANE('',#5571);
#4950=PLANE('',#5581);
#4951=PLANE('',#5582);
#4952=PLANE('',#5583);
#4953=PLANE('',#5584);
#4954=PLANE('',#5585);
#4955=PLANE('',#5587);
#4956=PLANE('',#5588);
#4957=PLANE('',#5589);
#4958=PLANE('',#5590);
#4959=PLANE('',#5591);
#4960=PLANE('',#5592);
#4961=PLANE('',#5593);
#4962=PLANE('',#5595);
#4963=PLANE('',#5596);
#4964=PLANE('',#5599);
#4965=ADVANCED_FACE('',(#363),#4781,.T.);
#4966=ADVANCED_FACE('',(#364,#228),#4782,.T.);
#4967=ADVANCED_FACE('',(#365),#4783,.F.);
#4968=ADVANCED_FACE('',(#366),#4784,.F.);
#4969=ADVANCED_FACE('',(#367),#4785,.F.);
#4970=ADVANCED_FACE('',(#368),#4786,.F.);
#4971=ADVANCED_FACE('',(#369),#4787,.F.);
#4972=ADVANCED_FACE('',(#370),#178,.F.);
#4973=ADVANCED_FACE('',(#371),#179,.F.);
#4974=ADVANCED_FACE('',(#372),#180,.F.);
#4975=ADVANCED_FACE('',(#373),#181,.F.);
#4976=ADVANCED_FACE('',(#374),#182,.F.);
#4977=ADVANCED_FACE('',(#375),#183,.F.);
#4978=ADVANCED_FACE('',(#376),#184,.F.);
#4979=ADVANCED_FACE('',(#377),#185,.F.);
#4980=ADVANCED_FACE('',(#378),#186,.F.);
#4981=ADVANCED_FACE('',(#379),#187,.F.);
#4982=ADVANCED_FACE('',(#380),#188,.F.);
#4983=ADVANCED_FACE('',(#381),#189,.F.);
#4984=ADVANCED_FACE('',(#382),#190,.F.);
#4985=ADVANCED_FACE('',(#383),#191,.F.);
#4986=ADVANCED_FACE('',(#384),#192,.F.);
#4987=ADVANCED_FACE('',(#385),#193,.F.);
#4988=ADVANCED_FACE('',(#386),#194,.F.);
#4989=ADVANCED_FACE('',(#387),#195,.F.);
#4990=ADVANCED_FACE('',(#388),#4788,.F.);
#4991=ADVANCED_FACE('',(#389),#4789,.F.);
#4992=ADVANCED_FACE('',(#390),#4790,.F.);
#4993=ADVANCED_FACE('',(#391),#4791,.F.);
#4994=ADVANCED_FACE('',(#392),#4792,.F.);
#4995=ADVANCED_FACE('',(#393,#229,#230,#231,#232),#4793,.T.);
#4996=ADVANCED_FACE('',(#394),#60,.T.);
#4997=ADVANCED_FACE('',(#395,#233),#4794,.F.);
#4998=ADVANCED_FACE('',(#396),#4795,.T.);
#4999=ADVANCED_FACE('',(#397),#61,.T.);
#5000=ADVANCED_FACE('',(#398),#62,.T.);
#5001=ADVANCED_FACE('',(#399,#234),#4796,.T.);
#5002=ADVANCED_FACE('',(#400),#4797,.T.);
#5003=ADVANCED_FACE('',(#401),#63,.T.);
#5004=ADVANCED_FACE('',(#402),#4798,.F.);
#5005=ADVANCED_FACE('',(#403),#4799,.F.);
#5006=ADVANCED_FACE('',(#404),#4800,.F.);
#5007=ADVANCED_FACE('',(#405),#4801,.F.);
#5008=ADVANCED_FACE('',(#406),#4802,.F.);
#5009=ADVANCED_FACE('',(#407),#4803,.T.);
#5010=ADVANCED_FACE('',(#408),#4804,.T.);
#5011=ADVANCED_FACE('',(#409),#4805,.T.);
#5012=ADVANCED_FACE('',(#410),#4806,.T.);
#5013=ADVANCED_FACE('',(#411),#4807,.T.);
#5014=ADVANCED_FACE('',(#412),#4808,.F.);
#5015=ADVANCED_FACE('',(#413),#4809,.F.);
#5016=ADVANCED_FACE('',(#414),#4810,.F.);
#5017=ADVANCED_FACE('',(#415),#4811,.F.);
#5018=ADVANCED_FACE('',(#416),#4812,.F.);
#5019=ADVANCED_FACE('',(#417),#4813,.F.);
#5020=ADVANCED_FACE('',(#418),#4814,.F.);
#5021=ADVANCED_FACE('',(#419),#4815,.F.);
#5022=ADVANCED_FACE('',(#420,#235),#4816,.T.);
#5023=ADVANCED_FACE('',(#421),#4817,.F.);
#5024=ADVANCED_FACE('',(#422),#4818,.F.);
#5025=ADVANCED_FACE('',(#423),#4819,.F.);
#5026=ADVANCED_FACE('',(#424),#4820,.F.);
#5027=ADVANCED_FACE('',(#425),#4821,.F.);
#5028=ADVANCED_FACE('',(#426),#4822,.F.);
#5029=ADVANCED_FACE('',(#427),#4823,.F.);
#5030=ADVANCED_FACE('',(#428),#4824,.F.);
#5031=ADVANCED_FACE('',(#429),#4825,.F.);
#5032=ADVANCED_FACE('',(#430),#4826,.F.);
#5033=ADVANCED_FACE('',(#431),#4827,.F.);
#5034=ADVANCED_FACE('',(#432),#4828,.F.);
#5035=ADVANCED_FACE('',(#433),#4829,.F.);
#5036=ADVANCED_FACE('',(#434),#4830,.F.);
#5037=ADVANCED_FACE('',(#435),#4831,.F.);
#5038=ADVANCED_FACE('',(#436),#4832,.F.);
#5039=ADVANCED_FACE('',(#437),#4833,.F.);
#5040=ADVANCED_FACE('',(#438),#4834,.F.);
#5041=ADVANCED_FACE('',(#439),#4835,.T.);
#5042=ADVANCED_FACE('',(#440),#4836,.T.);
#5043=ADVANCED_FACE('',(#441),#64,.F.);
#5044=ADVANCED_FACE('',(#442),#65,.F.);
#5045=ADVANCED_FACE('',(#443),#4837,.T.);
#5046=ADVANCED_FACE('',(#444),#4838,.T.);
#5047=ADVANCED_FACE('',(#445),#4839,.T.);
#5048=ADVANCED_FACE('',(#446),#4840,.T.);
#5049=ADVANCED_FACE('',(#447),#4841,.T.);
#5050=ADVANCED_FACE('',(#448),#66,.F.);
#5051=ADVANCED_FACE('',(#449),#67,.F.);
#5052=ADVANCED_FACE('',(#450),#4842,.T.);
#5053=ADVANCED_FACE('',(#451),#4843,.F.);
#5054=ADVANCED_FACE('',(#452,#236),#4844,.F.);
#5055=ADVANCED_FACE('',(#453),#4845,.F.);
#5056=ADVANCED_FACE('',(#454,#237,#238),#4846,.F.);
#5057=ADVANCED_FACE('',(#455),#4847,.T.);
#5058=ADVANCED_FACE('',(#456),#196,.T.);
#5059=ADVANCED_FACE('',(#457),#197,.T.);
#5060=ADVANCED_FACE('',(#458),#198,.T.);
#5061=ADVANCED_FACE('',(#459),#199,.T.);
#5062=ADVANCED_FACE('',(#460),#200,.T.);
#5063=ADVANCED_FACE('',(#461),#201,.T.);
#5064=ADVANCED_FACE('',(#462),#202,.T.);
#5065=ADVANCED_FACE('',(#463),#203,.T.);
#5066=ADVANCED_FACE('',(#464),#4848,.T.);
#5067=ADVANCED_FACE('',(#465),#4849,.T.);
#5068=ADVANCED_FACE('',(#466),#204,.T.);
#5069=ADVANCED_FACE('',(#467),#205,.T.);
#5070=ADVANCED_FACE('',(#468),#206,.T.);
#5071=ADVANCED_FACE('',(#469),#207,.T.);
#5072=ADVANCED_FACE('',(#470),#208,.T.);
#5073=ADVANCED_FACE('',(#471),#209,.T.);
#5074=ADVANCED_FACE('',(#472),#210,.T.);
#5075=ADVANCED_FACE('',(#473),#211,.T.);
#5076=ADVANCED_FACE('',(#474),#4850,.T.);
#5077=ADVANCED_FACE('',(#475),#4851,.T.);
#5078=ADVANCED_FACE('',(#476),#4852,.T.);
#5079=ADVANCED_FACE('',(#477),#4853,.T.);
#5080=ADVANCED_FACE('',(#478),#4854,.T.);
#5081=ADVANCED_FACE('',(#479),#4855,.T.);
#5082=ADVANCED_FACE('',(#480),#4856,.T.);
#5083=ADVANCED_FACE('',(#481),#4857,.T.);
#5084=ADVANCED_FACE('',(#482),#4858,.T.);
#5085=ADVANCED_FACE('',(#483),#4859,.T.);
#5086=ADVANCED_FACE('',(#484),#4860,.T.);
#5087=ADVANCED_FACE('',(#485),#4861,.T.);
#5088=ADVANCED_FACE('',(#486),#4862,.F.);
#5089=ADVANCED_FACE('',(#487),#4863,.F.);
#5090=ADVANCED_FACE('',(#488),#4864,.F.);
#5091=ADVANCED_FACE('',(#489),#4865,.F.);
#5092=ADVANCED_FACE('',(#490,#239,#240),#4866,.F.);
#5093=ADVANCED_FACE('',(#491),#212,.T.);
#5094=ADVANCED_FACE('',(#492),#213,.T.);
#5095=ADVANCED_FACE('',(#493),#214,.T.);
#5096=ADVANCED_FACE('',(#494),#215,.T.);
#5097=ADVANCED_FACE('',(#495),#216,.T.);
#5098=ADVANCED_FACE('',(#496),#217,.T.);
#5099=ADVANCED_FACE('',(#497),#218,.T.);
#5100=ADVANCED_FACE('',(#498),#4867,.T.);
#5101=ADVANCED_FACE('',(#499),#219,.T.);
#5102=ADVANCED_FACE('',(#500),#4868,.T.);
#5103=ADVANCED_FACE('',(#501),#220,.T.);
#5104=ADVANCED_FACE('',(#502),#221,.T.);
#5105=ADVANCED_FACE('',(#503),#222,.T.);
#5106=ADVANCED_FACE('',(#504),#223,.T.);
#5107=ADVANCED_FACE('',(#505),#224,.T.);
#5108=ADVANCED_FACE('',(#506),#225,.T.);
#5109=ADVANCED_FACE('',(#507),#226,.T.);
#5110=ADVANCED_FACE('',(#508),#4869,.T.);
#5111=ADVANCED_FACE('',(#509),#227,.T.);
#5112=ADVANCED_FACE('',(#510),#4870,.F.);
#5113=ADVANCED_FACE('',(#511),#4871,.F.);
#5114=ADVANCED_FACE('',(#512),#4872,.F.);
#5115=ADVANCED_FACE('',(#513),#4873,.F.);
#5116=ADVANCED_FACE('',(#514,#241),#4874,.F.);
#5117=ADVANCED_FACE('',(#515),#68,.F.);
#5118=ADVANCED_FACE('',(#516,#242),#4875,.T.);
#5119=ADVANCED_FACE('',(#517),#69,.F.);
#5120=ADVANCED_FACE('',(#518),#70,.F.);
#5121=ADVANCED_FACE('',(#519,#243),#4876,.T.);
#5122=ADVANCED_FACE('',(#520),#71,.F.);
#5123=ADVANCED_FACE('',(#521),#4877,.F.);
#5124=ADVANCED_FACE('',(#522),#4878,.F.);
#5125=ADVANCED_FACE('',(#523),#4879,.F.);
#5126=ADVANCED_FACE('',(#524),#4880,.F.);
#5127=ADVANCED_FACE('',(#525),#4881,.F.);
#5128=ADVANCED_FACE('',(#526),#4882,.T.);
#5129=ADVANCED_FACE('',(#527),#4883,.T.);
#5130=ADVANCED_FACE('',(#528),#4884,.T.);
#5131=ADVANCED_FACE('',(#529),#4885,.T.);
#5132=ADVANCED_FACE('',(#530),#4886,.F.);
#5133=ADVANCED_FACE('',(#531),#4887,.T.);
#5134=ADVANCED_FACE('',(#532),#4888,.T.);
#5135=ADVANCED_FACE('',(#533),#4889,.T.);
#5136=ADVANCED_FACE('',(#534),#4890,.T.);
#5137=ADVANCED_FACE('',(#535),#4891,.F.);
#5138=ADVANCED_FACE('',(#536,#244),#4892,.F.);
#5139=ADVANCED_FACE('',(#537),#4893,.F.);
#5140=ADVANCED_FACE('',(#538),#72,.T.);
#5141=ADVANCED_FACE('',(#539),#73,.T.);
#5142=ADVANCED_FACE('',(#540),#4894,.F.);
#5143=ADVANCED_FACE('',(#541),#74,.F.);
#5144=ADVANCED_FACE('',(#542),#4895,.F.);
#5145=ADVANCED_FACE('',(#543),#75,.F.);
#5146=ADVANCED_FACE('',(#544),#76,.F.);
#5147=ADVANCED_FACE('',(#545,#245,#246,#247),#4896,.F.);
#5148=ADVANCED_FACE('',(#546),#4897,.F.);
#5149=ADVANCED_FACE('',(#547),#4898,.F.);
#5150=ADVANCED_FACE('',(#548),#4899,.F.);
#5151=ADVANCED_FACE('',(#549),#4900,.F.);
#5152=ADVANCED_FACE('',(#550),#4901,.F.);
#5153=ADVANCED_FACE('',(#551,#248,#249),#4902,.F.);
#5154=ADVANCED_FACE('',(#552),#4903,.F.);
#5155=ADVANCED_FACE('',(#553),#4904,.F.);
#5156=ADVANCED_FACE('',(#554),#4905,.F.);
#5157=ADVANCED_FACE('',(#555),#4906,.F.);
#5158=ADVANCED_FACE('',(#556),#4907,.F.);
#5159=ADVANCED_FACE('',(#557),#4908,.F.);
#5160=ADVANCED_FACE('',(#558),#4909,.F.);
#5161=ADVANCED_FACE('',(#559),#4910,.F.);
#5162=ADVANCED_FACE('',(#560,#250,#251,#252,#253),#4911,.T.);
#5163=ADVANCED_FACE('',(#561,#254),#4912,.F.);
#5164=ADVANCED_FACE('',(#562),#4913,.F.);
#5165=ADVANCED_FACE('',(#563,#255),#4914,.F.);
#5166=ADVANCED_FACE('',(#564),#77,.F.);
#5167=ADVANCED_FACE('',(#565),#78,.T.);
#5168=ADVANCED_FACE('',(#566),#4915,.T.);
#5169=ADVANCED_FACE('',(#567),#4916,.F.);
#5170=ADVANCED_FACE('',(#568),#4917,.F.);
#5171=ADVANCED_FACE('',(#569),#4918,.F.);
#5172=ADVANCED_FACE('',(#570),#4919,.F.);
#5173=ADVANCED_FACE('',(#571),#79,.F.);
#5174=ADVANCED_FACE('',(#572),#4920,.F.);
#5175=ADVANCED_FACE('',(#573),#4921,.F.);
#5176=ADVANCED_FACE('',(#574),#4922,.F.);
#5177=ADVANCED_FACE('',(#575),#80,.T.);
#5178=ADVANCED_FACE('',(#576),#4923,.F.);
#5179=ADVANCED_FACE('',(#577),#4924,.T.);
#5180=ADVANCED_FACE('',(#578),#4925,.F.);
#5181=ADVANCED_FACE('',(#579),#4926,.F.);
#5182=ADVANCED_FACE('',(#580),#4927,.F.);
#5183=ADVANCED_FACE('',(#581),#4928,.F.);
#5184=ADVANCED_FACE('',(#582),#81,.T.);
#5185=ADVANCED_FACE('',(#583),#4929,.F.);
#5186=ADVANCED_FACE('',(#584),#82,.T.);
#5187=ADVANCED_FACE('',(#585),#4930,.F.);
#5188=ADVANCED_FACE('',(#586),#83,.T.);
#5189=ADVANCED_FACE('',(#587),#84,.T.);
#5190=ADVANCED_FACE('',(#588),#85,.F.);
#5191=ADVANCED_FACE('',(#589),#4931,.F.);
#5192=ADVANCED_FACE('',(#590),#4932,.F.);
#5193=ADVANCED_FACE('',(#591),#4933,.F.);
#5194=ADVANCED_FACE('',(#592),#86,.T.);
#5195=ADVANCED_FACE('',(#593),#87,.T.);
#5196=ADVANCED_FACE('',(#594),#4934,.F.);
#5197=ADVANCED_FACE('',(#595),#4935,.T.);
#5198=ADVANCED_FACE('',(#596),#4936,.T.);
#5199=ADVANCED_FACE('',(#597),#88,.T.);
#5200=ADVANCED_FACE('',(#598),#89,.F.);
#5201=ADVANCED_FACE('',(#599),#90,.F.);
#5202=ADVANCED_FACE('',(#600),#4937,.T.);
#5203=ADVANCED_FACE('',(#601),#4938,.T.);
#5204=ADVANCED_FACE('',(#602),#4939,.T.);
#5205=ADVANCED_FACE('',(#603),#4940,.T.);
#5206=ADVANCED_FACE('',(#604),#4941,.F.);
#5207=ADVANCED_FACE('',(#605),#4942,.T.);
#5208=ADVANCED_FACE('',(#606),#4943,.T.);
#5209=ADVANCED_FACE('',(#607),#91,.T.);
#5210=ADVANCED_FACE('',(#608),#92,.F.);
#5211=ADVANCED_FACE('',(#609),#93,.F.);
#5212=ADVANCED_FACE('',(#610),#4944,.T.);
#5213=ADVANCED_FACE('',(#611),#4945,.T.);
#5214=ADVANCED_FACE('',(#612),#4946,.T.);
#5215=ADVANCED_FACE('',(#613),#4947,.T.);
#5216=ADVANCED_FACE('',(#614),#4948,.T.);
#5217=ADVANCED_FACE('',(#615),#4949,.T.);
#5218=ADVANCED_FACE('',(#616),#94,.F.);
#5219=ADVANCED_FACE('',(#617),#95,.F.);
#5220=ADVANCED_FACE('',(#618),#96,.T.);
#5221=ADVANCED_FACE('',(#619),#4950,.T.);
#5222=ADVANCED_FACE('',(#620),#4951,.T.);
#5223=ADVANCED_FACE('',(#621),#4952,.T.);
#5224=ADVANCED_FACE('',(#622),#4953,.T.);
#5225=ADVANCED_FACE('',(#623),#4954,.F.);
#5226=ADVANCED_FACE('',(#624),#4955,.T.);
#5227=ADVANCED_FACE('',(#625),#4956,.T.);
#5228=ADVANCED_FACE('',(#626),#4957,.T.);
#5229=ADVANCED_FACE('',(#627),#4958,.T.);
#5230=ADVANCED_FACE('',(#628,#256),#4959,.T.);
#5231=ADVANCED_FACE('',(#629),#4960,.T.);
#5232=ADVANCED_FACE('',(#630),#4961,.T.);
#5233=ADVANCED_FACE('',(#631),#4962,.T.);
#5234=ADVANCED_FACE('',(#632),#4963,.T.);
#5235=ADVANCED_FACE('',(#633),#97,.T.);
#5236=ADVANCED_FACE('',(#634),#4964,.F.);
#5237=CLOSED_SHELL('',(#4965,#4966,#4967,#4968,#4969,#4970,#4971,#4972,
#4973,#4974,#4975,#4976,#4977,#4978,#4979,#4980,#4981,#4982,#4983,#4984,
#4985,#4986,#4987,#4988,#4989,#4990,#4991,#4992,#4993,#4994,#4995,#4996,
#4997,#4998,#4999,#5000,#5001,#5002,#5003,#5004,#5005,#5006,#5007,#5008,
#5009,#5010,#5011,#5012,#5013,#5014,#5015,#5016,#5017,#5018,#5019,#5020,
#5021,#5022,#5023,#5024,#5025,#5026,#5027,#5028,#5029,#5030,#5031,#5032,
#5033,#5034,#5035,#5036,#5037,#5038,#5039,#5040,#5041,#5042,#5043,#5044,
#5045,#5046,#5047,#5048,#5049,#5050,#5051,#5052,#5053,#5054,#5055,#5056,
#5057));
#5238=CLOSED_SHELL('',(#5058,#5059,#5060,#5061,#5062,#5063,#5064,#5065,
#5066,#5067,#5068,#5069,#5070,#5071,#5072,#5073,#5074,#5075,#5076,#5077,
#5078,#5079,#5080,#5081,#5082,#5083,#5084,#5085,#5086,#5087,#5088,#5089,
#5090,#5091,#5092,#5093,#5094,#5095,#5096,#5097,#5098,#5099,#5100,#5101,
#5102,#5103,#5104,#5105,#5106,#5107,#5108,#5109,#5110,#5111,#5112,#5113,
#5114,#5115,#5116,#5117,#5118,#5119,#5120,#5121,#5122,#5123,#5124,#5125,
#5126,#5127,#5128,#5129,#5130,#5131,#5132,#5133,#5134,#5135,#5136,#5137,
#5138,#5139,#5140,#5141,#5142,#5143,#5144,#5145,#5146,#5147,#5148,#5149,
#5150,#5151,#5152,#5153,#5154,#5155,#5156,#5157,#5158,#5159,#5160,#5161,
#5162,#5163,#5164,#5165));
#5239=CLOSED_SHELL('',(#5166,#5167,#5168,#5169,#5170,#5171,#5172,#5173,
#5174,#5175,#5176,#5177,#5178,#5179,#5180,#5181,#5182,#5183,#5184,#5185,
#5186,#5187,#5188,#5189,#5190,#5191,#5192,#5193,#5194,#5195));
#5240=CLOSED_SHELL('',(#5196,#5197,#5198,#5199,#5200,#5201,#5202,#5203,
#5204,#5205));
#5241=CLOSED_SHELL('',(#5206,#5207,#5208,#5209,#5210,#5211,#5212,#5213,
#5214,#5215));
#5242=CLOSED_SHELL('',(#5216,#5217,#5218,#5219,#5220,#5221,#5222,#5223,
#5224,#5225));
#5243=CLOSED_SHELL('',(#5226,#5227,#5228,#5229,#5230,#5231,#5232,#5233,
#5234,#5235,#5236));
#5244=DERIVED_UNIT_ELEMENT(#5252,1.);
#5245=DERIVED_UNIT_ELEMENT(#9315,-3.);
#5246=DERIVED_UNIT_ELEMENT(#5252,1.);
#5247=DERIVED_UNIT_ELEMENT(#9315,-3.);
#5248=DERIVED_UNIT_ELEMENT(#5252,1.);
#5249=DERIVED_UNIT_ELEMENT(#9315,-3.);
#5250=DERIVED_UNIT_ELEMENT(#5252,1.);
#5251=DERIVED_UNIT_ELEMENT(#9315,-3.);
#5252=(
MASS_UNIT()
NAMED_UNIT(*)
SI_UNIT(.KILO.,.GRAM.)
);
#5253=DERIVED_UNIT((#5244,#5245));
#5254=DERIVED_UNIT((#5246,#5247));
#5255=DERIVED_UNIT((#5248,#5249));
#5256=DERIVED_UNIT((#5250,#5251));
#5257=MEASURE_REPRESENTATION_ITEM('density measure',
POSITIVE_RATIO_MEASURE(7850.),#5253);
#5258=MEASURE_REPRESENTATION_ITEM('density measure',
POSITIVE_RATIO_MEASURE(7850.),#5254);
#5259=MEASURE_REPRESENTATION_ITEM('density measure',
POSITIVE_RATIO_MEASURE(7850.),#5255);
#5260=MEASURE_REPRESENTATION_ITEM('density measure',
POSITIVE_RATIO_MEASURE(7850.),#5256);
#5261=PROPERTY_DEFINITION_REPRESENTATION(#5281,#5269);
#5262=PROPERTY_DEFINITION_REPRESENTATION(#5282,#5270);
#5263=PROPERTY_DEFINITION_REPRESENTATION(#5283,#5271);
#5264=PROPERTY_DEFINITION_REPRESENTATION(#5284,#5272);
#5265=PROPERTY_DEFINITION_REPRESENTATION(#5285,#5273);
#5266=PROPERTY_DEFINITION_REPRESENTATION(#5286,#5274);
#5267=PROPERTY_DEFINITION_REPRESENTATION(#5287,#5275);
#5268=PROPERTY_DEFINITION_REPRESENTATION(#5288,#5276);
#5269=REPRESENTATION('material name',(#5277),#9309);
#5270=REPRESENTATION('density',(#5257),#9309);
#5271=REPRESENTATION('material name',(#5278),#9310);
#5272=REPRESENTATION('density',(#5258),#9310);
#5273=REPRESENTATION('material name',(#5279),#9311);
#5274=REPRESENTATION('density',(#5259),#9311);
#5275=REPRESENTATION('material name',(#5280),#9312);
#5276=REPRESENTATION('density',(#5260),#9312);
#5277=DESCRIPTIVE_REPRESENTATION_ITEM('Steel','Steel');
#5278=DESCRIPTIVE_REPRESENTATION_ITEM('Steel','Steel');
#5279=DESCRIPTIVE_REPRESENTATION_ITEM('Steel','Steel');
#5280=DESCRIPTIVE_REPRESENTATION_ITEM('Steel','Steel');
#5281=PROPERTY_DEFINITION('material property','material name',#9339);
#5282=PROPERTY_DEFINITION('material property','density of part',#9339);
#5283=PROPERTY_DEFINITION('material property','material name',#9340);
#5284=PROPERTY_DEFINITION('material property','density of part',#9340);
#5285=PROPERTY_DEFINITION('material property','material name',#9341);
#5286=PROPERTY_DEFINITION('material property','density of part',#9341);
#5287=PROPERTY_DEFINITION('material property','material name',#9342);
#5288=PROPERTY_DEFINITION('material property','density of part',#9342);
#5289=AXIS2_PLACEMENT_3D('',#6794,#5605,#5606);
#5290=AXIS2_PLACEMENT_3D('',#6795,#5607,#5608);
#5291=AXIS2_PLACEMENT_3D('',#6796,#5609,#5610);
#5292=AXIS2_PLACEMENT_3D('',#6817,#5621,#5622);
#5293=AXIS2_PLACEMENT_3D('',#6926,#5623,#5624);
#5294=AXIS2_PLACEMENT_3D('',#6932,#5628,#5629);
#5295=AXIS2_PLACEMENT_3D('',#6936,#5632,#5633);
#5296=AXIS2_PLACEMENT_3D('',#6940,#5636,#5637);
#5297=AXIS2_PLACEMENT_3D('',#6944,#5640,#5641);
#5298=AXIS2_PLACEMENT_3D('',#7254,#5662,#5663);
#5299=AXIS2_PLACEMENT_3D('',#7258,#5666,#5667);
#5300=AXIS2_PLACEMENT_3D('',#7262,#5670,#5671);
#5301=AXIS2_PLACEMENT_3D('',#7266,#5674,#5675);
#5302=AXIS2_PLACEMENT_3D('',#7270,#5678,#5679);
#5303=AXIS2_PLACEMENT_3D('',#7272,#5681,#5682);
#5304=AXIS2_PLACEMENT_3D('',#7275,#5683,#5684);
#5305=AXIS2_PLACEMENT_3D('',#7279,#5686,#5687);
#5306=AXIS2_PLACEMENT_3D('',#7291,#5693,#5694);
#5307=AXIS2_PLACEMENT_3D('',#7295,#5696,#5697);
#5308=AXIS2_PLACEMENT_3D('',#7313,#5707,#5708);
#5309=AXIS2_PLACEMENT_3D('',#7317,#5710,#5711);
#5310=AXIS2_PLACEMENT_3D('',#7319,#5713,#5714);
#5311=AXIS2_PLACEMENT_3D('',#7323,#5716,#5717);
#5312=AXIS2_PLACEMENT_3D('',#7327,#5719,#5720);
#5313=AXIS2_PLACEMENT_3D('',#7343,#5728,#5729);
#5314=AXIS2_PLACEMENT_3D('',#7353,#5735,#5736);
#5315=AXIS2_PLACEMENT_3D('',#7355,#5738,#5739);
#5316=AXIS2_PLACEMENT_3D('',#7357,#5741,#5742);
#5317=AXIS2_PLACEMENT_3D('',#7360,#5743,#5744);
#5318=AXIS2_PLACEMENT_3D('',#7364,#5746,#5747);
#5319=AXIS2_PLACEMENT_3D('',#7366,#5749,#5750);
#5320=AXIS2_PLACEMENT_3D('',#7370,#5752,#5753);
#5321=AXIS2_PLACEMENT_3D('',#7374,#5755,#5756);
#5322=AXIS2_PLACEMENT_3D('',#7390,#5764,#5765);
#5323=AXIS2_PLACEMENT_3D('',#7400,#5771,#5772);
#5324=AXIS2_PLACEMENT_3D('',#7404,#5775,#5776);
#5325=AXIS2_PLACEMENT_3D('',#7406,#5777,#5778);
#5326=AXIS2_PLACEMENT_3D('',#7408,#5780,#5781);
#5327=AXIS2_PLACEMENT_3D('',#7417,#5786,#5787);
#5328=AXIS2_PLACEMENT_3D('',#7423,#5791,#5792);
#5329=AXIS2_PLACEMENT_3D('',#7429,#5796,#5797);
#5330=AXIS2_PLACEMENT_3D('',#7432,#5800,#5801);
#5331=AXIS2_PLACEMENT_3D('',#7438,#5805,#5806);
#5332=AXIS2_PLACEMENT_3D('',#7447,#5811,#5812);
#5333=AXIS2_PLACEMENT_3D('',#7453,#5816,#5817);
#5334=AXIS2_PLACEMENT_3D('',#7461,#5822,#5823);
#5335=AXIS2_PLACEMENT_3D('',#7467,#5827,#5828);
#5336=AXIS2_PLACEMENT_3D('',#7472,#5832,#5833);
#5337=AXIS2_PLACEMENT_3D('',#7473,#5834,#5835);
#5338=AXIS2_PLACEMENT_3D('',#7480,#5840,#5841);
#5339=AXIS2_PLACEMENT_3D('',#7485,#5845,#5846);
#5340=AXIS2_PLACEMENT_3D('',#7490,#5850,#5851);
#5341=AXIS2_PLACEMENT_3D('',#7496,#5855,#5856);
#5342=AXIS2_PLACEMENT_3D('',#7502,#5860,#5861);
#5343=AXIS2_PLACEMENT_3D('',#7508,#5865,#5866);
#5344=AXIS2_PLACEMENT_3D('',#7514,#5870,#5871);
#5345=AXIS2_PLACEMENT_3D('',#7534,#5884,#5885);
#5346=AXIS2_PLACEMENT_3D('',#7543,#5892,#5893);
#5347=AXIS2_PLACEMENT_3D('',#7547,#5896,#5897);
#5348=AXIS2_PLACEMENT_3D('',#7549,#5899,#5900);
#5349=AXIS2_PLACEMENT_3D('',#7551,#5902,#5903);
#5350=AXIS2_PLACEMENT_3D('',#7556,#5907,#5908);
#5351=AXIS2_PLACEMENT_3D('',#7560,#5911,#5912);
#5352=AXIS2_PLACEMENT_3D('',#7562,#5914,#5915);
#5353=AXIS2_PLACEMENT_3D('',#7564,#5917,#5918);
#5354=AXIS2_PLACEMENT_3D('',#7566,#5920,#5921);
#5355=AXIS2_PLACEMENT_3D('',#7567,#5922,#5923);
#5356=AXIS2_PLACEMENT_3D('',#7573,#5927,#5928);
#5357=AXIS2_PLACEMENT_3D('',#7576,#5931,#5932);
#5358=AXIS2_PLACEMENT_3D('',#7580,#5935,#5936);
#5359=AXIS2_PLACEMENT_3D('',#7582,#5938,#5939);
#5360=AXIS2_PLACEMENT_3D('',#7586,#5942,#5943);
#5361=AXIS2_PLACEMENT_3D('',#7588,#5945,#5946);
#5362=AXIS2_PLACEMENT_3D('',#7590,#5948,#5949);
#5363=AXIS2_PLACEMENT_3D('',#7591,#5950,#5951);
#5364=AXIS2_PLACEMENT_3D('',#7593,#5953,#5954);
#5365=AXIS2_PLACEMENT_3D('',#7594,#5955,#5956);
#5366=AXIS2_PLACEMENT_3D('',#7598,#5958,#5959);
#5367=AXIS2_PLACEMENT_3D('',#7600,#5961,#5962);
#5368=AXIS2_PLACEMENT_3D('',#7603,#5965,#5966);
#5369=AXIS2_PLACEMENT_3D('',#7605,#5968,#5969);
#5370=AXIS2_PLACEMENT_3D('',#7606,#5970,#5971);
#5371=AXIS2_PLACEMENT_3D('',#7610,#5974,#5975);
#5372=AXIS2_PLACEMENT_3D('',#7612,#5977,#5978);
#5373=AXIS2_PLACEMENT_3D('',#7619,#5983,#5984);
#5374=AXIS2_PLACEMENT_3D('',#7620,#5985,#5986);
#5375=AXIS2_PLACEMENT_3D('',#7621,#5987,#5988);
#5376=AXIS2_PLACEMENT_3D('',#7622,#5989,#5990);
#5377=AXIS2_PLACEMENT_3D('',#7623,#5991,#5992);
#5378=AXIS2_PLACEMENT_3D('',#7627,#5995,#5996);
#5379=AXIS2_PLACEMENT_3D('',#7632,#6000,#6001);
#5380=AXIS2_PLACEMENT_3D('',#7636,#6004,#6005);
#5381=AXIS2_PLACEMENT_3D('',#7638,#6007,#6008);
#5382=AXIS2_PLACEMENT_3D('',#7866,#6018,#6019);
#5383=AXIS2_PLACEMENT_3D('',#7872,#6023,#6024);
#5384=AXIS2_PLACEMENT_3D('',#8087,#6035,#6036);
#5385=AXIS2_PLACEMENT_3D('',#8088,#6037,#6038);
#5386=AXIS2_PLACEMENT_3D('',#8097,#6043,#6044);
#5387=AXIS2_PLACEMENT_3D('',#8103,#6048,#6049);
#5388=AXIS2_PLACEMENT_3D('',#8109,#6053,#6054);
#5389=AXIS2_PLACEMENT_3D('',#8115,#6058,#6059);
#5390=AXIS2_PLACEMENT_3D('',#8121,#6063,#6064);
#5391=AXIS2_PLACEMENT_3D('',#8127,#6068,#6069);
#5392=AXIS2_PLACEMENT_3D('',#8133,#6073,#6074);
#5393=AXIS2_PLACEMENT_3D('',#8139,#6078,#6079);
#5394=AXIS2_PLACEMENT_3D('',#8145,#6083,#6084);
#5395=AXIS2_PLACEMENT_3D('',#8148,#6087,#6088);
#5396=AXIS2_PLACEMENT_3D('',#8149,#6089,#6090);
#5397=AXIS2_PLACEMENT_3D('',#8158,#6095,#6096);
#5398=AXIS2_PLACEMENT_3D('',#8164,#6100,#6101);
#5399=AXIS2_PLACEMENT_3D('',#8170,#6105,#6106);
#5400=AXIS2_PLACEMENT_3D('',#8173,#6109,#6110);
#5401=AXIS2_PLACEMENT_3D('',#8338,#6119,#6120);
#5402=AXIS2_PLACEMENT_3D('',#8367,#6125,#6126);
#5403=AXIS2_PLACEMENT_3D('',#8547,#6135,#6136);
#5404=AXIS2_PLACEMENT_3D('',#8566,#6139,#6140);
#5405=AXIS2_PLACEMENT_3D('',#8575,#6145,#6146);
#5406=AXIS2_PLACEMENT_3D('',#8581,#6150,#6151);
#5407=AXIS2_PLACEMENT_3D('',#8587,#6155,#6156);
#5408=AXIS2_PLACEMENT_3D('',#8590,#6159,#6160);
#5409=AXIS2_PLACEMENT_3D('',#8591,#6161,#6162);
#5410=AXIS2_PLACEMENT_3D('',#8594,#6163,#6164);
#5411=AXIS2_PLACEMENT_3D('',#8598,#6166,#6167);
#5412=AXIS2_PLACEMENT_3D('',#8600,#6169,#6170);
#5413=AXIS2_PLACEMENT_3D('',#8603,#6171,#6172);
#5414=AXIS2_PLACEMENT_3D('',#8607,#6174,#6175);
#5415=AXIS2_PLACEMENT_3D('',#8611,#6177,#6178);
#5416=AXIS2_PLACEMENT_3D('',#8615,#6180,#6181);
#5417=AXIS2_PLACEMENT_3D('',#8625,#6187,#6188);
#5418=AXIS2_PLACEMENT_3D('',#8628,#6189,#6190);
#5419=AXIS2_PLACEMENT_3D('',#8632,#6192,#6193);
#5420=AXIS2_PLACEMENT_3D('',#8634,#6195,#6196);
#5421=AXIS2_PLACEMENT_3D('',#8638,#6198,#6199);
#5422=AXIS2_PLACEMENT_3D('',#8640,#6201,#6202);
#5423=AXIS2_PLACEMENT_3D('',#8644,#6204,#6205);
#5424=AXIS2_PLACEMENT_3D('',#8648,#6207,#6208);
#5425=AXIS2_PLACEMENT_3D('',#8659,#6215,#6216);
#5426=AXIS2_PLACEMENT_3D('',#8663,#6218,#6219);
#5427=AXIS2_PLACEMENT_3D('',#8665,#6221,#6222);
#5428=AXIS2_PLACEMENT_3D('',#8667,#6224,#6225);
#5429=AXIS2_PLACEMENT_3D('',#8669,#6227,#6228);
#5430=AXIS2_PLACEMENT_3D('',#8673,#6231,#6232);
#5431=AXIS2_PLACEMENT_3D('',#8677,#6235,#6236);
#5432=AXIS2_PLACEMENT_3D('',#8681,#6239,#6240);
#5433=AXIS2_PLACEMENT_3D('',#8687,#6244,#6245);
#5434=AXIS2_PLACEMENT_3D('',#8691,#6248,#6249);
#5435=AXIS2_PLACEMENT_3D('',#8695,#6252,#6253);
#5436=AXIS2_PLACEMENT_3D('',#8697,#6255,#6256);
#5437=AXIS2_PLACEMENT_3D('',#8698,#6257,#6258);
#5438=AXIS2_PLACEMENT_3D('',#8704,#6262,#6263);
#5439=AXIS2_PLACEMENT_3D('',#8708,#6266,#6267);
#5440=AXIS2_PLACEMENT_3D('',#8712,#6270,#6271);
#5441=AXIS2_PLACEMENT_3D('',#8714,#6273,#6274);
#5442=AXIS2_PLACEMENT_3D('',#8715,#6275,#6276);
#5443=AXIS2_PLACEMENT_3D('',#8726,#6283,#6284);
#5444=AXIS2_PLACEMENT_3D('',#8732,#6288,#6289);
#5445=AXIS2_PLACEMENT_3D('',#8734,#6290,#6291);
#5446=AXIS2_PLACEMENT_3D('',#8737,#6293,#6294);
#5447=AXIS2_PLACEMENT_3D('',#8738,#6295,#6296);
#5448=AXIS2_PLACEMENT_3D('',#8742,#6298,#6299);
#5449=AXIS2_PLACEMENT_3D('',#8745,#6301,#6302);
#5450=AXIS2_PLACEMENT_3D('',#8746,#6303,#6304);
#5451=AXIS2_PLACEMENT_3D('',#8755,#6309,#6310);
#5452=AXIS2_PLACEMENT_3D('',#8757,#6311,#6312);
#5453=AXIS2_PLACEMENT_3D('',#8760,#6314,#6315);
#5454=AXIS2_PLACEMENT_3D('',#8761,#6316,#6317);
#5455=AXIS2_PLACEMENT_3D('',#8770,#6322,#6323);
#5456=AXIS2_PLACEMENT_3D('',#8771,#6324,#6325);
#5457=AXIS2_PLACEMENT_3D('',#8772,#6326,#6327);
#5458=AXIS2_PLACEMENT_3D('',#8773,#6328,#6329);
#5459=AXIS2_PLACEMENT_3D('',#8774,#6330,#6331);
#5460=AXIS2_PLACEMENT_3D('',#8775,#6332,#6333);
#5461=AXIS2_PLACEMENT_3D('',#8776,#6334,#6335);
#5462=AXIS2_PLACEMENT_3D('',#8806,#6351,#6352);
#5463=AXIS2_PLACEMENT_3D('',#8812,#6356,#6357);
#5464=AXIS2_PLACEMENT_3D('',#8818,#6361,#6362);
#5465=AXIS2_PLACEMENT_3D('',#8822,#6365,#6366);
#5466=AXIS2_PLACEMENT_3D('',#8828,#6370,#6371);
#5467=AXIS2_PLACEMENT_3D('',#8832,#6374,#6375);
#5468=AXIS2_PLACEMENT_3D('',#8837,#6379,#6380);
#5469=AXIS2_PLACEMENT_3D('',#8841,#6383,#6384);
#5470=AXIS2_PLACEMENT_3D('',#8843,#6386,#6387);
#5471=AXIS2_PLACEMENT_3D('',#8845,#6389,#6390);
#5472=AXIS2_PLACEMENT_3D('',#8847,#6392,#6393);
#5473=AXIS2_PLACEMENT_3D('',#8848,#6394,#6395);
#5474=AXIS2_PLACEMENT_3D('',#8852,#6398,#6399);
#5475=AXIS2_PLACEMENT_3D('',#8854,#6401,#6402);
#5476=AXIS2_PLACEMENT_3D('',#8858,#6405,#6406);
#5477=AXIS2_PLACEMENT_3D('',#8862,#6410,#6411);
#5478=AXIS2_PLACEMENT_3D('',#8863,#6412,#6413);
#5479=AXIS2_PLACEMENT_3D('',#8864,#6414,#6415);
#5480=AXIS2_PLACEMENT_3D('',#8865,#6416,#6417);
#5481=AXIS2_PLACEMENT_3D('',#8866,#6418,#6419);
#5482=AXIS2_PLACEMENT_3D('',#8871,#6421,#6422);
#5483=AXIS2_PLACEMENT_3D('',#8879,#6424,#6425);
#5484=AXIS2_PLACEMENT_3D('',#8880,#6426,#6427);
#5485=AXIS2_PLACEMENT_3D('',#8885,#6429,#6430);
#5486=AXIS2_PLACEMENT_3D('',#8889,#6432,#6433);
#5487=AXIS2_PLACEMENT_3D('',#8891,#6434,#6435);
#5488=AXIS2_PLACEMENT_3D('',#8902,#6436,#6437);
#5489=AXIS2_PLACEMENT_3D('',#8908,#6440,#6441);
#5490=AXIS2_PLACEMENT_3D('',#8909,#6442,#6443);
#5491=AXIS2_PLACEMENT_3D('',#8915,#6446,#6447);
#5492=AXIS2_PLACEMENT_3D('',#8916,#6448,#6449);
#5493=AXIS2_PLACEMENT_3D('',#8919,#6450,#6451);
#5494=AXIS2_PLACEMENT_3D('',#8923,#6454,#6455);
#5495=AXIS2_PLACEMENT_3D('',#8932,#6460,#6461);
#5496=AXIS2_PLACEMENT_3D('',#8936,#6463,#6464);
#5497=AXIS2_PLACEMENT_3D('',#8946,#6470,#6471);
#5498=AXIS2_PLACEMENT_3D('',#8948,#6473,#6474);
#5499=AXIS2_PLACEMENT_3D('',#8950,#6475,#6476);
#5500=AXIS2_PLACEMENT_3D('',#8954,#6478,#6479);
#5501=AXIS2_PLACEMENT_3D('',#8959,#6480,#6481);
#5502=AXIS2_PLACEMENT_3D('',#8963,#6483,#6484);
#5503=AXIS2_PLACEMENT_3D('',#8967,#6486,#6487);
#5504=AXIS2_PLACEMENT_3D('',#8972,#6490,#6491);
#5505=AXIS2_PLACEMENT_3D('',#8974,#6493,#6494);
#5506=AXIS2_PLACEMENT_3D('',#8980,#6498,#6499);
#5507=AXIS2_PLACEMENT_3D('',#8982,#6500,#6501);
#5508=AXIS2_PLACEMENT_3D('',#8987,#6504,#6505);
#5509=AXIS2_PLACEMENT_3D('',#8994,#6509,#6510);
#5510=AXIS2_PLACEMENT_3D('',#8995,#6511,#6512);
#5511=AXIS2_PLACEMENT_3D('',#8997,#6513,#6514);
#5512=AXIS2_PLACEMENT_3D('',#9012,#6516,#6517);
#5513=AXIS2_PLACEMENT_3D('',#9013,#6518,#6519);
#5514=AXIS2_PLACEMENT_3D('',#9014,#6520,#6521);
#5515=AXIS2_PLACEMENT_3D('',#9015,#6522,#6523);
#5516=AXIS2_PLACEMENT_3D('',#9017,#6525,#6526);
#5517=AXIS2_PLACEMENT_3D('',#9024,#6531,#6532);
#5518=AXIS2_PLACEMENT_3D('',#9026,#6533,#6534);
#5519=AXIS2_PLACEMENT_3D('',#9028,#6536,#6537);
#5520=AXIS2_PLACEMENT_3D('',#9031,#6540,#6541);
#5521=AXIS2_PLACEMENT_3D('',#9034,#6544,#6545);
#5522=AXIS2_PLACEMENT_3D('',#9036,#6547,#6548);
#5523=AXIS2_PLACEMENT_3D('',#9038,#6550,#6551);
#5524=AXIS2_PLACEMENT_3D('',#9058,#6552,#6553);
#5525=AXIS2_PLACEMENT_3D('',#9059,#6554,#6555);
#5526=AXIS2_PLACEMENT_3D('',#9060,#6556,#6557);
#5527=AXIS2_PLACEMENT_3D('',#9080,#6558,#6559);
#5528=AXIS2_PLACEMENT_3D('',#9081,#6560,#6561);
#5529=AXIS2_PLACEMENT_3D('',#9082,#6562,#6563);
#5530=AXIS2_PLACEMENT_3D('',#9083,#6564,#6565);
#5531=AXIS2_PLACEMENT_3D('',#9084,#6566,#6567);
#5532=AXIS2_PLACEMENT_3D('',#9087,#6570,#6571);
#5533=AXIS2_PLACEMENT_3D('',#9089,#6573,#6574);
#5534=AXIS2_PLACEMENT_3D('',#9091,#6576,#6577);
#5535=AXIS2_PLACEMENT_3D('',#9092,#6578,#6579);
#5536=AXIS2_PLACEMENT_3D('',#9093,#6580,#6581);
#5537=AXIS2_PLACEMENT_3D('',#9094,#6582,#6583);
#5538=AXIS2_PLACEMENT_3D('',#9095,#6584,#6585);
#5539=AXIS2_PLACEMENT_3D('',#9104,#6590,#6591);
#5540=AXIS2_PLACEMENT_3D('',#9110,#6595,#6596);
#5541=AXIS2_PLACEMENT_3D('',#9114,#6598,#6599);
#5542=AXIS2_PLACEMENT_3D('',#9118,#6601,#6602);
#5543=AXIS2_PLACEMENT_3D('',#9121,#6604,#6605);
#5544=AXIS2_PLACEMENT_3D('',#9122,#6606,#6607);
#5545=AXIS2_PLACEMENT_3D('',#9126,#6609,#6610);
#5546=AXIS2_PLACEMENT_3D('',#9128,#6612,#6613);
#5547=AXIS2_PLACEMENT_3D('',#9131,#6614,#6615);
#5548=AXIS2_PLACEMENT_3D('',#9134,#6618,#6619);
#5549=AXIS2_PLACEMENT_3D('',#9136,#6620,#6621);
#5550=AXIS2_PLACEMENT_3D('',#9138,#6623,#6624);
#5551=AXIS2_PLACEMENT_3D('',#9140,#6626,#6627);
#5552=AXIS2_PLACEMENT_3D('',#9142,#6629,#6630);
#5553=AXIS2_PLACEMENT_3D('',#9144,#6632,#6633);
#5554=AXIS2_PLACEMENT_3D('',#9145,#6634,#6635);
#5555=AXIS2_PLACEMENT_3D('',#9154,#6640,#6641);
#5556=AXIS2_PLACEMENT_3D('',#9160,#6645,#6646);
#5557=AXIS2_PLACEMENT_3D('',#9164,#6648,#6649);
#5558=AXIS2_PLACEMENT_3D('',#9168,#6651,#6652);
#5559=AXIS2_PLACEMENT_3D('',#9171,#6654,#6655);
#5560=AXIS2_PLACEMENT_3D('',#9172,#6656,#6657);
#5561=AXIS2_PLACEMENT_3D('',#9176,#6659,#6660);
#5562=AXIS2_PLACEMENT_3D('',#9178,#6662,#6663);
#5563=AXIS2_PLACEMENT_3D('',#9181,#6664,#6665);
#5564=AXIS2_PLACEMENT_3D('',#9184,#6668,#6669);
#5565=AXIS2_PLACEMENT_3D('',#9186,#6670,#6671);
#5566=AXIS2_PLACEMENT_3D('',#9188,#6673,#6674);
#5567=AXIS2_PLACEMENT_3D('',#9190,#6676,#6677);
#5568=AXIS2_PLACEMENT_3D('',#9192,#6679,#6680);
#5569=AXIS2_PLACEMENT_3D('',#9194,#6682,#6683);
#5570=AXIS2_PLACEMENT_3D('',#9195,#6684,#6685);
#5571=AXIS2_PLACEMENT_3D('',#9204,#6690,#6691);
#5572=AXIS2_PLACEMENT_3D('',#9213,#6696,#6697);
#5573=AXIS2_PLACEMENT_3D('',#9215,#6698,#6699);
#5574=AXIS2_PLACEMENT_3D('',#9218,#6701,#6702);
#5575=AXIS2_PLACEMENT_3D('',#9219,#6703,#6704);
#5576=AXIS2_PLACEMENT_3D('',#9221,#6705,#6706);
#5577=AXIS2_PLACEMENT_3D('',#9223,#6707,#6708);
#5578=AXIS2_PLACEMENT_3D('',#9225,#6710,#6711);
#5579=AXIS2_PLACEMENT_3D('',#9226,#6712,#6713);
#5580=AXIS2_PLACEMENT_3D('',#9227,#6714,#6715);
#5581=AXIS2_PLACEMENT_3D('',#9228,#6716,#6717);
#5582=AXIS2_PLACEMENT_3D('',#9234,#6721,#6722);
#5583=AXIS2_PLACEMENT_3D('',#9238,#6725,#6726);
#5584=AXIS2_PLACEMENT_3D('',#9242,#6729,#6730);
#5585=AXIS2_PLACEMENT_3D('',#9244,#6732,#6733);
#5586=AXIS2_PLACEMENT_3D('',#9245,#6734,#6735);
#5587=AXIS2_PLACEMENT_3D('',#9246,#6736,#6737);
#5588=AXIS2_PLACEMENT_3D('',#9255,#6742,#6743);
#5589=AXIS2_PLACEMENT_3D('',#9261,#6747,#6748);
#5590=AXIS2_PLACEMENT_3D('',#9267,#6752,#6753);
#5591=AXIS2_PLACEMENT_3D('',#9270,#6756,#6757);
#5592=AXIS2_PLACEMENT_3D('',#9279,#6762,#6763);
#5593=AXIS2_PLACEMENT_3D('',#9285,#6767,#6768);
#5594=AXIS2_PLACEMENT_3D('',#9288,#6770,#6771);
#5595=AXIS2_PLACEMENT_3D('',#9289,#6772,#6773);
#5596=AXIS2_PLACEMENT_3D('',#9293,#6776,#6777);
#5597=AXIS2_PLACEMENT_3D('',#9294,#6778,#6779);
#5598=AXIS2_PLACEMENT_3D('',#9295,#6780,#6781);
#5599=AXIS2_PLACEMENT_3D('',#9296,#6782,#6783);
#5600=AXIS2_PLACEMENT_3D('',#9297,#6784,#6785);
#5601=AXIS2_PLACEMENT_3D('',#9298,#6786,#6787);
#5602=AXIS2_PLACEMENT_3D('',#9299,#6788,#6789);
#5603=AXIS2_PLACEMENT_3D('',#9300,#6790,#6791);
#5604=AXIS2_PLACEMENT_3D('',#9301,#6792,#6793);
#5605=DIRECTION('axis',(0.,0.,1.));
#5606=DIRECTION('refdir',(1.,0.,0.));
#5607=DIRECTION('axis',(0.,0.,1.));
#5608=DIRECTION('refdir',(1.,0.,0.));
#5609=DIRECTION('center_axis',(1.,7.19252457576383E-15,-6.00219659462115E-15));
#5610=DIRECTION('ref_axis',(-7.19252457576379E-15,1.,7.19252457576377E-15));
#5611=DIRECTION('',(7.19252457576379E-15,-1.,-7.19252457576377E-15));
#5612=DIRECTION('',(-6.0021965946212E-15,7.19252457576372E-15,-1.));
#5613=DIRECTION('',(8.88746506075514E-15,-0.52583383584503,0.85058731302583));
#5614=DIRECTION('',(7.19252457576379E-15,-1.,-7.19252457576377E-15));
#5615=DIRECTION('',(-6.0021965946212E-15,7.19252457576372E-15,-1.));
#5616=DIRECTION('',(-7.19252457576379E-15,1.,7.19252457576377E-15));
#5617=DIRECTION('',(6.0021965946212E-15,-7.19252457576372E-15,1.));
#5618=DIRECTION('',(-8.87594900543728E-15,0.52254163240978,-0.85261377094117));
#5619=DIRECTION('',(-7.19252457576379E-15,1.,7.19252457576377E-15));
#5620=DIRECTION('',(6.0021965946212E-15,-7.19252457576372E-15,1.));
#5621=DIRECTION('center_axis',(1.,7.19252457576383E-15,-6.00219659462115E-15));
#5622=DIRECTION('ref_axis',(7.19252457576379E-15,-1.,-7.19252457576377E-15));
#5623=DIRECTION('center_axis',(6.0021965946212E-15,-7.19252457576372E-15,
1.));
#5624=DIRECTION('ref_axis',(-7.19252457576379E-15,1.,7.19252457576377E-15));
#5625=DIRECTION('',(-1.,-7.19252457576383E-15,6.00219659462115E-15));
#5626=DIRECTION('',(-7.19252457576379E-15,1.,7.19252457576377E-15));
#5627=DIRECTION('',(-1.,-7.19252457576383E-15,6.00219659462115E-15));
#5628=DIRECTION('center_axis',(-7.19252457576379E-15,1.,7.19252457576377E-15));
#5629=DIRECTION('ref_axis',(-6.0021965946212E-15,7.19252457576372E-15,-1.));
#5630=DIRECTION('',(-1.,-7.19252457576383E-15,6.00219659462115E-15));
#5631=DIRECTION('',(-6.0021965946212E-15,7.19252457576372E-15,-1.));
#5632=DIRECTION('center_axis',(-6.0021965946212E-15,7.19252457576372E-15,
-1.));
#5633=DIRECTION('ref_axis',(7.19252457576379E-15,-1.,-7.19252457576377E-15));
#5634=DIRECTION('',(-1.,-7.19252457576383E-15,6.00219659462115E-15));
#5635=DIRECTION('',(7.19252457576379E-15,-1.,-7.19252457576377E-15));
#5636=DIRECTION('center_axis',(2.96171209392559E-15,-0.85058731302583,-0.52583383584503));
#5637=DIRECTION('ref_axis',(8.88746506075513E-15,-0.52583383584503,0.85058731302583));
#5638=DIRECTION('',(-1.,-7.19252457576383E-15,6.00219659462115E-15));
#5639=DIRECTION('',(8.88746506075514E-15,-0.52583383584503,0.85058731302583));
#5640=DIRECTION('center_axis',(-7.19252457576379E-15,1.,7.19252457576377E-15));
#5641=DIRECTION('ref_axis',(-6.0021965946212E-15,7.19252457576372E-15,-1.));
#5642=DIRECTION('',(-1.,-7.19252457576383E-15,6.00219659462115E-15));
#5643=DIRECTION('',(-6.0021965946212E-15,7.19252457576372E-15,-1.));
#5644=DIRECTION('',(-1.,-7.19252457576383E-15,6.00219659462115E-15));
#5645=DIRECTION('',(-1.,-7.19252457576383E-15,6.00219659462115E-15));
#5646=DIRECTION('',(-1.,-7.19252457576383E-15,6.00219659462115E-15));
#5647=DIRECTION('',(-1.,-7.19252457576383E-15,6.00219659462115E-15));
#5648=DIRECTION('',(-1.,-7.19252457576383E-15,6.00219659462115E-15));
#5649=DIRECTION('',(-1.,-7.19252457576383E-15,6.00219659462115E-15));
#5650=DIRECTION('',(-1.,-7.19252457576383E-15,6.00219659462115E-15));
#5651=DIRECTION('',(-1.,-7.19252457576383E-15,6.00219659462115E-15));
#5652=DIRECTION('',(-1.,-7.19252457576383E-15,6.00219659462115E-15));
#5653=DIRECTION('',(-1.,-7.19252457576383E-15,6.00219659462115E-15));
#5654=DIRECTION('',(-1.,-7.19252457576383E-15,6.00219659462115E-15));
#5655=DIRECTION('',(-1.,-7.19252457576383E-15,6.00219659462115E-15));
#5656=DIRECTION('',(-1.,-7.19252457576383E-15,6.00219659462115E-15));
#5657=DIRECTION('',(-1.,-7.19252457576383E-15,6.00219659462115E-15));
#5658=DIRECTION('',(-1.,-7.19252457576383E-15,6.00219659462115E-15));
#5659=DIRECTION('',(-1.,-7.19252457576383E-15,6.00219659462115E-15));
#5660=DIRECTION('',(-1.,-7.19252457576383E-15,6.00219659462115E-15));
#5661=DIRECTION('',(-1.,-7.19252457576383E-15,6.00219659462115E-15));
#5662=DIRECTION('center_axis',(7.19252457576379E-15,-1.,-7.19252457576377E-15));
#5663=DIRECTION('ref_axis',(6.0021965946212E-15,-7.19252457576372E-15,1.));
#5664=DIRECTION('',(6.0021965946212E-15,-7.19252457576372E-15,1.));
#5665=DIRECTION('',(-1.,-7.19252457576383E-15,6.00219659462115E-15));
#5666=DIRECTION('center_axis',(-2.99604789453128E-15,0.85261377094117,0.52254163240978));
#5667=DIRECTION('ref_axis',(-8.87594900543728E-15,0.52254163240978,-0.85261377094117));
#5668=DIRECTION('',(-8.87594900543728E-15,0.52254163240978,-0.85261377094117));
#5669=DIRECTION('',(-1.,-7.19252457576383E-15,6.00219659462115E-15));
#5670=DIRECTION('center_axis',(6.0021965946212E-15,-7.19252457576372E-15,
1.));
#5671=DIRECTION('ref_axis',(-7.19252457576379E-15,1.,7.19252457576377E-15));
#5672=DIRECTION('',(-7.19252457576379E-15,1.,7.19252457576377E-15));
#5673=DIRECTION('',(-1.,-7.19252457576383E-15,6.00219659462115E-15));
#5674=DIRECTION('center_axis',(7.19252457576379E-15,-1.,-7.19252457576377E-15));
#5675=DIRECTION('ref_axis',(6.0021965946212E-15,-7.19252457576372E-15,1.));
#5676=DIRECTION('',(6.0021965946212E-15,-7.19252457576372E-15,1.));
#5677=DIRECTION('',(-1.,-7.19252457576383E-15,6.00219659462115E-15));
#5678=DIRECTION('center_axis',(-6.0021965946212E-15,7.19252457576372E-15,
-1.));
#5679=DIRECTION('ref_axis',(7.19252457576379E-15,-1.,-7.19252457576377E-15));
#5680=DIRECTION('',(7.19252457576379E-15,-1.,-7.19252457576377E-15));
#5681=DIRECTION('center_axis',(1.,7.19252457576383E-15,-6.00219659462115E-15));
#5682=DIRECTION('ref_axis',(-7.19252457576379E-15,1.,7.19252457576377E-15));
#5683=DIRECTION('center_axis',(-1.,-7.19252457576383E-15,6.00219659462115E-15));
#5684=DIRECTION('ref_axis',(-9.33007681544492E-15,0.707106781186553,-0.707106781186542));
#5685=DIRECTION('',(-6.0021965946212E-15,7.19252457576372E-15,-1.));
#5686=DIRECTION('center_axis',(1.,7.19252457576383E-15,-6.00219659462115E-15));
#5687=DIRECTION('ref_axis',(7.19252457576379E-15,-1.,-6.80859187331055E-15));
#5688=DIRECTION('',(7.19252457576379E-15,-1.,-7.45686339115071E-15));
#5689=DIRECTION('',(6.0021965946212E-15,-7.19252457576372E-15,1.));
#5690=DIRECTION('',(7.19252457576379E-15,-1.,-7.19252457576377E-15));
#5691=DIRECTION('',(-6.0021965946212E-15,7.19252457576372E-15,-1.));
#5692=DIRECTION('',(7.19252457576379E-15,-1.,-7.19252457576377E-15));
#5693=DIRECTION('center_axis',(1.,7.19252457576383E-15,-6.00219659462115E-15));
#5694=DIRECTION('ref_axis',(6.00219659462121E-15,-7.98554102192455E-15,
1.));
#5695=DIRECTION('',(6.0021965946212E-15,-7.19252457576372E-15,1.));
#5696=DIRECTION('center_axis',(-1.,-7.19252457576383E-15,6.00219659462115E-15));
#5697=DIRECTION('ref_axis',(8.41688987302016E-16,-0.707106781186542,-0.707106781186553));
#5698=DIRECTION('',(7.19252457576379E-15,-1.,-7.19252457576377E-15));
#5699=DIRECTION('',(6.0021965946212E-15,-7.19252457576372E-15,1.));
#5700=DIRECTION('',(-7.19252457576379E-15,1.,7.19252457576377E-15));
#5701=DIRECTION('',(-6.0021965946212E-15,7.19252457576372E-15,-1.));
#5702=DIRECTION('',(7.19252457576379E-15,-1.,-7.19252457576377E-15));
#5703=DIRECTION('',(7.19252457576379E-15,-1.,-7.19252457576377E-15));
#5704=DIRECTION('',(4.73808649415588E-15,0.16439898730535,0.986393923832145));
#5705=DIRECTION('',(-7.19252457576379E-15,1.,7.19252457576377E-15));
#5706=DIRECTION('',(-7.10297400700479E-15,0.164398987305363,-0.986393923832143));
#5707=DIRECTION('center_axis',(1.,7.19252457576383E-15,-6.00219659462115E-15));
#5708=DIRECTION('ref_axis',(-9.33007681544492E-15,0.707106781186553,-0.707106781186542));
#5709=DIRECTION('',(-1.,-7.19252457576383E-15,6.00219659462115E-15));
#5710=DIRECTION('center_axis',(1.,7.19252457576383E-15,-6.00219659462115E-15));
#5711=DIRECTION('ref_axis',(-9.33007681544492E-15,0.707106781186553,-0.707106781186542));
#5712=DIRECTION('',(1.,7.19252457576383E-15,-6.00219659462115E-15));
#5713=DIRECTION('center_axis',(1.,7.19252457576383E-15,-6.00219659462115E-15));
#5714=DIRECTION('ref_axis',(-7.19252457576379E-15,1.,7.19252457576377E-15));
#5715=DIRECTION('',(-7.19252457576379E-15,1.,7.19252457576377E-15));
#5716=DIRECTION('center_axis',(1.,7.19252457576383E-15,-6.00219659462115E-15));
#5717=DIRECTION('ref_axis',(8.41688987302016E-16,-0.707106781186542,-0.707106781186553));
#5718=DIRECTION('',(-6.0021965946212E-15,7.19252457576372E-15,-1.));
#5719=DIRECTION('center_axis',(-1.,-7.19252457576383E-15,6.00219659462115E-15));
#5720=DIRECTION('ref_axis',(6.00219659462121E-15,-7.98554102192455E-15,
1.));
#5721=DIRECTION('',(-7.19252457576379E-15,1.,7.19252457576377E-15));
#5722=DIRECTION('',(6.0021965946212E-15,-7.19252457576372E-15,1.));
#5723=DIRECTION('',(-7.19252457576379E-15,1.,7.19252457576377E-15));
#5724=DIRECTION('',(7.10297400700479E-15,-0.164398987305363,0.986393923832143));
#5725=DIRECTION('',(-7.19252457576379E-15,1.,7.19252457576377E-15));
#5726=DIRECTION('',(-6.0021965946212E-15,7.19252457576372E-15,-1.));
#5727=DIRECTION('',(-7.19252457576379E-15,1.,7.45686339115071E-15));
#5728=DIRECTION('center_axis',(-1.,-7.19252457576383E-15,6.00219659462115E-15));
#5729=DIRECTION('ref_axis',(7.19252457576379E-15,-1.,-6.80859187331055E-15));
#5730=DIRECTION('',(6.0021965946212E-15,-7.19252457576372E-15,1.));
#5731=DIRECTION('',(-6.0021965946212E-15,7.19252457576372E-15,-1.));
#5732=DIRECTION('',(-7.19252457576379E-15,1.,7.19252457576377E-15));
#5733=DIRECTION('',(6.0021965946212E-15,-7.19252457576372E-15,1.));
#5734=DIRECTION('',(7.19252457576379E-15,-1.,-7.19252457576377E-15));
#5735=DIRECTION('center_axis',(-6.0021965946212E-15,7.19252457576372E-15,
-1.));
#5736=DIRECTION('ref_axis',(7.19252457576379E-15,-1.,-7.19252457576377E-15));
#5737=DIRECTION('',(1.,7.19252457576383E-15,-6.00219659462115E-15));
#5738=DIRECTION('center_axis',(1.,7.19252457576383E-15,-6.00219659462115E-15));
#5739=DIRECTION('ref_axis',(8.41688987302016E-16,-0.707106781186542,-0.707106781186553));
#5740=DIRECTION('',(-1.,-7.19252457576383E-15,6.00219659462115E-15));
#5741=DIRECTION('center_axis',(1.,7.19252457576383E-15,-6.00219659462115E-15));
#5742=DIRECTION('ref_axis',(8.41688987302016E-16,-0.707106781186542,-0.707106781186553));
#5743=DIRECTION('center_axis',(-1.,-7.19252457576383E-15,6.00219659462115E-15));
#5744=DIRECTION('ref_axis',(8.41688987302016E-16,-0.707106781186542,-0.707106781186553));
#5745=DIRECTION('',(-1.,-7.19252457576383E-15,6.00219659462115E-15));
#5746=DIRECTION('center_axis',(1.,7.19252457576383E-15,-6.00219659462115E-15));
#5747=DIRECTION('ref_axis',(8.41688987302016E-16,-0.707106781186542,-0.707106781186553));
#5748=DIRECTION('',(1.,7.19252457576383E-15,-6.00219659462115E-15));
#5749=DIRECTION('center_axis',(1.,7.19252457576383E-15,-6.00219659462115E-15));
#5750=DIRECTION('ref_axis',(-7.19252457576379E-15,1.,7.19252457576377E-15));
#5751=DIRECTION('',(7.19252457576379E-15,-1.,-7.19252457576377E-15));
#5752=DIRECTION('center_axis',(-1.,-7.19252457576383E-15,6.00219659462115E-15));
#5753=DIRECTION('ref_axis',(-9.33007681544492E-15,0.707106781186553,-0.707106781186542));
#5754=DIRECTION('',(-6.0021965946212E-15,7.19252457576372E-15,-1.));
#5755=DIRECTION('center_axis',(1.,7.19252457576383E-15,-6.00219659462115E-15));
#5756=DIRECTION('ref_axis',(7.19252457576379E-15,-1.,-6.80859187331055E-15));
#5757=DIRECTION('',(7.19252457576379E-15,-1.,-7.45686339115071E-15));
#5758=DIRECTION('',(6.0021965946212E-15,-7.19252457576372E-15,1.));
#5759=DIRECTION('',(7.19252457576379E-15,-1.,-7.19252457576377E-15));
#5760=DIRECTION('',(-7.10297400700479E-15,0.164398987305363,-0.986393923832143));
#5761=DIRECTION('',(7.19252457576379E-15,-1.,-7.19252457576377E-15));
#5762=DIRECTION('',(-6.0021965946212E-15,7.19252457576372E-15,-1.));
#5763=DIRECTION('',(7.19252457576379E-15,-1.,-7.19252457576377E-15));
#5764=DIRECTION('center_axis',(1.,7.19252457576383E-15,-6.00219659462115E-15));
#5765=DIRECTION('ref_axis',(6.00219659462121E-15,-7.98554102192455E-15,
1.));
#5766=DIRECTION('',(6.0021965946212E-15,-7.19252457576372E-15,1.));
#5767=DIRECTION('',(6.0021965946212E-15,-7.19252457576372E-15,1.));
#5768=DIRECTION('',(-7.19252457576379E-15,1.,7.19252457576377E-15));
#5769=DIRECTION('',(-6.0021965946212E-15,7.19252457576372E-15,-1.));
#5770=DIRECTION('',(7.19252457576379E-15,-1.,-7.19252457576377E-15));
#5771=DIRECTION('center_axis',(-6.0021965946212E-15,7.19252457576372E-15,
-1.));
#5772=DIRECTION('ref_axis',(7.19252457576379E-15,-1.,-7.19252457576377E-15));
#5773=DIRECTION('',(-7.19252457576379E-15,1.,7.19252457576377E-15));
#5774=DIRECTION('',(-1.,-7.19252457576383E-15,6.00219659462115E-15));
#5775=DIRECTION('center_axis',(1.,7.19252457576383E-15,-6.00219659462115E-15));
#5776=DIRECTION('ref_axis',(-9.33007681544492E-15,0.707106781186553,-0.707106781186542));
#5777=DIRECTION('center_axis',(1.,7.19252457576383E-15,-6.00219659462115E-15));
#5778=DIRECTION('ref_axis',(-9.33007681544492E-15,0.707106781186553,-0.707106781186542));
#5779=DIRECTION('',(1.,7.19252457576383E-15,-6.00219659462115E-15));
#5780=DIRECTION('center_axis',(-7.19252457576379E-15,1.,7.19252457576377E-15));
#5781=DIRECTION('ref_axis',(1.,7.19252457576383E-15,-6.00219659462115E-15));
#5782=DIRECTION('',(-1.,-7.19252457576383E-15,6.00219659462115E-15));
#5783=DIRECTION('',(-6.0021965946212E-15,7.19252457576372E-15,-1.));
#5784=DIRECTION('',(-1.,-7.19252457576383E-15,6.00219659462115E-15));
#5785=DIRECTION('',(-6.0021965946212E-15,7.19252457576372E-15,-1.));
#5786=DIRECTION('center_axis',(-1.,-7.19252457576383E-15,6.00219659462115E-15));
#5787=DIRECTION('ref_axis',(-7.19252457576379E-15,1.,7.19252457576377E-15));
#5788=DIRECTION('',(7.19252457576379E-15,-1.,-7.19252457576377E-15));
#5789=DIRECTION('',(-7.19252457576379E-15,1.,7.19252457576377E-15));
#5790=DIRECTION('',(-6.0021965946212E-15,7.19252457576372E-15,-1.));
#5791=DIRECTION('center_axis',(7.19252457576379E-15,-1.,-7.19252457576377E-15));
#5792=DIRECTION('ref_axis',(-1.,-7.19252457576383E-15,6.00219659462115E-15));
#5793=DIRECTION('',(1.,7.19252457576383E-15,-6.00219659462115E-15));
#5794=DIRECTION('',(-1.,-7.19252457576383E-15,6.00219659462115E-15));
#5795=DIRECTION('',(-6.0021965946212E-15,7.19252457576372E-15,-1.));
#5796=DIRECTION('center_axis',(1.,7.19252457576383E-15,-6.00219659462115E-15));
#5797=DIRECTION('ref_axis',(7.19252457576379E-15,-1.,-7.19252457576377E-15));
#5798=DIRECTION('',(-7.19252457576379E-15,1.,7.19252457576377E-15));
#5799=DIRECTION('',(-7.19252457576379E-15,1.,7.19252457576377E-15));
#5800=DIRECTION('center_axis',(1.,7.19252457576383E-15,-6.00219659462115E-15));
#5801=DIRECTION('ref_axis',(-7.19252457576379E-15,1.,7.19252457576377E-15));
#5802=DIRECTION('',(6.0021965946212E-15,-7.19252457576372E-15,1.));
#5803=DIRECTION('',(-7.19252457576379E-15,1.,7.19252457576377E-15));
#5804=DIRECTION('',(-4.73808649415588E-15,-0.16439898730535,-0.986393923832145));
#5805=DIRECTION('center_axis',(-6.0021965946212E-15,7.19252457576372E-15,
-1.));
#5806=DIRECTION('ref_axis',(-1.,-7.19252457576383E-15,6.00219659462115E-15));
#5807=DIRECTION('',(-1.,-7.19252457576383E-15,6.00219659462115E-15));
#5808=DIRECTION('',(-7.19252457576379E-15,1.,7.19252457576377E-15));
#5809=DIRECTION('',(1.,7.19252457576383E-15,-6.00219659462115E-15));
#5810=DIRECTION('',(7.19252457576379E-15,-1.,-7.19252457576377E-15));
#5811=DIRECTION('center_axis',(-7.19252457576379E-15,1.,7.19252457576377E-15));
#5812=DIRECTION('ref_axis',(1.,7.19252457576383E-15,-6.00219659462115E-15));
#5813=DIRECTION('',(-1.,-7.19252457576383E-15,6.00219659462115E-15));
#5814=DIRECTION('',(-6.0021965946212E-15,7.19252457576372E-15,-1.));
#5815=DIRECTION('',(-6.0021965946212E-15,7.19252457576372E-15,-1.));
#5816=DIRECTION('center_axis',(-1.,-7.19252457576383E-15,6.00219659462115E-15));
#5817=DIRECTION('ref_axis',(-7.19252457576379E-15,1.,7.19252457576377E-15));
#5818=DIRECTION('',(6.0021965946212E-15,-7.19252457576372E-15,1.));
#5819=DIRECTION('',(-7.19252457576379E-15,1.,7.19252457576377E-15));
#5820=DIRECTION('',(-6.0021965946212E-15,7.19252457576372E-15,-1.));
#5821=DIRECTION('',(7.19252457576379E-15,-1.,-7.19252457576377E-15));
#5822=DIRECTION('center_axis',(7.19252457576379E-15,-1.,-7.19252457576377E-15));
#5823=DIRECTION('ref_axis',(-1.,-7.19252457576383E-15,6.00219659462115E-15));
#5824=DIRECTION('',(1.,7.19252457576383E-15,-6.00219659462115E-15));
#5825=DIRECTION('',(-1.,-7.19252457576383E-15,6.00219659462115E-15));
#5826=DIRECTION('',(-6.0021965946212E-15,7.19252457576372E-15,-1.));
#5827=DIRECTION('center_axis',(1.,7.19252457576383E-15,-6.00219659462115E-15));
#5828=DIRECTION('ref_axis',(7.19252457576379E-15,-1.,-7.19252457576377E-15));
#5829=DIRECTION('',(-6.0021965946212E-15,7.19252457576372E-15,-1.));
#5830=DIRECTION('',(-7.19252457576379E-15,1.,7.19252457576377E-15));
#5831=DIRECTION('',(7.19252457576379E-15,-1.,-7.19252457576377E-15));
#5832=DIRECTION('center_axis',(-6.0021965946212E-15,7.19252457576372E-15,
-1.));
#5833=DIRECTION('ref_axis',(-7.19252457576379E-15,1.,7.19252457576377E-15));
#5834=DIRECTION('center_axis',(-7.19252457576379E-15,1.,7.19252457576377E-15));
#5835=DIRECTION('ref_axis',(1.,7.19252457576383E-15,-6.00219659462115E-15));
#5836=DIRECTION('',(-1.,-7.19252457576383E-15,6.00219659462115E-15));
#5837=DIRECTION('',(-6.0021965946212E-15,7.19252457576372E-15,-1.));
#5838=DIRECTION('',(1.,7.19252457576383E-15,-6.00219659462115E-15));
#5839=DIRECTION('',(-6.0021965946212E-15,7.19252457576372E-15,-1.));
#5840=DIRECTION('center_axis',(-1.,-7.19252457576383E-15,6.00219659462115E-15));
#5841=DIRECTION('ref_axis',(-7.19252457576379E-15,1.,7.19252457576377E-15));
#5842=DIRECTION('',(7.19252457576379E-15,-1.,-7.19252457576377E-15));
#5843=DIRECTION('',(-7.19252457576379E-15,1.,7.19252457576377E-15));
#5844=DIRECTION('',(6.0021965946212E-15,-7.19252457576372E-15,1.));
#5845=DIRECTION('center_axis',(1.,7.19252457576383E-15,-6.00219659462115E-15));
#5846=DIRECTION('ref_axis',(7.19252457576379E-15,-1.,-7.19252457576377E-15));
#5847=DIRECTION('',(-7.19252457576379E-15,1.,7.19252457576377E-15));
#5848=DIRECTION('',(-6.0021965946212E-15,7.19252457576372E-15,-1.));
#5849=DIRECTION('',(7.19252457576379E-15,-1.,-7.19252457576377E-15));
#5850=DIRECTION('center_axis',(-6.0021965946212E-15,7.19252457576372E-15,
-1.));
#5851=DIRECTION('ref_axis',(-1.,-7.19252457576383E-15,6.00219659462115E-15));
#5852=DIRECTION('',(-7.19252457576379E-15,1.,7.19252457576377E-15));
#5853=DIRECTION('',(-1.,-7.19252457576383E-15,6.00219659462115E-15));
#5854=DIRECTION('',(7.19252457576379E-15,-1.,-7.19252457576377E-15));
#5855=DIRECTION('center_axis',(1.,7.19252457576383E-15,-6.00219659462115E-15));
#5856=DIRECTION('ref_axis',(7.19252457576379E-15,-1.,-7.19252457576377E-15));
#5857=DIRECTION('',(-6.0021965946212E-15,7.19252457576372E-15,-1.));
#5858=DIRECTION('',(7.19252457576379E-15,-1.,-7.19252457576377E-15));
#5859=DIRECTION('',(6.0021965946212E-15,-7.19252457576372E-15,1.));
#5860=DIRECTION('center_axis',(-1.,-7.19252457576383E-15,6.00219659462115E-15));
#5861=DIRECTION('ref_axis',(-7.19252457576379E-15,1.,7.19252457576377E-15));
#5862=DIRECTION('',(-6.0021965946212E-15,7.19252457576372E-15,-1.));
#5863=DIRECTION('',(-7.19252457576379E-15,1.,7.19252457576377E-15));
#5864=DIRECTION('',(6.0021965946212E-15,-7.19252457576372E-15,1.));
#5865=DIRECTION('center_axis',(-7.19252457576379E-15,1.,7.19252457576377E-15));
#5866=DIRECTION('ref_axis',(1.,7.19252457576383E-15,-6.00219659462115E-15));
#5867=DIRECTION('',(1.,7.19252457576383E-15,-6.00219659462115E-15));
#5868=DIRECTION('',(-6.0021965946212E-15,7.19252457576372E-15,-1.));
#5869=DIRECTION('',(-1.,-7.19252457576383E-15,6.00219659462115E-15));
#5870=DIRECTION('center_axis',(-6.0021965946212E-15,7.19252457576372E-15,
-1.));
#5871=DIRECTION('ref_axis',(-1.,-7.19252457576383E-15,6.00219659462115E-15));
#5872=DIRECTION('',(-1.,-7.19252457576383E-15,6.00219659462115E-15));
#5873=DIRECTION('',(7.19252457576379E-15,-1.,-7.19252457576377E-15));
#5874=DIRECTION('',(1.,7.19252457576383E-15,-6.00219659462115E-15));
#5875=DIRECTION('',(7.19252457576379E-15,-1.,-7.19252457576377E-15));
#5876=DIRECTION('',(-1.,-7.19252457576383E-15,6.00219659462115E-15));
#5877=DIRECTION('',(1.,7.19252457576383E-15,-6.00219659462115E-15));
#5878=DIRECTION('',(1.,7.19252457576383E-15,-6.00219659462115E-15));
#5879=DIRECTION('',(1.,7.19252457576383E-15,-6.00219659462115E-15));
#5880=DIRECTION('',(-1.,-7.19252457576383E-15,6.00219659462115E-15));
#5881=DIRECTION('',(-7.19252457576379E-15,1.,7.19252457576377E-15));
#5882=DIRECTION('',(-1.,-7.19252457576383E-15,6.00219659462115E-15));
#5883=DIRECTION('',(7.19252457576379E-15,-1.,-7.19252457576377E-15));
#5884=DIRECTION('center_axis',(7.19252457576379E-15,-1.,-7.19252457576377E-15));
#5885=DIRECTION('ref_axis',(-1.,-7.19252457576383E-15,6.00219659462115E-15));
#5886=DIRECTION('',(-1.,-7.19252457576383E-15,6.00219659462115E-15));
#5887=DIRECTION('',(-6.0021965946212E-15,7.19252457576372E-15,-1.));
#5888=DIRECTION('',(-1.,-7.19252457576383E-15,6.00219659462115E-15));
#5889=DIRECTION('',(-6.0021965946212E-15,7.19252457576372E-15,-1.));
#5890=DIRECTION('',(-6.0021965946212E-15,7.19252457576372E-15,-1.));
#5891=DIRECTION('',(-1.,-7.19252457576383E-15,6.00219659462115E-15));
#5892=DIRECTION('center_axis',(1.,7.19252457576383E-15,-6.00219659462115E-15));
#5893=DIRECTION('ref_axis',(7.19252457576379E-15,-1.,-7.19252457576377E-15));
#5894=DIRECTION('',(7.19252457576379E-15,-1.,-7.19252457576377E-15));
#5895=DIRECTION('',(-6.0021965946212E-15,7.19252457576372E-15,-1.));
#5896=DIRECTION('center_axis',(-7.19252457576379E-15,1.,7.19252457576377E-15));
#5897=DIRECTION('ref_axis',(1.,7.19252457576383E-15,-6.00219659462115E-15));
#5898=DIRECTION('',(1.,7.19252457576383E-15,-6.00219659462115E-15));
#5899=DIRECTION('center_axis',(-1.,-7.19252457576383E-15,6.00219659462115E-15));
#5900=DIRECTION('ref_axis',(-7.19252457576379E-15,1.,7.19252457576377E-15));
#5901=DIRECTION('',(-7.19252457576379E-15,1.,7.19252457576377E-15));
#5902=DIRECTION('center_axis',(8.08141758031015E-15,-0.986393923832145,
0.16439898730535));
#5903=DIRECTION('ref_axis',(-4.73808649415588E-15,-0.16439898730535,-0.986393923832145));
#5904=DIRECTION('',(4.73808649415588E-15,0.16439898730535,0.986393923832145));
#5905=DIRECTION('',(1.,7.19252457576383E-15,-6.00219659462115E-15));
#5906=DIRECTION('',(-4.73808649415588E-15,-0.16439898730535,-0.986393923832145));
#5907=DIRECTION('center_axis',(-6.10790749678339E-15,0.986393923832143,
0.164398987305363));
#5908=DIRECTION('ref_axis',(7.10297400700479E-15,-0.164398987305363,0.986393923832143));
#5909=DIRECTION('',(7.10297400700479E-15,-0.164398987305363,0.986393923832143));
#5910=DIRECTION('',(1.,7.19252457576383E-15,-6.00219659462115E-15));
#5911=DIRECTION('center_axis',(-6.10790749678339E-15,0.986393923832143,
0.164398987305363));
#5912=DIRECTION('ref_axis',(7.10297400700479E-15,-0.164398987305363,0.986393923832143));
#5913=DIRECTION('',(1.,7.19252457576383E-15,-6.00219659462115E-15));
#5914=DIRECTION('center_axis',(-6.0021965946212E-15,7.19252457576372E-15,
-1.));
#5915=DIRECTION('ref_axis',(-7.19252457576379E-15,1.,7.19252457576377E-15));
#5916=DIRECTION('',(-7.19252457576379E-15,1.,7.19252457576377E-15));
#5917=DIRECTION('center_axis',(-6.0021965946212E-15,7.19252457576372E-15,
-1.));
#5918=DIRECTION('ref_axis',(-7.19252457576379E-15,1.,7.19252457576377E-15));
#5919=DIRECTION('',(1.,7.19252457576383E-15,-6.00219659462115E-15));
#5920=DIRECTION('center_axis',(8.08141758031015E-15,-0.986393923832145,
0.16439898730535));
#5921=DIRECTION('ref_axis',(-4.73808649415588E-15,-0.16439898730535,-0.986393923832145));
#5922=DIRECTION('center_axis',(-7.19252457576379E-15,1.,7.19252457576377E-15));
#5923=DIRECTION('ref_axis',(6.0021965946212E-15,-7.19252457576372E-15,1.));
#5924=DIRECTION('',(1.,7.19252457576383E-15,-6.00219659462115E-15));
#5925=DIRECTION('',(6.0021965946212E-15,-7.19252457576372E-15,1.));
#5926=DIRECTION('',(1.,7.19252457576383E-15,-6.00219659462115E-15));
#5927=DIRECTION('center_axis',(-7.19252457576379E-15,1.,7.19252457576377E-15));
#5928=DIRECTION('ref_axis',(6.0021965946212E-15,-7.19252457576372E-15,1.));
#5929=DIRECTION('',(1.,7.19252457576383E-15,-6.00219659462115E-15));
#5930=DIRECTION('',(1.,7.19252457576383E-15,-6.00219659462115E-15));
#5931=DIRECTION('center_axis',(6.0021965946212E-15,-7.19252457576372E-15,
1.));
#5932=DIRECTION('ref_axis',(7.19252457576379E-15,-1.,-7.19252457576377E-15));
#5933=DIRECTION('',(1.,7.19252457576383E-15,-6.00219659462115E-15));
#5934=DIRECTION('',(7.19252457576379E-15,-1.,-7.19252457576377E-15));
#5935=DIRECTION('center_axis',(6.0021965946212E-15,-7.19252457576372E-15,
1.));
#5936=DIRECTION('ref_axis',(7.19252457576379E-15,-1.,-7.19252457576377E-15));
#5937=DIRECTION('',(1.,7.19252457576383E-15,-6.00219659462115E-15));
#5938=DIRECTION('center_axis',(-6.0021965946212E-15,7.19252457576372E-15,
-1.));
#5939=DIRECTION('ref_axis',(-7.19252457576379E-15,1.,7.19252457576377E-15));
#5940=DIRECTION('',(-7.19252457576379E-15,1.,7.19252457576377E-15));
#5941=DIRECTION('',(1.,7.19252457576383E-15,-6.00219659462115E-15));
#5942=DIRECTION('center_axis',(7.19252457576379E-15,-1.,-7.19252457576377E-15));
#5943=DIRECTION('ref_axis',(-6.0021965946212E-15,7.19252457576372E-15,-1.));
#5944=DIRECTION('',(-6.0021965946212E-15,7.19252457576372E-15,-1.));
#5945=DIRECTION('center_axis',(7.19252457576379E-15,-1.,-7.19252457576377E-15));
#5946=DIRECTION('ref_axis',(-6.0021965946212E-15,7.19252457576372E-15,-1.));
#5947=DIRECTION('',(1.,7.19252457576383E-15,-6.00219659462115E-15));
#5948=DIRECTION('center_axis',(-6.0021965946212E-15,7.19252457576372E-15,
-1.));
#5949=DIRECTION('ref_axis',(-7.19252457576379E-15,1.,7.19252457576377E-15));
#5950=DIRECTION('center_axis',(7.19252457576379E-15,-1.,-7.19252457576377E-15));
#5951=DIRECTION('ref_axis',(1.,7.19252457576383E-15,-6.00219659462115E-15));
#5952=DIRECTION('',(-1.,-7.19252457576383E-15,6.00219659462115E-15));
#5953=DIRECTION('center_axis',(1.,7.19252457576383E-15,-6.00219659462115E-15));
#5954=DIRECTION('ref_axis',(-7.19252457576379E-15,1.,7.19252457576377E-15));
#5955=DIRECTION('center_axis',(-1.,-7.19252457576383E-15,6.00219659462115E-15));
#5956=DIRECTION('ref_axis',(6.00219659462121E-15,-7.98554102192455E-15,
1.));
#5957=DIRECTION('',(1.,7.19252457576383E-15,-6.00219659462115E-15));
#5958=DIRECTION('center_axis',(-1.,-7.19252457576383E-15,6.00219659462115E-15));
#5959=DIRECTION('ref_axis',(6.00219659462121E-15,-7.98554102192455E-15,
1.));
#5960=DIRECTION('',(1.,7.19252457576383E-15,-6.00219659462115E-15));
#5961=DIRECTION('center_axis',(-1.,-7.19252457576383E-15,6.00219659462115E-15));
#5962=DIRECTION('ref_axis',(6.00219659462121E-15,-7.98554102192455E-15,
1.));
#5963=DIRECTION('',(1.,7.19252457576383E-15,-6.00219659462115E-15));
#5964=DIRECTION('',(1.,7.19252457576383E-15,-6.00219659462115E-15));
#5965=DIRECTION('center_axis',(7.19252457576379E-15,-1.,-7.19252457576377E-15));
#5966=DIRECTION('ref_axis',(6.0021965946212E-15,-7.19252457576372E-15,1.));
#5967=DIRECTION('',(-6.0021965946212E-15,7.19252457576372E-15,-1.));
#5968=DIRECTION('center_axis',(7.19252457576379E-15,-1.,-7.19252457576377E-15));
#5969=DIRECTION('ref_axis',(6.0021965946212E-15,-7.19252457576372E-15,1.));
#5970=DIRECTION('center_axis',(-7.19252457576379E-15,1.,7.19252457576377E-15));
#5971=DIRECTION('ref_axis',(-6.0021965946212E-15,7.19252457576372E-15,-1.));
#5972=DIRECTION('',(6.0021965946212E-15,-7.19252457576372E-15,1.));
#5973=DIRECTION('',(1.,7.19252457576383E-15,-6.00219659462115E-15));
#5974=DIRECTION('center_axis',(-7.19252457576379E-15,1.,7.19252457576377E-15));
#5975=DIRECTION('ref_axis',(-6.0021965946212E-15,7.19252457576372E-15,-1.));
#5976=DIRECTION('',(1.,7.19252457576383E-15,-6.00219659462115E-15));
#5977=DIRECTION('center_axis',(-6.0021965946212E-15,7.45686339115066E-15,
-1.));
#5978=DIRECTION('ref_axis',(7.19252457576379E-15,-1.,-7.45686339115071E-15));
#5979=DIRECTION('',(1.,7.19252457576383E-15,-6.00219659462115E-15));
#5980=DIRECTION('',(-7.19252457576379E-15,1.,7.45686339115071E-15));
#5981=DIRECTION('',(1.,7.19252457576383E-15,-6.00219659462115E-15));
#5982=DIRECTION('',(1.,7.19252457576383E-15,-6.00219659462115E-15));
#5983=DIRECTION('center_axis',(-1.,-7.19252457576383E-15,6.00219659462115E-15));
#5984=DIRECTION('ref_axis',(7.19252457576379E-15,-1.,-6.80859187331055E-15));
#5985=DIRECTION('center_axis',(-1.,-7.19252457576383E-15,6.00219659462115E-15));
#5986=DIRECTION('ref_axis',(7.19252457576379E-15,-1.,-6.80859187331055E-15));
#5987=DIRECTION('center_axis',(-1.,-7.19252457576383E-15,6.00219659462115E-15));
#5988=DIRECTION('ref_axis',(7.19252457576379E-15,-1.,-6.80859187331055E-15));
#5989=DIRECTION('center_axis',(1.,7.19252457576383E-15,-6.00219659462115E-15));
#5990=DIRECTION('ref_axis',(-7.19252457576379E-15,1.,7.19252457576377E-15));
#5991=DIRECTION('center_axis',(7.19252457576379E-15,-1.,-7.19252457576377E-15));
#5992=DIRECTION('ref_axis',(1.,7.19252457576383E-15,-6.00219659462115E-15));
#5993=DIRECTION('',(6.0021965946212E-15,-7.19252457576372E-15,1.));
#5994=DIRECTION('',(-1.,-7.19252457576383E-15,6.00219659462115E-15));
#5995=DIRECTION('center_axis',(-6.0021965946212E-15,7.19252457576372E-15,
-1.));
#5996=DIRECTION('ref_axis',(-1.,-7.19252457576383E-15,6.00219659462115E-15));
#5997=DIRECTION('',(-1.,-7.19252457576383E-15,6.00219659462115E-15));
#5998=DIRECTION('',(7.19252457576379E-15,-1.,-7.19252457576377E-15));
#5999=DIRECTION('',(-1.,-7.19252457576383E-15,6.00219659462115E-15));
#6000=DIRECTION('center_axis',(-7.19252457576379E-15,1.,7.19252457576377E-15));
#6001=DIRECTION('ref_axis',(-1.,-7.19252457576383E-15,6.00219659462115E-15));
#6002=DIRECTION('',(-6.0021965946212E-15,7.19252457576372E-15,-1.));
#6003=DIRECTION('',(-1.,-7.19252457576383E-15,6.00219659462115E-15));
#6004=DIRECTION('center_axis',(1.,7.19252457576383E-15,-6.00219659462115E-15));
#6005=DIRECTION('ref_axis',(-7.19252457576379E-15,1.,7.19252457576377E-15));
#6006=DIRECTION('',(-7.19252457576379E-15,1.,7.19252457576377E-15));
#6007=DIRECTION('center_axis',(-6.0021965946212E-15,7.19252457576372E-15,
-1.));
#6008=DIRECTION('ref_axis',(7.19252457576379E-15,-1.,-7.19252457576377E-15));
#6009=DIRECTION('',(1.,7.19252457576383E-15,-6.00219659462115E-15));
#6010=DIRECTION('',(1.,7.19252457576383E-15,-6.00219659462115E-15));
#6011=DIRECTION('',(1.,7.19252457576383E-15,-6.00219659462115E-15));
#6012=DIRECTION('',(1.,7.19252457576383E-15,-6.00219659462115E-15));
#6013=DIRECTION('',(1.,7.19252457576383E-15,-6.00219659462115E-15));
#6014=DIRECTION('',(1.,7.19252457576383E-15,-6.00219659462115E-15));
#6015=DIRECTION('',(1.,7.19252457576383E-15,-6.00219659462115E-15));
#6016=DIRECTION('',(1.,7.19252457576383E-15,-6.00219659462115E-15));
#6017=DIRECTION('',(1.,7.19252457576383E-15,-6.00219659462115E-15));
#6018=DIRECTION('center_axis',(3.54758682081615E-15,0.302243252803057,0.953230830457674));
#6019=DIRECTION('ref_axis',(8.67025959716432E-15,-0.953230830457674,0.302243252803057));
#6020=DIRECTION('',(8.67025959716432E-15,-0.953230830457674,0.302243252803057));
#6021=DIRECTION('',(1.,7.19252457576383E-15,-6.00219659462115E-15));
#6022=DIRECTION('',(8.67025959716432E-15,-0.953230830457674,0.302243252803057));
#6023=DIRECTION('center_axis',(-7.50921958009944E-15,0.232368505544663,
-0.972627820716095));
#6024=DIRECTION('ref_axis',(-5.60092805089475E-15,0.972627820716095,0.232368505544663));
#6025=DIRECTION('',(-5.60092805089475E-15,0.972627820716095,0.232368505544663));
#6026=DIRECTION('',(-5.60092805089475E-15,0.972627820716095,0.232368505544663));
#6027=DIRECTION('',(1.,7.19252457576383E-15,-6.00219659462115E-15));
#6028=DIRECTION('',(1.,7.19252457576383E-15,-6.00219659462115E-15));
#6029=DIRECTION('',(1.,7.19252457576383E-15,-6.00219659462115E-15));
#6030=DIRECTION('',(1.,7.19252457576383E-15,-6.00219659462115E-15));
#6031=DIRECTION('',(1.,7.19252457576383E-15,-6.00219659462115E-15));
#6032=DIRECTION('',(1.,7.19252457576383E-15,-6.00219659462115E-15));
#6033=DIRECTION('',(1.,7.19252457576383E-15,-6.00219659462115E-15));
#6034=DIRECTION('',(1.,7.19252457576383E-15,-6.00219659462115E-15));
#6035=DIRECTION('center_axis',(1.,7.19252457576383E-15,-6.00219659462115E-15));
#6036=DIRECTION('ref_axis',(7.19252457576379E-15,-1.,-7.19252457576377E-15));
#6037=DIRECTION('center_axis',(6.0021965946212E-15,-7.19252457576372E-15,
1.));
#6038=DIRECTION('ref_axis',(7.19252457576379E-15,-1.,-7.19252457576377E-15));
#6039=DIRECTION('',(7.19252457576379E-15,-1.,-7.19252457576377E-15));
#6040=DIRECTION('',(1.,7.19252457576383E-15,-6.00219659462115E-15));
#6041=DIRECTION('',(7.19252457576379E-15,-1.,-7.19252457576377E-15));
#6042=DIRECTION('',(1.,7.19252457576383E-15,-6.00219659462115E-15));
#6043=DIRECTION('center_axis',(7.19252457576379E-15,-1.,-7.19252457576377E-15));
#6044=DIRECTION('ref_axis',(-6.0021965946212E-15,7.19252457576372E-15,-1.));
#6045=DIRECTION('',(-6.0021965946212E-15,7.19252457576372E-15,-1.));
#6046=DIRECTION('',(1.,7.19252457576383E-15,-6.00219659462115E-15));
#6047=DIRECTION('',(-6.0021965946212E-15,7.19252457576372E-15,-1.));
#6048=DIRECTION('center_axis',(-2.99604789453128E-15,0.85261377094117,0.52254163240978));
#6049=DIRECTION('ref_axis',(8.87594900543728E-15,-0.52254163240978,0.85261377094117));
#6050=DIRECTION('',(8.87594900543728E-15,-0.52254163240978,0.85261377094117));
#6051=DIRECTION('',(1.,7.19252457576383E-15,-6.00219659462115E-15));
#6052=DIRECTION('',(8.87594900543728E-15,-0.52254163240978,0.85261377094117));
#6053=DIRECTION('center_axis',(6.0021965946212E-15,-7.19252457576372E-15,
1.));
#6054=DIRECTION('ref_axis',(7.19252457576379E-15,-1.,-7.19252457576377E-15));
#6055=DIRECTION('',(7.19252457576379E-15,-1.,-7.19252457576377E-15));
#6056=DIRECTION('',(1.,7.19252457576383E-15,-6.00219659462115E-15));
#6057=DIRECTION('',(7.19252457576379E-15,-1.,-7.19252457576377E-15));
#6058=DIRECTION('center_axis',(7.19252457576379E-15,-1.,-7.19252457576377E-15));
#6059=DIRECTION('ref_axis',(-6.0021965946212E-15,7.19252457576372E-15,-1.));
#6060=DIRECTION('',(-6.0021965946212E-15,7.19252457576372E-15,-1.));
#6061=DIRECTION('',(1.,7.19252457576383E-15,-6.00219659462115E-15));
#6062=DIRECTION('',(-6.0021965946212E-15,7.19252457576372E-15,-1.));
#6063=DIRECTION('center_axis',(-7.19252457576379E-15,1.,7.19252457576377E-15));
#6064=DIRECTION('ref_axis',(6.0021965946212E-15,-7.19252457576372E-15,1.));
#6065=DIRECTION('',(6.0021965946212E-15,-7.19252457576372E-15,1.));
#6066=DIRECTION('',(6.0021965946212E-15,-7.19252457576372E-15,1.));
#6067=DIRECTION('',(1.,7.19252457576383E-15,-6.00219659462115E-15));
#6068=DIRECTION('center_axis',(-6.0021965946212E-15,7.19252457576372E-15,
-1.));
#6069=DIRECTION('ref_axis',(-7.19252457576379E-15,1.,7.19252457576377E-15));
#6070=DIRECTION('',(-7.19252457576379E-15,1.,7.19252457576377E-15));
#6071=DIRECTION('',(-7.19252457576379E-15,1.,7.19252457576377E-15));
#6072=DIRECTION('',(1.,7.19252457576383E-15,-6.00219659462115E-15));
#6073=DIRECTION('center_axis',(2.96171209392559E-15,-0.85058731302583,-0.52583383584503));
#6074=DIRECTION('ref_axis',(-8.88746506075513E-15,0.52583383584503,-0.85058731302583));
#6075=DIRECTION('',(-8.88746506075514E-15,0.52583383584503,-0.85058731302583));
#6076=DIRECTION('',(-8.88746506075514E-15,0.52583383584503,-0.85058731302583));
#6077=DIRECTION('',(1.,7.19252457576383E-15,-6.00219659462115E-15));
#6078=DIRECTION('center_axis',(-7.19252457576379E-15,1.,7.19252457576377E-15));
#6079=DIRECTION('ref_axis',(6.0021965946212E-15,-7.19252457576372E-15,1.));
#6080=DIRECTION('',(6.0021965946212E-15,-7.19252457576372E-15,1.));
#6081=DIRECTION('',(6.0021965946212E-15,-7.19252457576372E-15,1.));
#6082=DIRECTION('',(1.,7.19252457576383E-15,-6.00219659462115E-15));
#6083=DIRECTION('center_axis',(-6.0021965946212E-15,7.19252457576372E-15,
-1.));
#6084=DIRECTION('ref_axis',(-7.19252457576379E-15,1.,7.19252457576377E-15));
#6085=DIRECTION('',(-7.19252457576379E-15,1.,7.19252457576377E-15));
#6086=DIRECTION('',(-7.19252457576379E-15,1.,7.19252457576377E-15));
#6087=DIRECTION('center_axis',(1.,7.19252457576383E-15,-6.00219659462115E-15));
#6088=DIRECTION('ref_axis',(-7.19252457576379E-15,1.,7.19252457576377E-15));
#6089=DIRECTION('center_axis',(-7.19252457576379E-15,1.,7.19252457576377E-15));
#6090=DIRECTION('ref_axis',(-6.0021965946212E-15,7.19252457576372E-15,-1.));
#6091=DIRECTION('',(-6.0021965946212E-15,7.19252457576372E-15,-1.));
#6092=DIRECTION('',(-1.,-7.19252457576383E-15,6.00219659462115E-15));
#6093=DIRECTION('',(-6.0021965946212E-15,7.19252457576372E-15,-1.));
#6094=DIRECTION('',(-1.,-7.19252457576383E-15,6.00219659462115E-15));
#6095=DIRECTION('center_axis',(6.0021965946212E-15,-7.19252457576372E-15,
1.));
#6096=DIRECTION('ref_axis',(-7.19252457576379E-15,1.,7.19252457576377E-15));
#6097=DIRECTION('',(-7.19252457576379E-15,1.,7.19252457576377E-15));
#6098=DIRECTION('',(-1.,-7.19252457576383E-15,6.00219659462115E-15));
#6099=DIRECTION('',(-7.19252457576379E-15,1.,7.19252457576377E-15));
#6100=DIRECTION('center_axis',(7.19252457576379E-15,-1.,-7.19252457576377E-15));
#6101=DIRECTION('ref_axis',(6.0021965946212E-15,-7.19252457576372E-15,1.));
#6102=DIRECTION('',(6.0021965946212E-15,-7.19252457576372E-15,1.));
#6103=DIRECTION('',(-1.,-7.19252457576383E-15,6.00219659462115E-15));
#6104=DIRECTION('',(6.0021965946212E-15,-7.19252457576372E-15,1.));
#6105=DIRECTION('center_axis',(-6.0021965946212E-15,7.19252457576372E-15,
-1.));
#6106=DIRECTION('ref_axis',(7.19252457576379E-15,-1.,-7.19252457576377E-15));
#6107=DIRECTION('',(7.19252457576379E-15,-1.,-7.19252457576377E-15));
#6108=DIRECTION('',(7.19252457576379E-15,-1.,-7.19252457576377E-15));
#6109=DIRECTION('center_axis',(-1.,-7.19252457576383E-15,6.00219659462115E-15));
#6110=DIRECTION('ref_axis',(7.19252457576379E-15,-1.,-7.19252457576377E-15));
#6111=DIRECTION('',(1.,7.19252457576383E-15,-6.00219659462115E-15));
#6112=DIRECTION('',(1.,7.19252457576383E-15,-6.00219659462115E-15));
#6113=DIRECTION('',(1.,7.19252457576383E-15,-6.00219659462115E-15));
#6114=DIRECTION('',(1.,7.19252457576383E-15,-6.00219659462115E-15));
#6115=DIRECTION('',(1.,7.19252457576383E-15,-6.00219659462115E-15));
#6116=DIRECTION('',(1.,7.19252457576383E-15,-6.00219659462115E-15));
#6117=DIRECTION('',(1.,7.19252457576383E-15,-6.00219659462115E-15));
#6118=DIRECTION('',(1.,7.19252457576383E-15,-6.00219659462115E-15));
#6119=DIRECTION('center_axis',(3.54758276582622E-15,0.302243698619093,0.953230689101568));
#6120=DIRECTION('ref_axis',(8.67026125633254E-15,-0.953230689101568,0.302243698619093));
#6121=DIRECTION('',(-8.67026125633254E-15,0.953230689101568,-0.302243698619093));
#6122=DIRECTION('',(1.,7.19252457576383E-15,-6.00219659462115E-15));
#6123=DIRECTION('',(8.67026125633254E-15,-0.953230689101568,0.302243698619093));
#6124=DIRECTION('',(1.,7.19252457576383E-15,-6.00219659462115E-15));
#6125=DIRECTION('center_axis',(1.,7.19252457576383E-15,-6.00219659462115E-15));
#6126=DIRECTION('ref_axis',(7.19252457576379E-15,-1.,-7.19252457576377E-15));
#6127=DIRECTION('',(-5.60093034258282E-15,0.972627891631035,0.232368208714894));
#6128=DIRECTION('',(1.,7.19252457576383E-15,-6.00219659462115E-15));
#6129=DIRECTION('',(1.,7.19252457576383E-15,-6.00219659462115E-15));
#6130=DIRECTION('',(1.,7.19252457576383E-15,-6.00219659462115E-15));
#6131=DIRECTION('',(1.,7.19252457576383E-15,-6.00219659462115E-15));
#6132=DIRECTION('',(1.,7.19252457576383E-15,-6.00219659462115E-15));
#6133=DIRECTION('',(1.,7.19252457576383E-15,-6.00219659462115E-15));
#6134=DIRECTION('',(1.,7.19252457576383E-15,-6.00219659462115E-15));
#6135=DIRECTION('center_axis',(-7.50921787078944E-15,0.232368208714894,
-0.972627891631035));
#6136=DIRECTION('ref_axis',(-5.60093034258282E-15,0.972627891631034,0.232368208714894));
#6137=DIRECTION('',(5.60093034258282E-15,-0.972627891631035,-0.232368208714894));
#6138=DIRECTION('',(1.,7.19252457576383E-15,-6.00219659462115E-15));
#6139=DIRECTION('center_axis',(-7.19252457576379E-15,1.,7.19252457576377E-15));
#6140=DIRECTION('ref_axis',(-6.0021965946212E-15,7.19252457576372E-15,-1.));
#6141=DIRECTION('',(-6.0021965946212E-15,7.19252457576372E-15,-1.));
#6142=DIRECTION('',(-1.,-7.19252457576383E-15,6.00219659462115E-15));
#6143=DIRECTION('',(-6.0021965946212E-15,7.19252457576372E-15,-1.));
#6144=DIRECTION('',(-1.,-7.19252457576383E-15,6.00219659462115E-15));
#6145=DIRECTION('center_axis',(6.0021965946212E-15,-7.19252457576372E-15,
1.));
#6146=DIRECTION('ref_axis',(-7.19252457576379E-15,1.,7.19252457576377E-15));
#6147=DIRECTION('',(-7.19252457576379E-15,1.,7.19252457576377E-15));
#6148=DIRECTION('',(-1.,-7.19252457576383E-15,6.00219659462115E-15));
#6149=DIRECTION('',(-7.19252457576379E-15,1.,7.19252457576377E-15));
#6150=DIRECTION('center_axis',(7.19252457576379E-15,-1.,-7.19252457576377E-15));
#6151=DIRECTION('ref_axis',(6.0021965946212E-15,-7.19252457576372E-15,1.));
#6152=DIRECTION('',(6.0021965946212E-15,-7.19252457576372E-15,1.));
#6153=DIRECTION('',(-1.,-7.19252457576383E-15,6.00219659462115E-15));
#6154=DIRECTION('',(6.0021965946212E-15,-7.19252457576372E-15,1.));
#6155=DIRECTION('center_axis',(-6.0021965946212E-15,7.19252457576372E-15,
-1.));
#6156=DIRECTION('ref_axis',(7.19252457576379E-15,-1.,-7.19252457576377E-15));
#6157=DIRECTION('',(7.19252457576379E-15,-1.,-7.19252457576377E-15));
#6158=DIRECTION('',(7.19252457576379E-15,-1.,-7.19252457576377E-15));
#6159=DIRECTION('center_axis',(-1.,-7.19252457576383E-15,6.00219659462115E-15));
#6160=DIRECTION('ref_axis',(7.19252457576379E-15,-1.,-7.19252457576377E-15));
#6161=DIRECTION('center_axis',(-1.,-7.19252457576383E-15,6.00219659462115E-15));
#6162=DIRECTION('ref_axis',(-9.33007681544492E-15,0.707106781186552,-0.707106781186543));
#6163=DIRECTION('center_axis',(1.,7.19252457576383E-15,-6.00219659462115E-15));
#6164=DIRECTION('ref_axis',(-9.33007681544492E-15,0.707106781186552,-0.707106781186543));
#6165=DIRECTION('',(1.,7.19252457576383E-15,-6.00219659462115E-15));
#6166=DIRECTION('center_axis',(1.,7.19252457576383E-15,-6.00219659462115E-15));
#6167=DIRECTION('ref_axis',(-9.33007681544492E-15,0.707106781186552,-0.707106781186543));
#6168=DIRECTION('',(-1.,-7.19252457576383E-15,6.00219659462115E-15));
#6169=DIRECTION('center_axis',(-1.,-7.19252457576383E-15,6.00219659462115E-15));
#6170=DIRECTION('ref_axis',(-7.19252457576379E-15,1.,7.19252457576377E-15));
#6171=DIRECTION('center_axis',(-1.,-7.19252457576383E-15,6.00219659462115E-15));
#6172=DIRECTION('ref_axis',(-9.33007681544492E-15,0.707106781186552,-0.707106781186543));
#6173=DIRECTION('',(-7.19252457576379E-15,1.,7.19252457576377E-15));
#6174=DIRECTION('center_axis',(-1.,-7.19252457576383E-15,6.00219659462115E-15));
#6175=DIRECTION('ref_axis',(8.41688987302022E-16,-0.707106781186543,-0.707106781186552));
#6176=DIRECTION('',(-6.0021965946212E-15,7.19252457576372E-15,-1.));
#6177=DIRECTION('center_axis',(-1.,-7.19252457576383E-15,6.00219659462115E-15));
#6178=DIRECTION('ref_axis',(-7.19252457576379E-15,1.,7.08972614755773E-15));
#6179=DIRECTION('',(-7.19252457576379E-15,1.,7.19252457576377E-15));
#6180=DIRECTION('center_axis',(-1.,-7.19252457576383E-15,6.00219659462115E-15));
#6181=DIRECTION('ref_axis',(6.0021965946212E-15,-7.60371828858786E-15,1.));
#6182=DIRECTION('',(6.0021965946212E-15,-7.41456918068875E-15,1.));
#6183=DIRECTION('',(7.19252457576379E-15,-1.,-7.19252457576377E-15));
#6184=DIRECTION('',(-6.0021965946212E-15,7.19252457576372E-15,-1.));
#6185=DIRECTION('',(-7.19252457576379E-15,1.,7.19252457576377E-15));
#6186=DIRECTION('',(6.0021965946212E-15,-7.19252457576372E-15,1.));
#6187=DIRECTION('center_axis',(-1.,-7.19252457576383E-15,6.00219659462115E-15));
#6188=DIRECTION('ref_axis',(8.41688987302022E-16,-0.707106781186543,-0.707106781186552));
#6189=DIRECTION('center_axis',(1.,7.19252457576383E-15,-6.00219659462115E-15));
#6190=DIRECTION('ref_axis',(8.41688987302022E-16,-0.707106781186543,-0.707106781186552));
#6191=DIRECTION('',(1.,7.19252457576383E-15,-6.00219659462115E-15));
#6192=DIRECTION('center_axis',(1.,7.19252457576383E-15,-6.00219659462115E-15));
#6193=DIRECTION('ref_axis',(8.41688987302022E-16,-0.707106781186543,-0.707106781186552));
#6194=DIRECTION('',(-1.,-7.19252457576383E-15,6.00219659462115E-15));
#6195=DIRECTION('center_axis',(-1.,-7.19252457576383E-15,6.00219659462115E-15));
#6196=DIRECTION('ref_axis',(8.41688987302022E-16,-0.707106781186543,-0.707106781186552));
#6197=DIRECTION('',(-1.,-7.19252457576383E-15,6.00219659462115E-15));
#6198=DIRECTION('center_axis',(-1.,-7.19252457576383E-15,6.00219659462115E-15));
#6199=DIRECTION('ref_axis',(8.41688987302022E-16,-0.707106781186543,-0.707106781186552));
#6200=DIRECTION('',(1.,7.19252457576383E-15,-6.00219659462115E-15));
#6201=DIRECTION('center_axis',(1.,7.19252457576383E-15,-6.00219659462115E-15));
#6202=DIRECTION('ref_axis',(7.19252457576379E-15,-1.,-7.19252457576377E-15));
#6203=DIRECTION('',(-6.0021965946212E-15,7.41456918068875E-15,-1.));
#6204=DIRECTION('center_axis',(1.,7.19252457576383E-15,-6.00219659462115E-15));
#6205=DIRECTION('ref_axis',(6.0021965946212E-15,-7.60371828858786E-15,1.));
#6206=DIRECTION('',(7.19252457576379E-15,-1.,-7.19252457576377E-15));
#6207=DIRECTION('center_axis',(1.,7.19252457576383E-15,-6.00219659462115E-15));
#6208=DIRECTION('ref_axis',(-7.19252457576379E-15,1.,7.08972614755773E-15));
#6209=DIRECTION('',(6.0021965946212E-15,-7.19252457576372E-15,1.));
#6210=DIRECTION('',(7.19252457576379E-15,-1.,-7.19252457576377E-15));
#6211=DIRECTION('',(-7.19252457576379E-15,1.,7.19252457576377E-15));
#6212=DIRECTION('',(-6.0021965946212E-15,7.19252457576372E-15,-1.));
#6213=DIRECTION('',(7.19252457576379E-15,-1.,-7.19252457576377E-15));
#6214=DIRECTION('',(6.0021965946212E-15,-7.19252457576372E-15,1.));
#6215=DIRECTION('center_axis',(-1.,-7.19252457576383E-15,6.00219659462115E-15));
#6216=DIRECTION('ref_axis',(-9.33007681544492E-15,0.707106781186552,-0.707106781186543));
#6217=DIRECTION('',(-1.,-7.19252457576383E-15,6.00219659462115E-15));
#6218=DIRECTION('center_axis',(-1.,-7.19252457576383E-15,6.00219659462115E-15));
#6219=DIRECTION('ref_axis',(-9.33007681544492E-15,0.707106781186552,-0.707106781186543));
#6220=DIRECTION('',(1.,7.19252457576383E-15,-6.00219659462115E-15));
#6221=DIRECTION('center_axis',(-6.0021965946212E-15,7.19252457576372E-15,
-1.));
#6222=DIRECTION('ref_axis',(7.19252457576379E-15,-1.,-7.19252457576377E-15));
#6223=DIRECTION('',(7.19252457576379E-15,-1.,-7.19252457576377E-15));
#6224=DIRECTION('center_axis',(-6.0021965946212E-15,7.19252457576372E-15,
-1.));
#6225=DIRECTION('ref_axis',(7.19252457576379E-15,-1.,-7.19252457576377E-15));
#6226=DIRECTION('',(-7.19252457576379E-15,1.,7.19252457576377E-15));
#6227=DIRECTION('center_axis',(7.19252457576379E-15,-1.,-7.19252457576377E-15));
#6228=DIRECTION('ref_axis',(6.0021965946212E-15,-7.19252457576372E-15,1.));
#6229=DIRECTION('',(-6.0021965946212E-15,7.19252457576372E-15,-1.));
#6230=DIRECTION('',(-1.,-7.19252457576383E-15,6.00219659462115E-15));
#6231=DIRECTION('center_axis',(7.19252457576379E-15,-1.,-7.19252457576377E-15));
#6232=DIRECTION('ref_axis',(6.0021965946212E-15,-7.19252457576372E-15,1.));
#6233=DIRECTION('',(-1.,-7.19252457576383E-15,6.00219659462115E-15));
#6234=DIRECTION('',(6.0021965946212E-15,-7.19252457576372E-15,1.));
#6235=DIRECTION('center_axis',(-7.19252457576379E-15,1.,7.4145691806888E-15));
#6236=DIRECTION('ref_axis',(-6.0021965946212E-15,7.41456918068875E-15,-1.));
#6237=DIRECTION('',(-1.,-7.19252457576383E-15,6.00219659462115E-15));
#6238=DIRECTION('',(6.0021965946212E-15,-7.41456918068875E-15,1.));
#6239=DIRECTION('center_axis',(-0.707106781186543,-1.01717658027469E-14,
0.707106781186552));
#6240=DIRECTION('ref_axis',(7.19252457576379E-15,-1.,-7.19252457576377E-15));
#6241=DIRECTION('',(-0.707106781186552,-8.36192559534273E-29,-0.707106781186543));
#6242=DIRECTION('',(7.19252457576379E-15,-1.,-7.19252457576377E-15));
#6243=DIRECTION('',(0.707106781186552,8.36192559534273E-29,0.707106781186543));
#6244=DIRECTION('center_axis',(-7.19252457576379E-15,1.,7.19252457576377E-15));
#6245=DIRECTION('ref_axis',(-1.,-7.19252457576383E-15,6.00219659462115E-15));
#6246=DIRECTION('',(-1.,-7.19252457576383E-15,6.00219659462115E-15));
#6247=DIRECTION('',(6.0021965946212E-15,-7.19252457576372E-15,1.));
#6248=DIRECTION('center_axis',(-1.,-7.19252457576383E-15,6.00219659462115E-15));
#6249=DIRECTION('ref_axis',(6.0021965946212E-15,-7.19252457576372E-15,1.));
#6250=DIRECTION('',(-7.19252457576379E-15,1.,7.19252457576377E-15));
#6251=DIRECTION('',(6.0021965946212E-15,-7.19252457576372E-15,1.));
#6252=DIRECTION('center_axis',(-6.0021965946212E-15,7.19252457576372E-15,
-1.));
#6253=DIRECTION('ref_axis',(-1.,-7.19252457576383E-15,6.00219659462115E-15));
#6254=DIRECTION('',(1.,7.19252457576383E-15,-6.00219659462115E-15));
#6255=DIRECTION('center_axis',(-7.19252457576379E-15,1.,7.19252457576377E-15));
#6256=DIRECTION('ref_axis',(6.0021965946212E-15,-7.19252457576372E-15,1.));
#6257=DIRECTION('center_axis',(0.707106781186551,6.9419759659449E-29,0.707106781186544));
#6258=DIRECTION('ref_axis',(-7.19252457576379E-15,1.,7.19252457576377E-15));
#6259=DIRECTION('',(0.707106781186544,1.01717658027469E-14,-0.707106781186551));
#6260=DIRECTION('',(-7.19252457576379E-15,1.,7.19252457576377E-15));
#6261=DIRECTION('',(-0.707106781186544,-1.01717658027469E-14,0.707106781186551));
#6262=DIRECTION('center_axis',(7.19252457576379E-15,-1.,-7.19252457576377E-15));
#6263=DIRECTION('ref_axis',(1.,7.19252457576383E-15,-6.00219659462115E-15));
#6264=DIRECTION('',(1.,7.19252457576383E-15,-6.00219659462115E-15));
#6265=DIRECTION('',(6.0021965946212E-15,-7.19252457576372E-15,1.));
#6266=DIRECTION('center_axis',(1.,7.19252457576383E-15,-6.00219659462115E-15));
#6267=DIRECTION('ref_axis',(6.0021965946212E-15,-7.19252457576372E-15,1.));
#6268=DIRECTION('',(7.19252457576379E-15,-1.,-7.19252457576377E-15));
#6269=DIRECTION('',(6.0021965946212E-15,-7.19252457576372E-15,1.));
#6270=DIRECTION('center_axis',(-6.0021965946212E-15,7.19252457576372E-15,
-1.));
#6271=DIRECTION('ref_axis',(1.,7.19252457576383E-15,-6.00219659462115E-15));
#6272=DIRECTION('',(-1.,-7.19252457576383E-15,6.00219659462115E-15));
#6273=DIRECTION('center_axis',(7.19252457576379E-15,-1.,-7.19252457576377E-15));
#6274=DIRECTION('ref_axis',(6.0021965946212E-15,-7.19252457576372E-15,1.));
#6275=DIRECTION('center_axis',(-6.0021965946212E-15,7.19252457576372E-15,
-1.));
#6276=DIRECTION('ref_axis',(7.19252457576379E-15,-1.,-7.19252457576377E-15));
#6277=DIRECTION('',(-1.,-7.19252457576383E-15,6.00219659462115E-15));
#6278=DIRECTION('',(1.,7.19252457576383E-15,-6.00219659462115E-15));
#6279=DIRECTION('',(1.,7.19252457576383E-15,-6.00219659462115E-15));
#6280=DIRECTION('',(7.19252457576379E-15,-1.,-7.19252457576377E-15));
#6281=DIRECTION('',(-1.,-7.19252457576383E-15,6.00219659462115E-15));
#6282=DIRECTION('',(-7.19252457576379E-15,1.,7.19252457576377E-15));
#6283=DIRECTION('center_axis',(7.19252457576379E-15,-1.,-7.19252457576377E-15));
#6284=DIRECTION('ref_axis',(-1.,-7.19252457576383E-15,6.00219659462115E-15));
#6285=DIRECTION('',(-6.0021965946212E-15,7.19252457576372E-15,-1.));
#6286=DIRECTION('',(-6.0021965946212E-15,7.19252457576372E-15,-1.));
#6287=DIRECTION('',(-1.,-6.10832240327833E-15,6.00219659462116E-15));
#6288=DIRECTION('center_axis',(-1.,-7.19252457576383E-15,6.00219659462115E-15));
#6289=DIRECTION('ref_axis',(-7.19252457576379E-15,1.,7.08972614755773E-15));
#6290=DIRECTION('center_axis',(-1.,-7.19252457576383E-15,6.00219659462115E-15));
#6291=DIRECTION('ref_axis',(-7.19252457576379E-15,1.,7.08972614755773E-15));
#6292=DIRECTION('',(-1.,-7.19252457576383E-15,6.00219659462115E-15));
#6293=DIRECTION('center_axis',(1.,7.19252457576383E-15,-6.00219659462115E-15));
#6294=DIRECTION('ref_axis',(-7.19252457576379E-15,1.,7.08972614755773E-15));
#6295=DIRECTION('center_axis',(-1.,-7.19252457576383E-15,6.00219659462115E-15));
#6296=DIRECTION('ref_axis',(6.0021965946212E-15,-7.60371828858786E-15,1.));
#6297=DIRECTION('',(-1.,-7.19252457576383E-15,6.00219659462115E-15));
#6298=DIRECTION('center_axis',(1.,7.19252457576383E-15,-6.00219659462115E-15));
#6299=DIRECTION('ref_axis',(6.0021965946212E-15,-7.60371828858786E-15,1.));
#6300=DIRECTION('',(-1.,-7.19252457576383E-15,6.00219659462115E-15));
#6301=DIRECTION('center_axis',(-1.,-7.19252457576383E-15,6.00219659462115E-15));
#6302=DIRECTION('ref_axis',(6.0021965946212E-15,-7.60371828858786E-15,1.));
#6303=DIRECTION('center_axis',(6.0021965946212E-15,-7.19252457576372E-15,
1.));
#6304=DIRECTION('ref_axis',(1.,7.19252457576383E-15,-6.00219659462115E-15));
#6305=DIRECTION('',(-7.19252457576379E-15,1.,7.19252457576377E-15));
#6306=DIRECTION('',(-1.,-7.19252457576383E-15,6.00219659462115E-15));
#6307=DIRECTION('',(-7.19252457576379E-15,1.,7.19252457576377E-15));
#6308=DIRECTION('',(-1.,-7.19252457576383E-15,6.00219659462115E-15));
#6309=DIRECTION('center_axis',(-1.,-7.19252457576383E-15,6.00219659462115E-15));
#6310=DIRECTION('ref_axis',(7.19252457576379E-15,-1.,-7.19252457576377E-15));
#6311=DIRECTION('center_axis',(-1.,-7.19252457576383E-15,6.00219659462115E-15));
#6312=DIRECTION('ref_axis',(7.19252457576379E-15,-1.,-7.19252457576377E-15));
#6313=DIRECTION('',(-1.,-7.19252457576383E-15,6.00219659462115E-15));
#6314=DIRECTION('center_axis',(-1.,-7.19252457576383E-15,6.00219659462115E-15));
#6315=DIRECTION('ref_axis',(7.19252457576379E-15,-1.,-7.19252457576377E-15));
#6316=DIRECTION('center_axis',(-6.0021965946212E-15,7.42911688643279E-15,
-1.));
#6317=DIRECTION('ref_axis',(-7.19252457576379E-15,1.,7.42911688643283E-15));
#6318=DIRECTION('',(7.19252457576379E-15,-1.,-7.42911688643283E-15));
#6319=DIRECTION('',(-1.,-7.19252457576383E-15,6.00219659462115E-15));
#6320=DIRECTION('',(7.19252457576379E-15,-1.,-7.42911688643283E-15));
#6321=DIRECTION('',(-1.,-7.19252457576383E-15,6.00219659462115E-15));
#6322=DIRECTION('center_axis',(-1.,-7.19252457576383E-15,6.00219659462115E-15));
#6323=DIRECTION('ref_axis',(7.19252457576379E-15,-1.,-7.19252457576377E-15));
#6324=DIRECTION('center_axis',(-1.,-7.19252457576383E-15,6.00219659462115E-15));
#6325=DIRECTION('ref_axis',(7.19252457576379E-15,-1.,-7.19252457576377E-15));
#6326=DIRECTION('center_axis',(-1.,-7.19252457576383E-15,6.00219659462115E-15));
#6327=DIRECTION('ref_axis',(7.19252457576379E-15,-1.,-7.19252457576377E-15));
#6328=DIRECTION('center_axis',(-1.,-7.19252457576383E-15,6.00219659462115E-15));
#6329=DIRECTION('ref_axis',(-7.19252457576379E-15,1.,7.3149892556785E-15));
#6330=DIRECTION('center_axis',(-1.,-7.19252457576383E-15,6.00219659462115E-15));
#6331=DIRECTION('ref_axis',(7.19252457576379E-15,-1.,-7.19252457576377E-15));
#6332=DIRECTION('center_axis',(-1.,-7.19252457576383E-15,6.00219659462115E-15));
#6333=DIRECTION('ref_axis',(7.19252457576379E-15,-1.,-7.19252457576377E-15));
#6334=DIRECTION('center_axis',(6.0021965946212E-15,-7.17558391681864E-15,
1.));
#6335=DIRECTION('ref_axis',(7.19252457576379E-15,-1.,-7.17558391681868E-15));
#6336=DIRECTION('',(-7.19252457576379E-15,1.,7.17558391681868E-15));
#6337=DIRECTION('',(-1.,-7.19252457576383E-15,6.00219659462115E-15));
#6338=DIRECTION('',(-7.19252457576379E-15,1.,7.17558391681868E-15));
#6339=DIRECTION('',(-1.,-7.19252457576383E-15,6.00219659462115E-15));
#6340=DIRECTION('',(1.,7.19252457576383E-15,-6.00219659462115E-15));
#6341=DIRECTION('',(-7.19252457576379E-15,1.,7.19252457576377E-15));
#6342=DIRECTION('',(-1.,-2.8557158858218E-15,6.00219659462118E-15));
#6343=DIRECTION('',(7.19252457576379E-15,-1.,-7.19252457576377E-15));
#6344=DIRECTION('',(-1.,-7.19252457576383E-15,6.00219659462115E-15));
#6345=DIRECTION('',(7.19252457576379E-15,-1.,-7.19252457576377E-15));
#6346=DIRECTION('',(1.,5.02412023079283E-15,-6.00219659462116E-15));
#6347=DIRECTION('',(-7.19252457576379E-15,1.,7.19252457576377E-15));
#6348=DIRECTION('',(7.19252457576379E-15,-1.,-7.19252457576377E-15));
#6349=DIRECTION('',(1.,1.04451310932203E-14,-6.00219659462113E-15));
#6350=DIRECTION('',(-7.19252457576379E-15,1.,7.19252457576377E-15));
#6351=DIRECTION('center_axis',(7.19252457576379E-15,-1.,-7.19252457576377E-15));
#6352=DIRECTION('ref_axis',(1.,7.19252457576383E-15,-6.00219659462115E-15));
#6353=DIRECTION('',(1.,7.19252457576383E-15,-6.00219659462115E-15));
#6354=DIRECTION('',(6.0021965946212E-15,-7.19252457576372E-15,1.));
#6355=DIRECTION('',(6.0021965946212E-15,-7.19252457576372E-15,1.));
#6356=DIRECTION('center_axis',(-7.19252457576379E-15,1.,7.19252457576377E-15));
#6357=DIRECTION('ref_axis',(1.,7.19252457576383E-15,-6.00219659462115E-15));
#6358=DIRECTION('',(-1.,-7.19252457576383E-15,6.00219659462115E-15));
#6359=DIRECTION('',(-6.0021965946212E-15,7.19252457576372E-15,-1.));
#6360=DIRECTION('',(6.0021965946212E-15,-7.19252457576372E-15,1.));
#6361=DIRECTION('center_axis',(1.,7.19252457576383E-15,-6.00219659462115E-15));
#6362=DIRECTION('ref_axis',(7.19252457576379E-15,-1.,-7.19252457576377E-15));
#6363=DIRECTION('',(-7.19252457576379E-15,1.,7.19252457576377E-15));
#6364=DIRECTION('',(-6.0021965946212E-15,7.19252457576372E-15,-1.));
#6365=DIRECTION('center_axis',(-7.19252457576379E-15,1.,7.19252457576377E-15));
#6366=DIRECTION('ref_axis',(1.,7.19252457576383E-15,-6.00219659462115E-15));
#6367=DIRECTION('',(-1.,-7.19252457576383E-15,6.00219659462115E-15));
#6368=DIRECTION('',(-6.0021965946212E-15,7.19252457576372E-15,-1.));
#6369=DIRECTION('',(6.0021965946212E-15,-7.19252457576372E-15,1.));
#6370=DIRECTION('center_axis',(1.,7.19252457576383E-15,-6.00219659462115E-15));
#6371=DIRECTION('ref_axis',(7.19252457576379E-15,-1.,-7.19252457576377E-15));
#6372=DIRECTION('',(-7.19252457576379E-15,1.,7.46112692043114E-15));
#6373=DIRECTION('',(-6.0021965946212E-15,7.19252457576372E-15,-1.));
#6374=DIRECTION('center_axis',(1.,7.19252457576383E-15,-6.00219659462115E-15));
#6375=DIRECTION('ref_axis',(-7.19252457576379E-15,1.,7.19252457576377E-15));
#6376=DIRECTION('',(-7.19252457576379E-15,1.,7.46112692043114E-15));
#6377=DIRECTION('',(-6.0021965946212E-15,7.19252457576372E-15,-1.));
#6378=DIRECTION('',(-7.19252457576379E-15,1.,7.19252457576377E-15));
#6379=DIRECTION('center_axis',(7.19252457576379E-15,-1.,-7.19252457576377E-15));
#6380=DIRECTION('ref_axis',(-1.,-7.19252457576383E-15,6.00219659462115E-15));
#6381=DIRECTION('',(1.,7.19252457576383E-15,-6.00219659462115E-15));
#6382=DIRECTION('',(-6.0021965946212E-15,7.19252457576372E-15,-1.));
#6383=DIRECTION('center_axis',(-1.,-7.19252457576383E-15,6.00219659462115E-15));
#6384=DIRECTION('ref_axis',(-7.19252457576379E-15,1.,7.19252457576377E-15));
#6385=DIRECTION('',(7.19252457576379E-15,-1.,-7.46112692043114E-15));
#6386=DIRECTION('center_axis',(1.,7.19252457576383E-15,-6.00219659462115E-15));
#6387=DIRECTION('ref_axis',(7.19252457576379E-15,-1.,-7.19252457576377E-15));
#6388=DIRECTION('',(6.0021965946212E-15,-7.19252457576372E-15,1.));
#6389=DIRECTION('center_axis',(-7.19252457576379E-15,1.,7.19252457576377E-15));
#6390=DIRECTION('ref_axis',(1.,7.19252457576383E-15,-6.00219659462115E-15));
#6391=DIRECTION('',(-6.0021965946212E-15,7.19252457576372E-15,-1.));
#6392=DIRECTION('center_axis',(-1.,-7.19252457576383E-15,6.00219659462115E-15));
#6393=DIRECTION('ref_axis',(-7.19252457576379E-15,1.,7.19252457576377E-15));
#6394=DIRECTION('center_axis',(7.19252457576379E-15,-1.,-7.19252457576377E-15));
#6395=DIRECTION('ref_axis',(-1.,-7.19252457576383E-15,6.00219659462115E-15));
#6396=DIRECTION('',(1.,7.19252457576383E-15,-6.00219659462115E-15));
#6397=DIRECTION('',(-6.0021965946212E-15,7.19252457576372E-15,-1.));
#6398=DIRECTION('center_axis',(-1.,-7.19252457576383E-15,6.00219659462115E-15));
#6399=DIRECTION('ref_axis',(-7.19252457576379E-15,1.,7.19252457576377E-15));
#6400=DIRECTION('',(7.19252457576379E-15,-1.,-7.19252457576377E-15));
#6401=DIRECTION('center_axis',(-7.19252457576379E-15,1.,7.19252457576377E-15));
#6402=DIRECTION('ref_axis',(-1.,-7.19252457576383E-15,6.00219659462115E-15));
#6403=DIRECTION('',(-1.,-7.19252457576383E-15,6.00219659462115E-15));
#6404=DIRECTION('',(-6.0021965946212E-15,7.19252457576372E-15,-1.));
#6405=DIRECTION('center_axis',(1.,7.19252457576383E-15,-6.00219659462115E-15));
#6406=DIRECTION('ref_axis',(-7.19252457576379E-15,1.,7.19252457576377E-15));
#6407=DIRECTION('',(7.19252457576379E-15,-1.,-7.19252457576377E-15));
#6408=DIRECTION('',(7.19252457576379E-15,-1.,-7.46112692043114E-15));
#6409=DIRECTION('',(-6.0021965946212E-15,7.41456918068875E-15,-1.));
#6410=DIRECTION('center_axis',(-6.0021965946212E-15,7.4611269204311E-15,
-1.));
#6411=DIRECTION('ref_axis',(7.19252457576379E-15,-1.,-7.46112692043114E-15));
#6412=DIRECTION('center_axis',(-7.19252457576379E-15,1.,7.4145691806888E-15));
#6413=DIRECTION('ref_axis',(-6.0021965946212E-15,7.41456918068875E-15,-1.));
#6414=DIRECTION('center_axis',(-6.0021965946212E-15,7.19252457576372E-15,
-1.));
#6415=DIRECTION('ref_axis',(7.19252457576379E-15,-1.,-7.19252457576377E-15));
#6416=DIRECTION('axis',(0.,0.,1.));
#6417=DIRECTION('refdir',(1.,0.,0.));
#6418=DIRECTION('center_axis',(-0.999999999453778,3.30521521213055E-5,7.12661503644376E-15));
#6419=DIRECTION('ref_axis',(-3.22971102345058E-5,-0.97715604408498,-0.212523091604391));
#6420=DIRECTION('',(-0.999999999453778,3.30521521213055E-5,7.12661503670634E-15));
#6421=DIRECTION('center_axis',(0.999999999453778,-3.30521521213055E-5,-7.12661503644376E-15));
#6422=DIRECTION('ref_axis',(-3.22971102345058E-5,-0.97715604408498,-0.212523091604393));
#6423=DIRECTION('',(-0.999999999453778,3.30521521213055E-5,7.12661503670634E-15));
#6424=DIRECTION('center_axis',(0.894430331894187,0.0950136531276739,-0.436997468078465));
#6425=DIRECTION('ref_axis',(-0.447207312490025,0.1901012131142,-0.873994936156931));
#6426=DIRECTION('center_axis',(-0.999999999453778,3.30521521213055E-5,7.12661503644376E-15));
#6427=DIRECTION('ref_axis',(-3.22971102345058E-5,-0.97715604408498,-0.212523091604391));
#6428=DIRECTION('',(-0.999999999453778,3.30521521213055E-5,7.12661503670634E-15));
#6429=DIRECTION('center_axis',(-0.999999999453778,3.30521521213055E-5,7.12661503644376E-15));
#6430=DIRECTION('ref_axis',(-3.22971102345058E-5,-0.97715604408498,-0.212523091604391));
#6431=DIRECTION('',(-0.999999999453778,3.30521521213055E-5,7.12661503670634E-15));
#6432=DIRECTION('center_axis',(-0.999999999453778,3.30521521375937E-5,-5.96022475747902E-14));
#6433=DIRECTION('ref_axis',(7.0243456147008E-6,0.212523091488307,-0.977156044618725));
#6434=DIRECTION('center_axis',(-0.894430331894188,-0.0950136531276776,0.436997468078463));
#6435=DIRECTION('ref_axis',(0.447207312490024,-0.190101213115553,0.873994936156637));
#6436=DIRECTION('center_axis',(-0.999999999453778,3.30521521213055E-5,7.12661503644376E-15));
#6437=DIRECTION('ref_axis',(-3.22971102345058E-5,-0.97715604408498,-0.212523091604391));
#6438=DIRECTION('',(7.02434554603466E-6,0.212523091488306,-0.977156044618725));
#6439=DIRECTION('',(3.22971102345058E-5,0.977156044084981,0.212523091604388));
#6440=DIRECTION('center_axis',(-0.999999999453778,3.30521521213055E-5,7.12661503644376E-15));
#6441=DIRECTION('ref_axis',(3.22971102345058E-5,0.97715604408498,0.212523091604391));
#6442=DIRECTION('center_axis',(-0.999999999453778,3.30521521213055E-5,7.12661503644376E-15));
#6443=DIRECTION('ref_axis',(-3.22971102345058E-5,-0.97715604408498,-0.212523091604391));
#6444=DIRECTION('',(-7.02434554603516E-6,-0.212523091488321,0.977156044618722));
#6445=DIRECTION('',(-3.22971102345058E-5,-0.97715604408498,-0.212523091604394));
#6446=DIRECTION('center_axis',(0.999999999453778,-3.30521521213055E-5,-7.12661503644376E-15));
#6447=DIRECTION('ref_axis',(-3.22971102345058E-5,-0.97715604408498,-0.212523091604391));
#6448=DIRECTION('center_axis',(-0.999999999453778,3.30521521213055E-5,7.12661503644376E-15));
#6449=DIRECTION('ref_axis',(-3.22971102345058E-5,-0.97715604408498,-0.212523091604391));
#6450=DIRECTION('center_axis',(0.999999999453778,-3.30521521213055E-5,-7.12661503644376E-15));
#6451=DIRECTION('ref_axis',(-3.22971102345058E-5,-0.97715604408498,-0.212523091604391));
#6452=DIRECTION('',(-3.22971102345058E-5,-0.97715604408498,-0.212523091604394));
#6453=DIRECTION('',(7.02434554603466E-6,0.212523091488306,-0.977156044618725));
#6454=DIRECTION('center_axis',(-7.02434554603456E-6,-0.212523091488303,
0.977156044618726));
#6455=DIRECTION('ref_axis',(-3.22971102345058E-5,-0.977156044084981,-0.212523091604388));
#6456=DIRECTION('',(-0.999999999453778,3.30521521213055E-5,7.12661503670634E-15));
#6457=DIRECTION('',(-3.22971102345058E-5,-0.97715604408498,-0.212523091604391));
#6458=DIRECTION('',(-0.999999999453778,3.30521521213055E-5,7.12661503670634E-15));
#6459=DIRECTION('',(3.22971102345058E-5,0.97715604408498,0.212523091604391));
#6460=DIRECTION('center_axis',(-3.22971102345057E-5,-0.977156044084977,
-0.212523091604406));
#6461=DIRECTION('ref_axis',(7.02434554603516E-6,0.212523091488321,-0.977156044618722));
#6462=DIRECTION('',(-0.999999999453778,3.30521521213055E-5,7.12661503670634E-15));
#6463=DIRECTION('center_axis',(3.22971102345057E-5,0.977156044084977,0.212523091604406));
#6464=DIRECTION('ref_axis',(7.02434555123933E-6,0.212523091488321,-0.977156044618722));
#6465=DIRECTION('',(-0.999999999453778,3.30521521213055E-5,7.12661503670634E-15));
#6466=DIRECTION('',(-7.02434554603466E-6,-0.212523091488306,0.977156044618725));
#6467=DIRECTION('',(7.02434554603466E-6,0.212523091488306,-0.977156044618725));
#6468=DIRECTION('',(0.999999999453778,-3.30521521213055E-5,-7.12661503670634E-15));
#6469=DIRECTION('',(-7.02434554603516E-6,-0.212523091488321,0.977156044618722));
#6470=DIRECTION('center_axis',(3.22971102345057E-5,0.977156044084977,0.212523091604406));
#6471=DIRECTION('ref_axis',(7.02434554603516E-6,0.212523091488321,-0.977156044618722));
#6472=DIRECTION('',(0.999999999453778,-3.30521521213055E-5,-7.12661503670634E-15));
#6473=DIRECTION('center_axis',(-0.999999999453778,3.30521521213055E-5,7.12661503644376E-15));
#6474=DIRECTION('ref_axis',(-3.22971102345058E-5,-0.97715604408498,-0.212523091604391));
#6475=DIRECTION('center_axis',(-0.999999999453778,3.3052152121366E-5,7.13978177916387E-15));
#6476=DIRECTION('ref_axis',(3.22971102345678E-5,0.977156044084981,0.21252309160439));
#6477=DIRECTION('',(-0.999999999453778,3.30521521213055E-5,7.12661503670634E-15));
#6478=DIRECTION('center_axis',(-0.89442404912853,0.0950727786148354,-0.436997468078454));
#6479=DIRECTION('ref_axis',(-0.447219878021339,-0.190071650370707,0.873994936156917));
#6480=DIRECTION('center_axis',(-7.02434554603467E-6,-0.212523091488307,
0.977156044618725));
#6481=DIRECTION('ref_axis',(-3.22971102345058E-5,-0.97715604408498,-0.212523091604391));
#6482=DIRECTION('',(-3.22971102344972E-5,-0.97715604408498,-0.212523091604391));
#6483=DIRECTION('center_axis',(7.02434554603467E-6,0.212523091488307,-0.977156044618725));
#6484=DIRECTION('ref_axis',(-3.22971102345058E-5,-0.97715604408498,-0.212523091604391));
#6485=DIRECTION('',(-0.999999999453778,3.30521521213055E-5,7.12661503670634E-15));
#6486=DIRECTION('center_axis',(7.02434554603467E-6,0.212523091488307,-0.977156044618725));
#6487=DIRECTION('ref_axis',(-3.22971102345058E-5,-0.97715604408498,-0.212523091604391));
#6488=DIRECTION('',(3.22971102345058E-5,0.97715604408498,0.212523091604391));
#6489=DIRECTION('',(3.22971102345678E-5,0.97715604408498,0.212523091604391));
#6490=DIRECTION('center_axis',(-7.02434554603467E-6,-0.212523091488307,
0.977156044618725));
#6491=DIRECTION('ref_axis',(-3.22971102345058E-5,-0.97715604408498,-0.212523091604391));
#6492=DIRECTION('',(-3.22971102345058E-5,-0.97715604408498,-0.212523091604391));
#6493=DIRECTION('center_axis',(-3.22971102345058E-5,-0.97715604408498,-0.212523091604391));
#6494=DIRECTION('ref_axis',(0.999999999453778,-3.30521521213055E-5,-7.12661503660959E-15));
#6495=DIRECTION('',(-7.02434554603466E-6,-0.212523091488306,0.977156044618725));
#6496=DIRECTION('',(-0.999999999453778,3.30521521213055E-5,7.12661503670634E-15));
#6497=DIRECTION('',(7.02434554603466E-6,0.212523091488306,-0.977156044618725));
#6498=DIRECTION('center_axis',(7.02434554603467E-6,0.212523091488307,-0.977156044618725));
#6499=DIRECTION('ref_axis',(-0.999999999453778,3.30521521213055E-5,7.12661503660959E-15));
#6500=DIRECTION('center_axis',(-7.02434554603467E-6,-0.212523091488307,
0.977156044618725));
#6501=DIRECTION('ref_axis',(-0.999999999453778,3.30521521213055E-5,7.12661503651534E-15));
#6502=DIRECTION('',(3.22971102344972E-5,0.97715604408498,0.212523091604391));
#6503=DIRECTION('',(-3.22971102345058E-5,-0.97715604408498,-0.212523091604391));
#6504=DIRECTION('center_axis',(-7.02434554603467E-6,-0.212523091488307,
0.977156044618725));
#6505=DIRECTION('ref_axis',(-0.999999999453778,3.30521521213055E-5,7.12661503660959E-15));
#6506=DIRECTION('',(3.22971102345678E-5,0.97715604408498,0.212523091604391));
#6507=DIRECTION('',(-0.999999999453778,3.30521521213055E-5,7.12661503670634E-15));
#6508=DIRECTION('',(-3.22971102345058E-5,-0.97715604408498,-0.212523091604391));
#6509=DIRECTION('center_axis',(-7.02434554603467E-6,-0.212523091488307,
0.977156044618725));
#6510=DIRECTION('ref_axis',(-0.999999999453778,3.30521521213055E-5,7.12661503651534E-15));
#6511=DIRECTION('center_axis',(-0.999999999453778,3.30521521213055E-5,7.12661503644376E-15));
#6512=DIRECTION('ref_axis',(-3.22971102345058E-5,-0.97715604408498,-0.212523091604391));
#6513=DIRECTION('center_axis',(0.999999999453778,-3.3052152121366E-5,-7.13978177916387E-15));
#6514=DIRECTION('ref_axis',(3.22971102345678E-5,0.97715604408498,0.212523091604391));
#6515=DIRECTION('',(-0.999999999453778,3.30521521213055E-5,7.12661503670634E-15));
#6516=DIRECTION('center_axis',(0.894424049128529,-0.0950727786148496,0.436997468078454));
#6517=DIRECTION('ref_axis',(0.447219878021342,0.190071650372589,-0.873994936156507));
#6518=DIRECTION('center_axis',(0.999999999453778,-3.30521521377473E-5,6.03085373789288E-14));
#6519=DIRECTION('ref_axis',(-7.02434561542361E-6,-0.212523091488307,0.977156044618725));
#6520=DIRECTION('center_axis',(3.22971102345058E-5,0.97715604408498,0.212523091604391));
#6521=DIRECTION('ref_axis',(-0.999999999453778,3.30521521213055E-5,7.12661503660959E-15));
#6522=DIRECTION('center_axis',(-3.22971102345058E-5,-0.97715604408498,-0.212523091604391));
#6523=DIRECTION('ref_axis',(-0.999999999453778,3.30521521213055E-5,7.12661503660959E-15));
#6524=DIRECTION('',(0.999999999453778,-3.30521521212119E-5,-7.10627316639356E-15));
#6525=DIRECTION('center_axis',(-3.22971102345058E-5,-0.97715604408498,-0.212523091604391));
#6526=DIRECTION('ref_axis',(-0.999999999453778,3.3052152124324E-5,-6.75197961762193E-15));
#6527=DIRECTION('',(0.999999999453778,-3.30521521213055E-5,-7.12661503670634E-15));
#6528=DIRECTION('',(-7.02434554603466E-6,-0.212523091488306,0.977156044618725));
#6529=DIRECTION('',(7.02434554603466E-6,0.212523091488306,-0.977156044618725));
#6530=DIRECTION('',(-0.999999999453778,3.30521521213055E-5,7.12661503670634E-15));
#6531=DIRECTION('center_axis',(-0.999999999453778,3.30521521213055E-5,7.12661503644376E-15));
#6532=DIRECTION('ref_axis',(-3.22971102345058E-5,-0.97715604408498,-0.212523091604391));
#6533=DIRECTION('center_axis',(-0.999999999453778,3.30521521213055E-5,7.12661503644376E-15));
#6534=DIRECTION('ref_axis',(3.22971102345058E-5,0.97715604408498,0.212523091604391));
#6535=DIRECTION('',(3.22971102345058E-5,0.977156044084981,0.212523091604388));
#6536=DIRECTION('center_axis',(0.999999999453778,-3.30521521212971E-5,-7.1247863221799E-15));
#6537=DIRECTION('ref_axis',(3.22971102344972E-5,0.97715604408498,0.212523091604391));
#6538=DIRECTION('',(7.02434554603466E-6,0.212523091488306,-0.977156044618725));
#6539=DIRECTION('',(3.22971102362405E-5,0.97715604408498,0.212523091604391));
#6540=DIRECTION('center_axis',(-0.999999999453778,3.30521521213055E-5,7.12661503644376E-15));
#6541=DIRECTION('ref_axis',(-3.22971102345058E-5,-0.97715604408498,-0.212523091604391));
#6542=DIRECTION('',(-7.02434554603466E-6,-0.212523091488306,0.977156044618725));
#6543=DIRECTION('',(3.22971102362405E-5,0.97715604408498,0.212523091604391));
#6544=DIRECTION('center_axis',(-0.894424049128532,0.0950727786148321,-0.436997468078451));
#6545=DIRECTION('ref_axis',(-0.447219878021336,-0.190071650370714,0.873994936156918));
#6546=DIRECTION('',(3.22971102345058E-5,0.97715604408498,0.212523091604394));
#6547=DIRECTION('center_axis',(0.894430331894188,0.095013653127672,-0.436997468078463));
#6548=DIRECTION('ref_axis',(-0.447207312490023,0.190101213114293,-0.873994936156912));
#6549=DIRECTION('',(-3.22971102345058E-5,-0.977156044084981,-0.212523091604388));
#6550=DIRECTION('center_axis',(-0.999999999453778,3.30521521213055E-5,7.12661503644376E-15));
#6551=DIRECTION('ref_axis',(-3.22971102345058E-5,-0.97715604408498,-0.212523091604391));
#6552=DIRECTION('center_axis',(0.999999999453778,-3.30521521213055E-5,-7.12661503644376E-15));
#6553=DIRECTION('ref_axis',(-3.22971102345058E-5,-0.97715604408498,-0.212523091604391));
#6554=DIRECTION('center_axis',(-0.999999999453778,3.30521521213055E-5,7.12661503644376E-15));
#6555=DIRECTION('ref_axis',(-3.22971102345058E-5,-0.97715604408498,-0.212523091604391));
#6556=DIRECTION('center_axis',(0.999999999453778,-3.30521521213055E-5,-7.12661503644376E-15));
#6557=DIRECTION('ref_axis',(3.22971102345058E-5,0.97715604408498,0.212523091604391));
#6558=DIRECTION('center_axis',(-0.999999999453778,3.30521521213055E-5,7.12661503644376E-15));
#6559=DIRECTION('ref_axis',(3.22971102345058E-5,0.97715604408498,0.212523091604391));
#6560=DIRECTION('center_axis',(0.999999999453778,-3.30521521213055E-5,-7.12661503644376E-15));
#6561=DIRECTION('ref_axis',(3.22971102345058E-5,0.97715604408498,0.212523091604391));
#6562=DIRECTION('center_axis',(3.22971102345058E-5,0.97715604408498,0.212523091604395));
#6563=DIRECTION('ref_axis',(-7.02434554603479E-6,-0.21252309148831,0.977156044618724));
#6564=DIRECTION('center_axis',(-3.22971102345058E-5,-0.977156044084981,
-0.212523091604388));
#6565=DIRECTION('ref_axis',(7.02434554603456E-6,0.212523091488303,-0.977156044618726));
#6566=DIRECTION('center_axis',(-7.02434554603467E-6,-0.212523091488307,
0.977156044618725));
#6567=DIRECTION('ref_axis',(0.999999999453778,-3.30521521213055E-5,-7.12661503660959E-15));
#6568=DIRECTION('',(-7.02434554603466E-6,-0.212523091488306,0.977156044618725));
#6569=DIRECTION('',(-7.02434554603466E-6,-0.212523091488306,0.977156044618725));
#6570=DIRECTION('center_axis',(-0.999999999453778,3.30521521213055E-5,7.12661503644376E-15));
#6571=DIRECTION('ref_axis',(-3.22971102345058E-5,-0.97715604408498,-0.212523091604391));
#6572=DIRECTION('',(-3.22971102345058E-5,-0.97715604408498,-0.212523091604391));
#6573=DIRECTION('center_axis',(0.999999999453778,-3.3052152121366E-5,-7.13978177916387E-15));
#6574=DIRECTION('ref_axis',(3.22971102345678E-5,0.97715604408498,0.212523091604391));
#6575=DIRECTION('',(3.22971102345678E-5,0.97715604408498,0.212523091604391));
#6576=DIRECTION('center_axis',(7.02434554603467E-6,0.212523091488307,-0.977156044618725));
#6577=DIRECTION('ref_axis',(-0.999999999453778,3.30521521213055E-5,7.12661503660959E-15));
#6578=DIRECTION('center_axis',(-7.02434554603467E-6,-0.212523091488307,
0.977156044618725));
#6579=DIRECTION('ref_axis',(0.999999999453778,-3.30521521213055E-5,-7.12661503651534E-15));
#6580=DIRECTION('center_axis',(-7.02434554603467E-6,-0.212523091488307,
0.977156044618725));
#6581=DIRECTION('ref_axis',(0.999999999453778,-3.30521521213055E-5,-7.12661503651534E-15));
#6582=DIRECTION('axis',(0.,0.,1.));
#6583=DIRECTION('refdir',(1.,0.,0.));
#6584=DIRECTION('center_axis',(-6.0021965946212E-15,7.4611269204311E-15,
-1.));
#6585=DIRECTION('ref_axis',(7.19252457576379E-15,-1.,-7.46112692043114E-15));
#6586=DIRECTION('',(-1.,-7.19252457576383E-15,6.00219659462115E-15));
#6587=DIRECTION('',(7.19252457576379E-15,-1.,-7.46112692043114E-15));
#6588=DIRECTION('',(1.,7.19252457576383E-15,-6.00219659462115E-15));
#6589=DIRECTION('',(-7.19252457576379E-15,1.,7.46112692043114E-15));
#6590=DIRECTION('center_axis',(-7.19252457576379E-15,1.,7.19252457576377E-15));
#6591=DIRECTION('ref_axis',(1.,7.19252457576383E-15,-6.00219659462115E-15));
#6592=DIRECTION('',(6.0021965946212E-15,-7.19252457576372E-15,1.));
#6593=DIRECTION('',(-1.,-7.19252457576383E-15,6.00219659462115E-15));
#6594=DIRECTION('',(-6.0021965946212E-15,7.19252457576372E-15,-1.));
#6595=DIRECTION('center_axis',(1.,7.19252457576383E-15,-6.00219659462115E-15));
#6596=DIRECTION('ref_axis',(7.19252457576379E-15,-1.,-7.19252457576377E-15));
#6597=DIRECTION('',(-6.0021965946212E-15,7.19252457576372E-15,-1.));
#6598=DIRECTION('center_axis',(-1.,-7.19252457576383E-15,6.00219659462115E-15));
#6599=DIRECTION('ref_axis',(-2.67593147608525E-15,0.833333333333329,0.552770798392573));
#6600=DIRECTION('',(-6.0021965946212E-15,7.19252457576372E-15,-1.));
#6601=DIRECTION('center_axis',(1.,7.19252457576383E-15,-6.00219659462115E-15));
#6602=DIRECTION('ref_axis',(-9.36447330919446E-15,0.750000000000006,-0.66143782776614));
#6603=DIRECTION('',(6.0021965946212E-15,-7.19252457576372E-15,1.));
#6604=DIRECTION('center_axis',(-1.,-7.19252457576383E-15,6.00219659462115E-15));
#6605=DIRECTION('ref_axis',(2.67593147608525E-15,-0.833333333333329,-0.552770798392572));
#6606=DIRECTION('center_axis',(1.,7.19252457576383E-15,-6.00219659462115E-15));
#6607=DIRECTION('ref_axis',(-9.36447330919446E-15,0.750000000000006,-0.66143782776614));
#6608=DIRECTION('',(1.,7.19252457576383E-15,-6.00219659462115E-15));
#6609=DIRECTION('center_axis',(-1.,-7.19252457576383E-15,6.00219659462115E-15));
#6610=DIRECTION('ref_axis',(-9.36447330919446E-15,0.750000000000006,-0.66143782776614));
#6611=DIRECTION('',(-1.,-7.19252457576383E-15,6.00219659462115E-15));
#6612=DIRECTION('center_axis',(1.,7.19252457576383E-15,-6.00219659462115E-15));
#6613=DIRECTION('ref_axis',(-2.67593147608525E-15,0.833333333333329,0.552770798392573));
#6614=DIRECTION('center_axis',(1.,7.19252457576383E-15,-6.00219659462115E-15));
#6615=DIRECTION('ref_axis',(-2.67593147608525E-15,0.833333333333329,0.552770798392573));
#6616=DIRECTION('',(-1.,-7.19252457576383E-15,6.00219659462115E-15));
#6617=DIRECTION('',(1.,7.19252457576383E-15,-6.00219659462115E-15));
#6618=DIRECTION('center_axis',(1.,7.19252457576383E-15,-6.00219659462115E-15));
#6619=DIRECTION('ref_axis',(2.67593147608525E-15,-0.833333333333329,-0.552770798392572));
#6620=DIRECTION('center_axis',(1.,7.19252457576383E-15,-6.00219659462115E-15));
#6621=DIRECTION('ref_axis',(2.67593147608525E-15,-0.833333333333329,-0.552770798392572));
#6622=DIRECTION('',(1.,7.19252457576383E-15,-6.00219659462115E-15));
#6623=DIRECTION('center_axis',(7.19252457576379E-15,-1.,-7.19252457576377E-15));
#6624=DIRECTION('ref_axis',(-1.,-7.19252457576383E-15,6.00219659462115E-15));
#6625=DIRECTION('',(6.0021965946212E-15,-7.17558391681864E-15,1.));
#6626=DIRECTION('center_axis',(-7.19252457576379E-15,1.,7.19252457576377E-15));
#6627=DIRECTION('ref_axis',(1.,7.19252457576383E-15,-6.00219659462115E-15));
#6628=DIRECTION('',(-6.0021965946212E-15,7.19252457576372E-15,-1.));
#6629=DIRECTION('center_axis',(-1.,-7.19252457576383E-15,6.00219659462115E-15));
#6630=DIRECTION('ref_axis',(-7.19252457576379E-15,1.,7.19252457576377E-15));
#6631=DIRECTION('',(6.0021965946212E-15,-7.17558391681864E-15,1.));
#6632=DIRECTION('center_axis',(7.19252457576379E-15,-1.,-7.19252457576377E-15));
#6633=DIRECTION('ref_axis',(-1.,-7.19252457576383E-15,6.00219659462115E-15));
#6634=DIRECTION('center_axis',(-6.0021965946212E-15,7.19252457576372E-15,
-1.));
#6635=DIRECTION('ref_axis',(7.19252457576379E-15,-1.,-7.19252457576377E-15));
#6636=DIRECTION('',(-1.,-7.19252457576383E-15,6.00219659462115E-15));
#6637=DIRECTION('',(7.19252457576379E-15,-1.,-7.19252457576377E-15));
#6638=DIRECTION('',(1.,7.19252457576383E-15,-6.00219659462115E-15));
#6639=DIRECTION('',(-7.19252457576379E-15,1.,7.19252457576377E-15));
#6640=DIRECTION('center_axis',(-7.19252457576379E-15,1.,7.19252457576377E-15));
#6641=DIRECTION('ref_axis',(1.,7.19252457576383E-15,-6.00219659462115E-15));
#6642=DIRECTION('',(6.0021965946212E-15,-7.19252457576372E-15,1.));
#6643=DIRECTION('',(-1.,-7.19252457576383E-15,6.00219659462115E-15));
#6644=DIRECTION('',(-6.0021965946212E-15,7.19252457576372E-15,-1.));
#6645=DIRECTION('center_axis',(1.,7.19252457576383E-15,-6.00219659462115E-15));
#6646=DIRECTION('ref_axis',(7.19252457576379E-15,-1.,-7.19252457576377E-15));
#6647=DIRECTION('',(-6.0021965946212E-15,7.19252457576372E-15,-1.));
#6648=DIRECTION('center_axis',(-1.,-7.19252457576383E-15,6.00219659462115E-15));
#6649=DIRECTION('ref_axis',(-2.67593147608525E-15,0.833333333333329,0.552770798392573));
#6650=DIRECTION('',(-6.0021965946212E-15,7.19252457576372E-15,-1.));
#6651=DIRECTION('center_axis',(1.,7.19252457576383E-15,-6.00219659462115E-15));
#6652=DIRECTION('ref_axis',(-9.36447330919446E-15,0.750000000000006,-0.66143782776614));
#6653=DIRECTION('',(6.0021965946212E-15,-7.19252457576372E-15,1.));
#6654=DIRECTION('center_axis',(-1.,-7.19252457576383E-15,6.00219659462115E-15));
#6655=DIRECTION('ref_axis',(2.67593147608525E-15,-0.833333333333329,-0.552770798392572));
#6656=DIRECTION('center_axis',(1.,7.19252457576383E-15,-6.00219659462115E-15));
#6657=DIRECTION('ref_axis',(-9.36447330919446E-15,0.750000000000006,-0.66143782776614));
#6658=DIRECTION('',(1.,7.19252457576383E-15,-6.00219659462115E-15));
#6659=DIRECTION('center_axis',(-1.,-7.19252457576383E-15,6.00219659462115E-15));
#6660=DIRECTION('ref_axis',(-9.36447330919446E-15,0.750000000000006,-0.66143782776614));
#6661=DIRECTION('',(-1.,-7.19252457576383E-15,6.00219659462115E-15));
#6662=DIRECTION('center_axis',(1.,7.19252457576383E-15,-6.00219659462115E-15));
#6663=DIRECTION('ref_axis',(-2.67593147608525E-15,0.833333333333329,0.552770798392573));
#6664=DIRECTION('center_axis',(1.,7.19252457576383E-15,-6.00219659462115E-15));
#6665=DIRECTION('ref_axis',(-2.67593147608525E-15,0.833333333333329,0.552770798392573));
#6666=DIRECTION('',(-1.,-7.19252457576383E-15,6.00219659462115E-15));
#6667=DIRECTION('',(1.,7.19252457576383E-15,-6.00219659462115E-15));
#6668=DIRECTION('center_axis',(1.,7.19252457576383E-15,-6.00219659462115E-15));
#6669=DIRECTION('ref_axis',(2.67593147608525E-15,-0.833333333333329,-0.552770798392572));
#6670=DIRECTION('center_axis',(1.,7.19252457576383E-15,-6.00219659462115E-15));
#6671=DIRECTION('ref_axis',(2.67593147608525E-15,-0.833333333333329,-0.552770798392572));
#6672=DIRECTION('',(1.,7.19252457576383E-15,-6.00219659462115E-15));
#6673=DIRECTION('center_axis',(7.19252457576379E-15,-1.,-7.19252457576377E-15));
#6674=DIRECTION('ref_axis',(-1.,-7.19252457576383E-15,6.00219659462115E-15));
#6675=DIRECTION('',(6.0021965946212E-15,-7.17558391681864E-15,1.));
#6676=DIRECTION('center_axis',(-7.19252457576379E-15,1.,7.19252457576377E-15));
#6677=DIRECTION('ref_axis',(1.,7.19252457576383E-15,-6.00219659462115E-15));
#6678=DIRECTION('',(-6.0021965946212E-15,7.19252457576372E-15,-1.));
#6679=DIRECTION('center_axis',(-1.,-7.19252457576383E-15,6.00219659462115E-15));
#6680=DIRECTION('ref_axis',(-7.19252457576379E-15,1.,7.19252457576377E-15));
#6681=DIRECTION('',(6.0021965946212E-15,-7.17558391681864E-15,1.));
#6682=DIRECTION('center_axis',(7.19252457576379E-15,-1.,-7.19252457576377E-15));
#6683=DIRECTION('ref_axis',(-1.,-7.19252457576383E-15,6.00219659462115E-15));
#6684=DIRECTION('center_axis',(7.19252457576379E-15,-1.,-7.19252457576377E-15));
#6685=DIRECTION('ref_axis',(-1.,-7.19252457576383E-15,6.00219659462115E-15));
#6686=DIRECTION('',(1.,7.19252457576383E-15,-6.00219659462115E-15));
#6687=DIRECTION('',(-6.0021965946212E-15,7.19252457576372E-15,-1.));
#6688=DIRECTION('',(-1.,-7.19252457576383E-15,6.00219659462115E-15));
#6689=DIRECTION('',(6.0021965946212E-15,-7.17558391681864E-15,1.));
#6690=DIRECTION('center_axis',(-7.19252457576379E-15,1.,7.19252457576377E-15));
#6691=DIRECTION('ref_axis',(1.,7.19252457576383E-15,-6.00219659462115E-15));
#6692=DIRECTION('',(-1.,-7.19252457576383E-15,6.00219659462115E-15));
#6693=DIRECTION('',(-6.0021965946212E-15,7.19252457576372E-15,-1.));
#6694=DIRECTION('',(1.,7.19252457576383E-15,-6.00219659462115E-15));
#6695=DIRECTION('',(6.0021965946212E-15,-7.19252457576372E-15,1.));
#6696=DIRECTION('center_axis',(1.,7.19252457576383E-15,-6.00219659462115E-15));
#6697=DIRECTION('ref_axis',(2.67593147608525E-15,-0.833333333333329,-0.552770798392572));
#6698=DIRECTION('center_axis',(1.,7.19252457576383E-15,-6.00219659462115E-15));
#6699=DIRECTION('ref_axis',(2.67593147608525E-15,-0.833333333333329,-0.552770798392572));
#6700=DIRECTION('',(-1.,-7.19252457576383E-15,6.00219659462115E-15));
#6701=DIRECTION('center_axis',(-1.,-7.19252457576383E-15,6.00219659462115E-15));
#6702=DIRECTION('ref_axis',(2.67593147608525E-15,-0.833333333333329,-0.552770798392572));
#6703=DIRECTION('center_axis',(1.,7.19252457576383E-15,-6.00219659462115E-15));
#6704=DIRECTION('ref_axis',(-2.67593147608525E-15,0.833333333333329,0.552770798392573));
#6705=DIRECTION('center_axis',(1.,7.19252457576383E-15,-6.00219659462115E-15));
#6706=DIRECTION('ref_axis',(-2.67593147608525E-15,0.833333333333329,0.552770798392573));
#6707=DIRECTION('center_axis',(-1.,-7.19252457576383E-15,6.00219659462115E-15));
#6708=DIRECTION('ref_axis',(-2.67593147608525E-15,0.833333333333329,0.552770798392573));
#6709=DIRECTION('',(1.,7.19252457576383E-15,-6.00219659462115E-15));
#6710=DIRECTION('center_axis',(1.,7.19252457576383E-15,-6.00219659462115E-15));
#6711=DIRECTION('ref_axis',(-9.36447330919446E-15,0.750000000000006,-0.66143782776614));
#6712=DIRECTION('center_axis',(1.,7.19252457576383E-15,-6.00219659462115E-15));
#6713=DIRECTION('ref_axis',(-9.36447330919446E-15,0.750000000000006,-0.66143782776614));
#6714=DIRECTION('center_axis',(-1.,-7.19252457576383E-15,6.00219659462115E-15));
#6715=DIRECTION('ref_axis',(-9.36447330919446E-15,0.750000000000006,-0.66143782776614));
#6716=DIRECTION('center_axis',(-1.,-7.19252457576383E-15,6.00219659462115E-15));
#6717=DIRECTION('ref_axis',(-7.19252457576379E-15,1.,7.19252457576377E-15));
#6718=DIRECTION('',(6.0021965946212E-15,-7.17558391681864E-15,1.));
#6719=DIRECTION('',(-7.19252457576379E-15,1.,7.45686339115071E-15));
#6720=DIRECTION('',(-6.0021965946212E-15,7.19252457576372E-15,-1.));
#6721=DIRECTION('center_axis',(-7.19252457576379E-15,1.,7.19252457576377E-15));
#6722=DIRECTION('ref_axis',(1.,7.19252457576383E-15,-6.00219659462115E-15));
#6723=DIRECTION('',(1.,7.19252457576383E-15,-6.00219659462115E-15));
#6724=DIRECTION('',(6.0021965946212E-15,-7.19252457576372E-15,1.));
#6725=DIRECTION('center_axis',(7.19252457576379E-15,-1.,-7.19252457576377E-15));
#6726=DIRECTION('ref_axis',(-1.,-7.19252457576383E-15,6.00219659462115E-15));
#6727=DIRECTION('',(-6.0021965946212E-15,7.19252457576372E-15,-1.));
#6728=DIRECTION('',(-1.,-7.19252457576383E-15,6.00219659462115E-15));
#6729=DIRECTION('center_axis',(1.,7.19252457576383E-15,-6.00219659462115E-15));
#6730=DIRECTION('ref_axis',(7.19252457576379E-15,-1.,-7.19252457576377E-15));
#6731=DIRECTION('',(7.19252457576379E-15,-1.,-7.45686339115071E-15));
#6732=DIRECTION('center_axis',(-6.0021965946212E-15,7.45686339115066E-15,
-1.));
#6733=DIRECTION('ref_axis',(7.19252457576379E-15,-1.,-7.45686339115071E-15));
#6734=DIRECTION('axis',(0.,0.,1.));
#6735=DIRECTION('refdir',(1.,0.,0.));
#6736=DIRECTION('center_axis',(-2.22044604925012E-16,1.,7.54105015612387E-15));
#6737=DIRECTION('ref_axis',(-1.,-2.22044604925062E-16,6.62195439047875E-15));
#6738=DIRECTION('',(1.,2.22044604925062E-16,-6.62195439047875E-15));
#6739=DIRECTION('',(6.62195439047875E-15,-7.54105015612387E-15,1.));
#6740=DIRECTION('',(-1.,-2.22044604925062E-16,6.62195439047875E-15));
#6741=DIRECTION('',(6.62195439047875E-15,-7.54105015612387E-15,1.));
#6742=DIRECTION('center_axis',(1.,2.22044604925062E-16,-6.62195439047875E-15));
#6743=DIRECTION('ref_axis',(-2.22044604925012E-16,1.,7.54105015612387E-15));
#6744=DIRECTION('',(2.22044604925012E-16,-1.,-7.54105015612387E-15));
#6745=DIRECTION('',(-2.22044604925012E-16,1.,7.54105015612387E-15));
#6746=DIRECTION('',(6.62195439047875E-15,-7.54105015612387E-15,1.));
#6747=DIRECTION('center_axis',(2.22044604925012E-16,-1.,-7.54105015612387E-15));
#6748=DIRECTION('ref_axis',(1.,2.22044604925062E-16,-6.62195439047875E-15));
#6749=DIRECTION('',(-1.,-2.22044604925062E-16,6.62195439047875E-15));
#6750=DIRECTION('',(1.,2.22044604925062E-16,-6.62195439047875E-15));
#6751=DIRECTION('',(6.62195439047875E-15,-7.54105015612387E-15,1.));
#6752=DIRECTION('center_axis',(-1.,-2.22044604925062E-16,6.62195439047875E-15));
#6753=DIRECTION('ref_axis',(2.22044604925012E-16,-1.,-7.54105015612387E-15));
#6754=DIRECTION('',(-2.22044604925012E-16,1.,7.54105015612387E-15));
#6755=DIRECTION('',(2.22044604925012E-16,-1.,-7.54105015612387E-15));
#6756=DIRECTION('center_axis',(6.62195439047875E-15,-7.54105015612387E-15,
1.));
#6757=DIRECTION('ref_axis',(1.,2.22044604925062E-16,-6.62195439047875E-15));
#6758=DIRECTION('',(-2.22044604925012E-16,1.,7.54105015612387E-15));
#6759=DIRECTION('',(1.,2.22044604925062E-16,-6.62195439047875E-15));
#6760=DIRECTION('',(2.22044604925012E-16,-1.,-7.54105015612387E-15));
#6761=DIRECTION('',(-1.,-2.22044604925062E-16,6.62195439047875E-15));
#6762=DIRECTION('center_axis',(-2.22044604925012E-16,1.,7.54105015612387E-15));
#6763=DIRECTION('ref_axis',(1.,2.22044604925062E-16,-6.62195439047875E-15));
#6764=DIRECTION('',(-6.62195439047875E-15,7.54105015612387E-15,-1.));
#6765=DIRECTION('',(-1.,-2.22044604925062E-16,6.62195439047875E-15));
#6766=DIRECTION('',(-6.62195439047875E-15,7.54105015612387E-15,-1.));
#6767=DIRECTION('center_axis',(-1.,-2.22044604925062E-16,6.62195439047875E-15));
#6768=DIRECTION('ref_axis',(2.22044604925012E-16,-1.,-7.54105015612387E-15));
#6769=DIRECTION('',(-6.62195439047875E-15,7.54105015612387E-15,-1.));
#6770=DIRECTION('center_axis',(1.,2.22044604925062E-16,-6.62195439047875E-15));
#6771=DIRECTION('ref_axis',(2.22044604925012E-16,-1.,-7.54105015612388E-15));
#6772=DIRECTION('center_axis',(2.22044604925012E-16,-1.,-7.54105015612387E-15));
#6773=DIRECTION('ref_axis',(-1.,-2.22044604925062E-16,6.62195439047875E-15));
#6774=DIRECTION('',(-6.62195439047875E-15,7.54105015612387E-15,-1.));
#6775=DIRECTION('',(-1.,-2.22044604925062E-16,6.62195439047875E-15));
#6776=DIRECTION('center_axis',(-6.62195439047875E-15,7.54105015612387E-15,
-1.));
#6777=DIRECTION('ref_axis',(-1.,-2.22044604925062E-16,6.62195439047875E-15));
#6778=DIRECTION('center_axis',(-1.,-2.22044604925062E-16,6.62195439047875E-15));
#6779=DIRECTION('ref_axis',(2.22044604925012E-16,-1.,-7.54105015612388E-15));
#6780=DIRECTION('center_axis',(1.,2.22044604925062E-16,-6.62195439047875E-15));
#6781=DIRECTION('ref_axis',(2.22044604925012E-16,-1.,-7.54105015612388E-15));
#6782=DIRECTION('center_axis',(-1.,-2.22044604925062E-16,6.62195439047875E-15));
#6783=DIRECTION('ref_axis',(2.22044604925012E-16,-1.,-7.54105015612387E-15));
#6784=DIRECTION('',(3.33066907387548E-16,3.60822483003182E-16,1.00000000000001));
#6785=DIRECTION('',(0.999999999999999,4.21884749357557E-15,1.33226762955019E-15));
#6786=DIRECTION('',(-1.70124358200485E-15,7.09348065151669E-16,1.));
#6787=DIRECTION('',(0.999999999453778,3.30521521256233E-5,1.70122013559543E-15));
#6788=DIRECTION('',(3.33066907387548E-16,3.60822483003182E-16,1.00000000000001));
#6789=DIRECTION('',(0.999999999999999,4.21884749357557E-15,1.33226762955019E-15));
#6790=DIRECTION('',(-2.99760216648791E-15,3.60822483003184E-16,1.));
#6791=DIRECTION('',(1.,4.2188474935756E-15,2.99760216648791E-15));
#6792=DIRECTION('center_axis',(0.,0.,1.));
#6793=DIRECTION('ref_axis',(1.,0.,0.));
#6794=CARTESIAN_POINT('',(0.,0.,0.));
#6795=CARTESIAN_POINT('',(0.,0.,0.));
#6796=CARTESIAN_POINT('Origin',(2.88484218298322,-0.412021890084741,1.08014919580508));
#6797=CARTESIAN_POINT('',(2.88484218298322,-1.03150764087915,0.683396875575069));
#6798=CARTESIAN_POINT('',(2.88484218298322,-1.18035742620706,0.683396875575067));
#6799=CARTESIAN_POINT('',(2.88484218298322,-0.721764765481938,0.683396875575071));
#6800=CARTESIAN_POINT('',(2.88484218298323,-1.03150764087915,1.20085281105328));
#6801=CARTESIAN_POINT('',(2.88484218298322,-1.03150764087915,1.14050100342918));
#6802=CARTESIAN_POINT('',(2.88484218298322,-0.711615919868938,0.683396875575071));
#6803=CARTESIAN_POINT('',(2.88484218298322,-0.758924089016338,0.759922435050699));
#6804=CARTESIAN_POINT('',(2.88484218298322,-0.550858169596188,0.683396875575072));
#6805=CARTESIAN_POINT('',(2.88484218298322,-0.481440029840458,0.683396875575072));
#6806=CARTESIAN_POINT('',(2.88484218298322,-0.550858169596194,1.47690151603509));
#6807=CARTESIAN_POINT('',(2.88484218298322,-0.550858169596192,1.27852535592008));
#6808=CARTESIAN_POINT('',(2.88484218298322,-0.699707954924104,1.47690151603509));
#6809=CARTESIAN_POINT('',(2.88484218298322,-0.555864922504424,1.47690151603509));
#6810=CARTESIAN_POINT('',(2.88484218298322,-0.6997079549241,0.946996330931669));
#6811=CARTESIAN_POINT('',(2.88484218298322,-0.699707954924101,1.01357276336837));
#6812=CARTESIAN_POINT('',(2.88484218298323,-1.024471089046,1.47690151603508));
#6813=CARTESIAN_POINT('',(2.88484218298322,-0.852474761249542,1.19626083874724));
#6814=CARTESIAN_POINT('',(2.88484218298323,-1.18035742620706,1.47690151603508));
#6815=CARTESIAN_POINT('',(2.88484218298322,-0.796189658145904,1.47690151603508));
#6816=CARTESIAN_POINT('',(2.88484218298322,-1.18035742620706,0.88177303569007));
#6817=CARTESIAN_POINT('Origin',(2.88484218298322,-0.412021890084741,1.08014919580508));
#6818=CARTESIAN_POINT('',(2.88484218298322,-0.308909654419419,0.777848854377755));
#6819=CARTESIAN_POINT('',(2.88484218298322,-0.413375139038561,1.07527774544049));
#6820=CARTESIAN_POINT('Ctrl Pts',(2.88484218298322,-0.308909654419419,0.777848854377755));
#6821=CARTESIAN_POINT('Ctrl Pts',(2.88484218298322,-0.339344802735249,0.819052219255749));
#6822=CARTESIAN_POINT('Ctrl Pts',(2.88484218298322,-0.404407095235175,0.907134108979216));
#6823=CARTESIAN_POINT('Ctrl Pts',(2.88484218298322,-0.410260087372521,1.01687302236199));
#6824=CARTESIAN_POINT('Ctrl Pts',(2.88484218298322,-0.413375139038561,1.07527774544049));
#6825=CARTESIAN_POINT('',(2.88484218298322,-0.0274481771397483,0.669865056589137));
#6826=CARTESIAN_POINT('Ctrl Pts',(2.88484218298322,-0.0274481771397483,
0.669865056589137));
#6827=CARTESIAN_POINT('Ctrl Pts',(2.88484218298322,-0.0825306627383182,
0.673474209748729));
#6828=CARTESIAN_POINT('Ctrl Pts',(2.88484218298322,-0.187839029484078,0.68037429823315));
#6829=CARTESIAN_POINT('Ctrl Pts',(2.88484218298322,-0.269812935202929,0.746371893270366));
#6830=CARTESIAN_POINT('Ctrl Pts',(2.88484218298322,-0.308909654419419,0.777848854377755));
#6831=CARTESIAN_POINT('',(2.88484218298321,0.251848161418441,0.778390139058125));
#6832=CARTESIAN_POINT('Ctrl Pts',(2.88484218298321,0.251848161418441,0.778390139058125));
#6833=CARTESIAN_POINT('Ctrl Pts',(2.88484218298321,0.212959894223401,0.746752256593174));
#6834=CARTESIAN_POINT('Ctrl Pts',(2.88484218298321,0.131775476586704,0.680703979093622));
#6835=CARTESIAN_POINT('Ctrl Pts',(2.88484218298322,0.027091154163052,0.673577743564987));
#6836=CARTESIAN_POINT('Ctrl Pts',(2.88484218298322,-0.0274481771397483,
0.669865056589137));
#6837=CARTESIAN_POINT('',(2.88484218298322,0.356313646037579,1.07906666369726));
#6838=CARTESIAN_POINT('Ctrl Pts',(2.88484218298322,0.356313646037579,1.07906666369726));
#6839=CARTESIAN_POINT('Ctrl Pts',(2.88484218298321,0.353265171450909,1.01993393081118));
#6840=CARTESIAN_POINT('Ctrl Pts',(2.88484218298321,0.347554097571817,0.909153474361979));
#6841=CARTESIAN_POINT('Ctrl Pts',(2.88484218298321,0.282280034344831,0.819969307115374));
#6842=CARTESIAN_POINT('Ctrl Pts',(2.88484218298321,0.251848161418441,0.778390139058125));
#6843=CARTESIAN_POINT('',(2.88484218298322,0.251036346156597,1.38163764746476));
#6844=CARTESIAN_POINT('Ctrl Pts',(2.88484218298322,0.251036346156597,1.38163764746476));
#6845=CARTESIAN_POINT('Ctrl Pts',(2.88484218298322,0.281703646825917,1.3398706952395));
#6846=CARTESIAN_POINT('Ctrl Pts',(2.88484218298322,0.347551998909411,1.25018934358616));
#6847=CARTESIAN_POINT('Ctrl Pts',(2.88484218298322,0.353262613888348,1.13865600690704));
#6848=CARTESIAN_POINT('Ctrl Pts',(2.88484218298322,0.356313646037579,1.07906666369726));
#6849=CARTESIAN_POINT('',(2.88484218298322,-0.0296133158612244,1.49043333502103));
#6850=CARTESIAN_POINT('Ctrl Pts',(2.88484218298322,-0.0296133158612244,
1.49043333502103));
#6851=CARTESIAN_POINT('Ctrl Pts',(2.88484218298322,0.0251238379169655,1.48669956173073));
#6852=CARTESIAN_POINT('Ctrl Pts',(2.88484218298322,0.130245747710371,1.47952890429024));
#6853=CARTESIAN_POINT('Ctrl Pts',(2.88484218298322,0.211899729086206,1.41335479004207));
#6854=CARTESIAN_POINT('Ctrl Pts',(2.88484218298322,0.251036346156597,1.38163764746476));
#6855=CARTESIAN_POINT('',(2.88484218298322,-0.200655102531904,1.45903956861783));
#6856=CARTESIAN_POINT('Ctrl Pts',(2.88484218298322,-0.200655102531904,1.45903956861783));
#6857=CARTESIAN_POINT('Ctrl Pts',(2.88484218298322,-0.174288131238874,1.46819044557231));
#6858=CARTESIAN_POINT('Ctrl Pts',(2.88484218298322,-0.118923603019765,1.48740516613105));
#6859=CARTESIAN_POINT('Ctrl Pts',(2.88484218298322,-0.0603117052088342,
1.48939247051871));
#6860=CARTESIAN_POINT('Ctrl Pts',(2.88484218298322,-0.0296133158612244,
1.49043333502103));
#6861=CARTESIAN_POINT('',(2.88484218298322,-0.303226202528473,1.38759162993718));
#6862=CARTESIAN_POINT('Ctrl Pts',(2.88484218298322,-0.303226202528473,1.38759162993718));
#6863=CARTESIAN_POINT('Ctrl Pts',(2.88484218298322,-0.287514983906453,1.4024983811035));
#6864=CARTESIAN_POINT('Ctrl Pts',(2.88484218298322,-0.256928366375959,1.4315188605148));
#6865=CARTESIAN_POINT('Ctrl Pts',(2.88484218298322,-0.219067995604654,1.4500346554322));
#6866=CARTESIAN_POINT('Ctrl Pts',(2.88484218298322,-0.200655102531904,1.45903956861783));
#6867=CARTESIAN_POINT('',(2.88484218298322,-0.377109885017873,1.27879601688672));
#6868=CARTESIAN_POINT('Ctrl Pts',(2.88484218298322,-0.377109885017873,1.27879601688672));
#6869=CARTESIAN_POINT('Ctrl Pts',(2.88484218298322,-0.367242042695322,1.29850886429096));
#6870=CARTESIAN_POINT('Ctrl Pts',(2.88484218298322,-0.347446605779161,1.33805392535632));
#6871=CARTESIAN_POINT('Ctrl Pts',(2.88484218298322,-0.317995969067753,1.37104586649393));
#6872=CARTESIAN_POINT('Ctrl Pts',(2.88484218298322,-0.303226202528473,1.38759162993718));
#6873=CARTESIAN_POINT('Ctrl Pts',(2.88484218298322,-0.413375139038561,1.07527774544049));
#6874=CARTESIAN_POINT('Ctrl Pts',(2.88484218298322,-0.412384644769881,1.11282374807958));
#6875=CARTESIAN_POINT('Ctrl Pts',(2.88484218298322,-0.410544594756057,1.18257329117105));
#6876=CARTESIAN_POINT('Ctrl Pts',(2.88484218298322,-0.387670782149583,1.24840250320069));
#6877=CARTESIAN_POINT('Ctrl Pts',(2.88484218298322,-0.377109885017873,1.27879601688672));
#6878=CARTESIAN_POINT('',(2.88484218298322,-0.187664568226332,1.28556192637969));
#6879=CARTESIAN_POINT('',(2.88484218298322,-0.248287111322871,1.08069051773835));
#6880=CARTESIAN_POINT('Ctrl Pts',(2.88484218298322,-0.187664568226332,1.28556192637969));
#6881=CARTESIAN_POINT('Ctrl Pts',(2.88484218298322,-0.205290198946892,1.25795379958328));
#6882=CARTESIAN_POINT('Ctrl Pts',(2.88484218298322,-0.244938332962687,1.19585044972289));
#6883=CARTESIAN_POINT('Ctrl Pts',(2.88484218298322,-0.247091266984502,1.12181397765685));
#6884=CARTESIAN_POINT('Ctrl Pts',(2.88484218298322,-0.248287111322871,1.08069051773835));
#6885=CARTESIAN_POINT('',(2.88484218298322,-0.0279893873143128,1.35349151463796));
#6886=CARTESIAN_POINT('Ctrl Pts',(2.88484218298322,-0.0279893873143128,
1.35349151463796));
#6887=CARTESIAN_POINT('Ctrl Pts',(2.88484218298322,-0.0591485924463231,
1.3509436942579));
#6888=CARTESIAN_POINT('Ctrl Pts',(2.88484218298322,-0.120002297394285,1.34596781926329));
#6889=CARTESIAN_POINT('Ctrl Pts',(2.88484218298322,-0.165475312304502,1.30537151597665));
#6890=CARTESIAN_POINT('Ctrl Pts',(2.88484218298322,-0.187664568226332,1.28556192637969));
#6891=CARTESIAN_POINT('',(2.88484218298322,0.130873829324247,1.28637385340024));
#6892=CARTESIAN_POINT('Ctrl Pts',(2.88484218298322,0.130873829324247,1.28637385340024));
#6893=CARTESIAN_POINT('Ctrl Pts',(2.88484218298322,0.108866999006678,1.3059456656297));
#6894=CARTESIAN_POINT('Ctrl Pts',(2.88484218298322,0.063599988476703,1.34620395896392));
#6895=CARTESIAN_POINT('Ctrl Pts',(2.88484218298322,0.00309878897542692,
1.35101790005593));
#6896=CARTESIAN_POINT('Ctrl Pts',(2.88484218298322,-0.0279893873143128,
1.35349151463796));
#6897=CARTESIAN_POINT('',(2.88484218298322,0.190684408147339,1.08285558195401));
#6898=CARTESIAN_POINT('Ctrl Pts',(2.88484218298322,0.190684408147339,1.08285558195401));
#6899=CARTESIAN_POINT('Ctrl Pts',(2.88484218298322,0.189536200893319,1.12376338430757));
#6900=CARTESIAN_POINT('Ctrl Pts',(2.88484218298322,0.187473233289316,1.19726184959903));
#6901=CARTESIAN_POINT('Ctrl Pts',(2.88484218298322,0.148261210367888,1.25899857632823));
#6902=CARTESIAN_POINT('Ctrl Pts',(2.88484218298322,0.130873829324247,1.28637385340024));
#6903=CARTESIAN_POINT('',(2.88484218298322,0.12925004978896,0.875819071844112));
#6904=CARTESIAN_POINT('Ctrl Pts',(2.88484218298322,0.12925004978896,0.875819071844112));
#6905=CARTESIAN_POINT('Ctrl Pts',(2.88484218298322,0.14711354538025,0.903775795500362));
#6906=CARTESIAN_POINT('Ctrl Pts',(2.88484218298322,0.187214202761994,0.96653411685612));
#6907=CARTESIAN_POINT('Ctrl Pts',(2.88484218298322,0.189446515650859,1.04136136105515));
#6908=CARTESIAN_POINT('Ctrl Pts',(2.88484218298322,0.190684408147339,1.08285558195401));
#6909=CARTESIAN_POINT('',(2.88484218298322,-0.0279893873143089,0.806806876972209));
#6910=CARTESIAN_POINT('Ctrl Pts',(2.88484218298322,-0.0279893873143089,
0.806806876972209));
#6911=CARTESIAN_POINT('Ctrl Pts',(2.88484218298322,0.00240487946581047,
0.809561333693677));
#6912=CARTESIAN_POINT('Ctrl Pts',(2.88484218298322,0.0625700991325634,0.815013759801163));
#6913=CARTESIAN_POINT('Ctrl Pts',(2.88484218298322,0.10717744414971,0.855691107436764));
#6914=CARTESIAN_POINT('Ctrl Pts',(2.88484218298322,0.12925004978896,0.875819071844112));
#6915=CARTESIAN_POINT('',(2.88484218298322,-0.18604093770265,0.876360356524477));
#6916=CARTESIAN_POINT('Ctrl Pts',(2.88484218298322,-0.18604093770265,0.876360356524477));
#6917=CARTESIAN_POINT('Ctrl Pts',(2.88484218298322,-0.16377657854437,0.856074253474137));
#6918=CARTESIAN_POINT('Ctrl Pts',(2.88484218298322,-0.118913685243713,0.815197564854271));
#6919=CARTESIAN_POINT('Ctrl Pts',(2.88484218298322,-0.058447619951989,0.809617627556176));
#6920=CARTESIAN_POINT('Ctrl Pts',(2.88484218298322,-0.0279893873143089,
0.806806876972209));
#6921=CARTESIAN_POINT('Ctrl Pts',(2.88484218298322,-0.248287111322871,1.08069051773835));
#6922=CARTESIAN_POINT('Ctrl Pts',(2.88484218298322,-0.246906242598431,1.03996285049555));
#6923=CARTESIAN_POINT('Ctrl Pts',(2.88484218298322,-0.244395949533141,0.965923675854599));
#6924=CARTESIAN_POINT('Ctrl Pts',(2.88484218298322,-0.20414881900705,0.904152347388411));
#6925=CARTESIAN_POINT('Ctrl Pts',(2.88484218298322,-0.18604093770265,0.876360356524477));
#6926=CARTESIAN_POINT('Origin',(2.98484218298322,-0.699707954924103,1.47690151603508));
#6927=CARTESIAN_POINT('',(2.98484218298322,-0.550858169596193,1.47690151603509));
#6928=CARTESIAN_POINT('',(2.98484218298322,-0.550858169596193,1.47690151603509));
#6929=CARTESIAN_POINT('',(2.98484218298322,-0.699707954924103,1.47690151603508));
#6930=CARTESIAN_POINT('',(2.98484218298325,-3.75545897780686,1.47690151603506));
#6931=CARTESIAN_POINT('',(2.98484218298322,-0.699707954924103,1.47690151603508));
#6932=CARTESIAN_POINT('Origin',(2.98484218298322,-0.550858169596193,1.47690151603509));
#6933=CARTESIAN_POINT('',(2.98484218298322,-0.550858169596187,0.683396875575071));
#6934=CARTESIAN_POINT('',(2.98484218298322,-0.550858169596187,0.683396875575071));
#6935=CARTESIAN_POINT('',(2.98484218298324,-0.550858169596211,4.03014917643357));
#6936=CARTESIAN_POINT('Origin',(2.98484218298322,-0.550858169596187,0.683396875575071));
#6937=CARTESIAN_POINT('',(2.98484218298322,-0.711615919868938,0.68339687557507));
#6938=CARTESIAN_POINT('',(2.98484218298322,-0.711615919868938,0.68339687557507));
#6939=CARTESIAN_POINT('',(2.98484218298324,-3.68103408514291,0.683396875575048));
#6940=CARTESIAN_POINT('Origin',(2.98484218298322,-0.711615919868938,0.68339687557507));
#6941=CARTESIAN_POINT('',(2.98484218298323,-1.03150764087915,1.20085281105328));
#6942=CARTESIAN_POINT('',(2.98484218298323,-1.03150764087915,1.20085281105328));
#6943=CARTESIAN_POINT('',(2.98484218298326,-2.8743279116464,4.18179362476578));
#6944=CARTESIAN_POINT('Origin',(2.98484218298323,-1.03150764087915,1.20085281105328));
#6945=CARTESIAN_POINT('',(2.98484218298322,-1.03150764087915,0.683396875575068));
#6946=CARTESIAN_POINT('',(2.98484218298322,-1.03150764087915,0.683396875575068));
#6947=CARTESIAN_POINT('',(2.98484218298324,-1.03150764087917,3.89212482394267));
#6948=CARTESIAN_POINT('Ctrl Pts',(2.98484218298322,0.129250049788961,0.875819071844111));
#6949=CARTESIAN_POINT('Ctrl Pts',(2.74484218298322,0.12925004978896,0.875819071844113));
#6950=CARTESIAN_POINT('Ctrl Pts',(2.98484218298322,0.147113545380251,0.903775795500361));
#6951=CARTESIAN_POINT('Ctrl Pts',(2.74484218298322,0.147113545380249,0.903775795500363));
#6952=CARTESIAN_POINT('Ctrl Pts',(2.98484218298322,0.187214202762001,0.966534116856121));
#6953=CARTESIAN_POINT('Ctrl Pts',(2.74484218298322,0.187214202761999,0.966534116856122));
#6954=CARTESIAN_POINT('Ctrl Pts',(2.98484218298322,0.18944651565086,1.04136136105515));
#6955=CARTESIAN_POINT('Ctrl Pts',(2.74484218298322,0.189446515650858,1.04136136105515));
#6956=CARTESIAN_POINT('Ctrl Pts',(2.98484218298322,0.19068440814734,1.08285558195401));
#6957=CARTESIAN_POINT('Ctrl Pts',(2.74484218298322,0.190684408147338,1.08285558195401));
#6958=CARTESIAN_POINT('',(2.98484218298322,0.19068440814734,1.08285558195401));
#6959=CARTESIAN_POINT('',(2.98484218298322,0.19068440814734,1.08285558195401));
#6960=CARTESIAN_POINT('',(2.98484218298322,0.129250049788961,0.875819071844111));
#6961=CARTESIAN_POINT('Ctrl Pts',(2.98484218298322,0.129250049788961,0.875819071844111));
#6962=CARTESIAN_POINT('Ctrl Pts',(2.98484218298322,0.147113545380251,0.903775795500361));
#6963=CARTESIAN_POINT('Ctrl Pts',(2.98484218298322,0.187214202762001,0.966534116856121));
#6964=CARTESIAN_POINT('Ctrl Pts',(2.98484218298322,0.18944651565086,1.04136136105515));
#6965=CARTESIAN_POINT('Ctrl Pts',(2.98484218298322,0.19068440814734,1.08285558195401));
#6966=CARTESIAN_POINT('',(2.98484218298322,0.129250049788961,0.875819071844111));
#6967=CARTESIAN_POINT('Ctrl Pts',(2.98484218298322,0.19068440814734,1.08285558195401));
#6968=CARTESIAN_POINT('Ctrl Pts',(2.74484218298322,0.190684408147338,1.08285558195401));
#6969=CARTESIAN_POINT('Ctrl Pts',(2.98484218298322,0.189536200893319,1.12376338430757));
#6970=CARTESIAN_POINT('Ctrl Pts',(2.74484218298322,0.189536200893318,1.12376338430757));
#6971=CARTESIAN_POINT('Ctrl Pts',(2.98484218298322,0.187473233289309,1.19726184959903));
#6972=CARTESIAN_POINT('Ctrl Pts',(2.74484218298322,0.187473233289307,1.19726184959903));
#6973=CARTESIAN_POINT('Ctrl Pts',(2.98484218298322,0.148261210367889,1.25899857632823));
#6974=CARTESIAN_POINT('Ctrl Pts',(2.74484218298322,0.148261210367887,1.25899857632823));
#6975=CARTESIAN_POINT('Ctrl Pts',(2.98484218298322,0.130873829324248,1.28637385340024));
#6976=CARTESIAN_POINT('Ctrl Pts',(2.74484218298322,0.130873829324246,1.28637385340024));
#6977=CARTESIAN_POINT('',(2.98484218298322,0.130873829324248,1.28637385340024));
#6978=CARTESIAN_POINT('',(2.98484218298322,0.130873829324248,1.28637385340024));
#6979=CARTESIAN_POINT('Ctrl Pts',(2.98484218298322,0.19068440814734,1.08285558195401));
#6980=CARTESIAN_POINT('Ctrl Pts',(2.98484218298322,0.189536200893319,1.12376338430757));
#6981=CARTESIAN_POINT('Ctrl Pts',(2.98484218298322,0.187473233289309,1.19726184959903));
#6982=CARTESIAN_POINT('Ctrl Pts',(2.98484218298322,0.148261210367889,1.25899857632823));
#6983=CARTESIAN_POINT('Ctrl Pts',(2.98484218298322,0.130873829324248,1.28637385340024));
#6984=CARTESIAN_POINT('Ctrl Pts',(2.98484218298322,0.130873829324248,1.28637385340024));
#6985=CARTESIAN_POINT('Ctrl Pts',(2.74484218298322,0.130873829324246,1.28637385340024));
#6986=CARTESIAN_POINT('Ctrl Pts',(2.98484218298322,0.108866999006678,1.3059456656297));
#6987=CARTESIAN_POINT('Ctrl Pts',(2.74484218298322,0.108866999006676,1.3059456656297));
#6988=CARTESIAN_POINT('Ctrl Pts',(2.98484218298322,0.0635999884767086,1.34620395896392));
#6989=CARTESIAN_POINT('Ctrl Pts',(2.74484218298322,0.0635999884767068,1.34620395896392));
#6990=CARTESIAN_POINT('Ctrl Pts',(2.98484218298322,0.00309878897542804,
1.35101790005593));
#6991=CARTESIAN_POINT('Ctrl Pts',(2.74484218298322,0.00309878897542631,
1.35101790005593));
#6992=CARTESIAN_POINT('Ctrl Pts',(2.98484218298322,-0.0279893873143122,
1.35349151463796));
#6993=CARTESIAN_POINT('Ctrl Pts',(2.74484218298322,-0.0279893873143139,
1.35349151463796));
#6994=CARTESIAN_POINT('',(2.98484218298322,-0.0279893873143122,1.35349151463796));
#6995=CARTESIAN_POINT('',(2.98484218298322,-0.0279893873143122,1.35349151463796));
#6996=CARTESIAN_POINT('Ctrl Pts',(2.98484218298322,0.130873829324248,1.28637385340024));
#6997=CARTESIAN_POINT('Ctrl Pts',(2.98484218298322,0.108866999006678,1.3059456656297));
#6998=CARTESIAN_POINT('Ctrl Pts',(2.98484218298322,0.0635999884767086,1.34620395896392));
#6999=CARTESIAN_POINT('Ctrl Pts',(2.98484218298322,0.00309878897542804,
1.35101790005593));
#7000=CARTESIAN_POINT('Ctrl Pts',(2.98484218298322,-0.0279893873143122,
1.35349151463796));
#7001=CARTESIAN_POINT('Ctrl Pts',(2.98484218298322,-0.0279893873143122,
1.35349151463796));
#7002=CARTESIAN_POINT('Ctrl Pts',(2.74484218298322,-0.0279893873143139,
1.35349151463796));
#7003=CARTESIAN_POINT('Ctrl Pts',(2.98484218298322,-0.0591485924463225,
1.3509436942579));
#7004=CARTESIAN_POINT('Ctrl Pts',(2.74484218298322,-0.0591485924463243,
1.3509436942579));
#7005=CARTESIAN_POINT('Ctrl Pts',(2.98484218298322,-0.120002297394282,1.34596781926329));
#7006=CARTESIAN_POINT('Ctrl Pts',(2.74484218298322,-0.120002297394284,1.34596781926329));
#7007=CARTESIAN_POINT('Ctrl Pts',(2.98484218298322,-0.165475312304502,1.30537151597665));
#7008=CARTESIAN_POINT('Ctrl Pts',(2.74484218298322,-0.165475312304503,1.30537151597665));
#7009=CARTESIAN_POINT('Ctrl Pts',(2.98484218298322,-0.187664568226332,1.28556192637969));
#7010=CARTESIAN_POINT('Ctrl Pts',(2.74484218298322,-0.187664568226333,1.28556192637969));
#7011=CARTESIAN_POINT('',(2.98484218298322,-0.187664568226332,1.28556192637969));
#7012=CARTESIAN_POINT('',(2.98484218298322,-0.187664568226332,1.28556192637969));
#7013=CARTESIAN_POINT('Ctrl Pts',(2.98484218298322,-0.0279893873143122,
1.35349151463796));
#7014=CARTESIAN_POINT('Ctrl Pts',(2.98484218298322,-0.0591485924463225,
1.3509436942579));
#7015=CARTESIAN_POINT('Ctrl Pts',(2.98484218298322,-0.120002297394282,1.34596781926329));
#7016=CARTESIAN_POINT('Ctrl Pts',(2.98484218298322,-0.165475312304502,1.30537151597665));
#7017=CARTESIAN_POINT('Ctrl Pts',(2.98484218298322,-0.187664568226332,1.28556192637969));
#7018=CARTESIAN_POINT('Ctrl Pts',(2.98484218298322,-0.0296133158612233,
1.49043333502103));
#7019=CARTESIAN_POINT('Ctrl Pts',(2.74484218298322,-0.029613315861225,1.49043333502103));
#7020=CARTESIAN_POINT('Ctrl Pts',(2.98484218298322,0.0251238379169666,1.48669956173073));
#7021=CARTESIAN_POINT('Ctrl Pts',(2.74484218298322,0.0251238379169649,1.48669956173074));
#7022=CARTESIAN_POINT('Ctrl Pts',(2.98484218298322,0.130245747710377,1.47952890429023));
#7023=CARTESIAN_POINT('Ctrl Pts',(2.74484218298322,0.130245747710376,1.47952890429024));
#7024=CARTESIAN_POINT('Ctrl Pts',(2.98484218298322,0.211899729086207,1.41335479004207));
#7025=CARTESIAN_POINT('Ctrl Pts',(2.74484218298322,0.211899729086206,1.41335479004208));
#7026=CARTESIAN_POINT('Ctrl Pts',(2.98484218298322,0.251036346156597,1.38163764746476));
#7027=CARTESIAN_POINT('Ctrl Pts',(2.74484218298322,0.251036346156596,1.38163764746476));
#7028=CARTESIAN_POINT('',(2.98484218298322,0.251036346156597,1.38163764746476));
#7029=CARTESIAN_POINT('',(2.98484218298322,0.251036346156597,1.38163764746476));
#7030=CARTESIAN_POINT('',(2.98484218298322,-0.0296133158612233,1.49043333502103));
#7031=CARTESIAN_POINT('Ctrl Pts',(2.98484218298322,-0.0296133158612233,
1.49043333502103));
#7032=CARTESIAN_POINT('Ctrl Pts',(2.98484218298322,0.0251238379169666,1.48669956173073));
#7033=CARTESIAN_POINT('Ctrl Pts',(2.98484218298322,0.130245747710377,1.47952890429023));
#7034=CARTESIAN_POINT('Ctrl Pts',(2.98484218298322,0.211899729086207,1.41335479004207));
#7035=CARTESIAN_POINT('Ctrl Pts',(2.98484218298322,0.251036346156597,1.38163764746476));
#7036=CARTESIAN_POINT('',(2.98484218298322,-0.0296133158612233,1.49043333502103));
#7037=CARTESIAN_POINT('Ctrl Pts',(2.98484218298322,0.251036346156597,1.38163764746476));
#7038=CARTESIAN_POINT('Ctrl Pts',(2.74484218298322,0.251036346156596,1.38163764746476));
#7039=CARTESIAN_POINT('Ctrl Pts',(2.98484218298322,0.281703646825918,1.3398706952395));
#7040=CARTESIAN_POINT('Ctrl Pts',(2.74484218298322,0.281703646825916,1.3398706952395));
#7041=CARTESIAN_POINT('Ctrl Pts',(2.98484218298322,0.347551998909398,1.25018934358616));
#7042=CARTESIAN_POINT('Ctrl Pts',(2.74484218298322,0.347551998909397,1.25018934358616));
#7043=CARTESIAN_POINT('Ctrl Pts',(2.98484218298321,0.353262613888349,1.13865600690704));
#7044=CARTESIAN_POINT('Ctrl Pts',(2.74484218298322,0.353262613888348,1.13865600690705));
#7045=CARTESIAN_POINT('Ctrl Pts',(2.98484218298321,0.35631364603758,1.07906666369725));
#7046=CARTESIAN_POINT('Ctrl Pts',(2.74484218298322,0.356313646037578,1.07906666369726));
#7047=CARTESIAN_POINT('',(2.98484218298321,0.35631364603758,1.07906666369725));
#7048=CARTESIAN_POINT('',(2.98484218298321,0.35631364603758,1.07906666369725));
#7049=CARTESIAN_POINT('Ctrl Pts',(2.98484218298322,0.251036346156597,1.38163764746476));
#7050=CARTESIAN_POINT('Ctrl Pts',(2.98484218298322,0.281703646825918,1.3398706952395));
#7051=CARTESIAN_POINT('Ctrl Pts',(2.98484218298322,0.347551998909398,1.25018934358616));
#7052=CARTESIAN_POINT('Ctrl Pts',(2.98484218298321,0.353262613888349,1.13865600690704));
#7053=CARTESIAN_POINT('Ctrl Pts',(2.98484218298321,0.35631364603758,1.07906666369725));
#7054=CARTESIAN_POINT('Ctrl Pts',(2.98484218298321,0.35631364603758,1.07906666369725));
#7055=CARTESIAN_POINT('Ctrl Pts',(2.74484218298322,0.356313646037578,1.07906666369726));
#7056=CARTESIAN_POINT('Ctrl Pts',(2.98484218298321,0.35326517145091,1.01993393081118));
#7057=CARTESIAN_POINT('Ctrl Pts',(2.74484218298321,0.353265171450908,1.01993393081118));
#7058=CARTESIAN_POINT('Ctrl Pts',(2.98484218298321,0.347554097571811,0.909153474361978));
#7059=CARTESIAN_POINT('Ctrl Pts',(2.74484218298321,0.347554097571809,0.909153474361979));
#7060=CARTESIAN_POINT('Ctrl Pts',(2.98484218298321,0.282280034344832,0.819969307115373));
#7061=CARTESIAN_POINT('Ctrl Pts',(2.74484218298321,0.28228003434483,0.819969307115375));
#7062=CARTESIAN_POINT('Ctrl Pts',(2.98484218298321,0.251848161418442,0.778390139058124));
#7063=CARTESIAN_POINT('Ctrl Pts',(2.74484218298321,0.25184816141844,0.778390139058125));
#7064=CARTESIAN_POINT('',(2.98484218298321,0.251848161418442,0.778390139058124));
#7065=CARTESIAN_POINT('',(2.98484218298321,0.251848161418442,0.778390139058124));
#7066=CARTESIAN_POINT('Ctrl Pts',(2.98484218298321,0.35631364603758,1.07906666369725));
#7067=CARTESIAN_POINT('Ctrl Pts',(2.98484218298321,0.35326517145091,1.01993393081118));
#7068=CARTESIAN_POINT('Ctrl Pts',(2.98484218298321,0.347554097571811,0.909153474361978));
#7069=CARTESIAN_POINT('Ctrl Pts',(2.98484218298321,0.282280034344832,0.819969307115373));
#7070=CARTESIAN_POINT('Ctrl Pts',(2.98484218298321,0.251848161418442,0.778390139058124));
#7071=CARTESIAN_POINT('Ctrl Pts',(2.98484218298321,0.251848161418442,0.778390139058124));
#7072=CARTESIAN_POINT('Ctrl Pts',(2.74484218298321,0.25184816141844,0.778390139058125));
#7073=CARTESIAN_POINT('Ctrl Pts',(2.98484218298321,0.212959894223402,0.746752256593174));
#7074=CARTESIAN_POINT('Ctrl Pts',(2.74484218298321,0.2129598942234,0.746752256593175));
#7075=CARTESIAN_POINT('Ctrl Pts',(2.98484218298321,0.131775476586712,0.680703979093622));
#7076=CARTESIAN_POINT('Ctrl Pts',(2.74484218298321,0.131775476586711,0.680703979093624));
#7077=CARTESIAN_POINT('Ctrl Pts',(2.98484218298321,0.0270911541630525,0.673577743564986));
#7078=CARTESIAN_POINT('Ctrl Pts',(2.74484218298322,0.0270911541630508,0.673577743564988));
#7079=CARTESIAN_POINT('Ctrl Pts',(2.98484218298322,-0.0274481771397478,
0.669865056589136));
#7080=CARTESIAN_POINT('Ctrl Pts',(2.74484218298322,-0.0274481771397495,
0.669865056589137));
#7081=CARTESIAN_POINT('',(2.98484218298322,-0.0274481771397478,0.669865056589136));
#7082=CARTESIAN_POINT('',(2.98484218298322,-0.0274481771397478,0.669865056589136));
#7083=CARTESIAN_POINT('Ctrl Pts',(2.98484218298321,0.251848161418442,0.778390139058124));
#7084=CARTESIAN_POINT('Ctrl Pts',(2.98484218298321,0.212959894223402,0.746752256593174));
#7085=CARTESIAN_POINT('Ctrl Pts',(2.98484218298321,0.131775476586712,0.680703979093622));
#7086=CARTESIAN_POINT('Ctrl Pts',(2.98484218298321,0.0270911541630525,0.673577743564986));
#7087=CARTESIAN_POINT('Ctrl Pts',(2.98484218298322,-0.0274481771397478,
0.669865056589136));
#7088=CARTESIAN_POINT('Ctrl Pts',(2.98484218298322,-0.0274481771397478,
0.669865056589136));
#7089=CARTESIAN_POINT('Ctrl Pts',(2.74484218298322,-0.0274481771397495,
0.669865056589137));
#7090=CARTESIAN_POINT('Ctrl Pts',(2.98484218298322,-0.0825306627383177,
0.673474209748729));
#7091=CARTESIAN_POINT('Ctrl Pts',(2.74484218298322,-0.0825306627383194,
0.67347420974873));
#7092=CARTESIAN_POINT('Ctrl Pts',(2.98484218298322,-0.187839029484068,0.680374298233149));
#7093=CARTESIAN_POINT('Ctrl Pts',(2.74484218298322,-0.187839029484069,0.68037429823315));
#7094=CARTESIAN_POINT('Ctrl Pts',(2.98484218298322,-0.269812935202928,0.746371893270365));
#7095=CARTESIAN_POINT('Ctrl Pts',(2.74484218298322,-0.26981293520293,0.746371893270367));
#7096=CARTESIAN_POINT('Ctrl Pts',(2.98484218298322,-0.308909654419418,0.777848854377754));
#7097=CARTESIAN_POINT('Ctrl Pts',(2.74484218298322,-0.30890965441942,0.777848854377755));
#7098=CARTESIAN_POINT('',(2.98484218298322,-0.308909654419418,0.777848854377754));
#7099=CARTESIAN_POINT('',(2.98484218298322,-0.308909654419418,0.777848854377754));
#7100=CARTESIAN_POINT('Ctrl Pts',(2.98484218298322,-0.0274481771397478,
0.669865056589136));
#7101=CARTESIAN_POINT('Ctrl Pts',(2.98484218298322,-0.0825306627383177,
0.673474209748729));
#7102=CARTESIAN_POINT('Ctrl Pts',(2.98484218298322,-0.187839029484068,0.680374298233149));
#7103=CARTESIAN_POINT('Ctrl Pts',(2.98484218298322,-0.269812935202928,0.746371893270365));
#7104=CARTESIAN_POINT('Ctrl Pts',(2.98484218298322,-0.308909654419418,0.777848854377754));
#7105=CARTESIAN_POINT('Ctrl Pts',(2.98484218298322,-0.0279893873143083,
0.806806876972208));
#7106=CARTESIAN_POINT('Ctrl Pts',(2.74484218298322,-0.0279893873143101,
0.806806876972209));
#7107=CARTESIAN_POINT('Ctrl Pts',(2.98484218298322,0.00240487946581103,
0.809561333693676));
#7108=CARTESIAN_POINT('Ctrl Pts',(2.74484218298322,0.0024048794658093,0.809561333693678));
#7109=CARTESIAN_POINT('Ctrl Pts',(2.98484218298322,0.0625700991325717,0.815013759801161));
#7110=CARTESIAN_POINT('Ctrl Pts',(2.74484218298322,0.06257009913257,0.815013759801162));
#7111=CARTESIAN_POINT('Ctrl Pts',(2.98484218298322,0.107177444149711,0.855691107436763));
#7112=CARTESIAN_POINT('Ctrl Pts',(2.74484218298322,0.10717744414971,0.855691107436765));
#7113=CARTESIAN_POINT('Ctrl Pts',(2.98484218298322,0.129250049788961,0.875819071844111));
#7114=CARTESIAN_POINT('Ctrl Pts',(2.74484218298322,0.12925004978896,0.875819071844113));
#7115=CARTESIAN_POINT('',(2.98484218298322,-0.0279893873143083,0.806806876972208));
#7116=CARTESIAN_POINT('Ctrl Pts',(2.98484218298322,-0.0279893873143083,
0.806806876972208));
#7117=CARTESIAN_POINT('Ctrl Pts',(2.98484218298322,0.00240487946581103,
0.809561333693676));
#7118=CARTESIAN_POINT('Ctrl Pts',(2.98484218298322,0.0625700991325717,0.815013759801161));
#7119=CARTESIAN_POINT('Ctrl Pts',(2.98484218298322,0.107177444149711,0.855691107436763));
#7120=CARTESIAN_POINT('Ctrl Pts',(2.98484218298322,0.129250049788961,0.875819071844111));
#7121=CARTESIAN_POINT('',(2.98484218298322,-0.0279893873143083,0.806806876972208));
#7122=CARTESIAN_POINT('Ctrl Pts',(2.98484218298322,-0.186040937702649,0.876360356524476));
#7123=CARTESIAN_POINT('Ctrl Pts',(2.74484218298322,-0.186040937702651,0.876360356524477));
#7124=CARTESIAN_POINT('Ctrl Pts',(2.98484218298322,-0.163776578544369,0.856074253474136));
#7125=CARTESIAN_POINT('Ctrl Pts',(2.74484218298322,-0.163776578544371,0.856074253474137));
#7126=CARTESIAN_POINT('Ctrl Pts',(2.98484218298322,-0.118913685243708,0.81519756485427));
#7127=CARTESIAN_POINT('Ctrl Pts',(2.74484218298322,-0.11891368524371,0.815197564854272));
#7128=CARTESIAN_POINT('Ctrl Pts',(2.98484218298322,-0.0584476199519884,
0.809617627556176));
#7129=CARTESIAN_POINT('Ctrl Pts',(2.74484218298322,-0.0584476199519902,
0.809617627556177));
#7130=CARTESIAN_POINT('Ctrl Pts',(2.98484218298322,-0.0279893873143083,
0.806806876972208));
#7131=CARTESIAN_POINT('Ctrl Pts',(2.74484218298322,-0.0279893873143101,
0.806806876972209));
#7132=CARTESIAN_POINT('',(2.98484218298322,-0.186040937702649,0.876360356524476));
#7133=CARTESIAN_POINT('Ctrl Pts',(2.98484218298322,-0.186040937702649,0.876360356524476));
#7134=CARTESIAN_POINT('Ctrl Pts',(2.98484218298322,-0.163776578544369,0.856074253474136));
#7135=CARTESIAN_POINT('Ctrl Pts',(2.98484218298322,-0.118913685243708,0.81519756485427));
#7136=CARTESIAN_POINT('Ctrl Pts',(2.98484218298322,-0.0584476199519884,
0.809617627556176));
#7137=CARTESIAN_POINT('Ctrl Pts',(2.98484218298322,-0.0279893873143083,
0.806806876972208));
#7138=CARTESIAN_POINT('',(2.98484218298322,-0.186040937702649,0.876360356524476));
#7139=CARTESIAN_POINT('Ctrl Pts',(2.98484218298322,-0.24828711132287,1.08069051773835));
#7140=CARTESIAN_POINT('Ctrl Pts',(2.74484218298322,-0.248287111322872,1.08069051773835));
#7141=CARTESIAN_POINT('Ctrl Pts',(2.98484218298322,-0.24690624259843,1.03996285049554));
#7142=CARTESIAN_POINT('Ctrl Pts',(2.74484218298322,-0.246906242598432,1.03996285049555));
#7143=CARTESIAN_POINT('Ctrl Pts',(2.98484218298322,-0.24439594953314,0.965923675854599));
#7144=CARTESIAN_POINT('Ctrl Pts',(2.74484218298322,-0.244395949533142,0.9659236758546));
#7145=CARTESIAN_POINT('Ctrl Pts',(2.98484218298322,-0.20414881900705,0.904152347388411));
#7146=CARTESIAN_POINT('Ctrl Pts',(2.74484218298322,-0.204148819007051,0.904152347388412));
#7147=CARTESIAN_POINT('Ctrl Pts',(2.98484218298322,-0.186040937702649,0.876360356524476));
#7148=CARTESIAN_POINT('Ctrl Pts',(2.74484218298322,-0.186040937702651,0.876360356524477));
#7149=CARTESIAN_POINT('',(2.98484218298322,-0.24828711132287,1.08069051773835));
#7150=CARTESIAN_POINT('Ctrl Pts',(2.98484218298322,-0.24828711132287,1.08069051773835));
#7151=CARTESIAN_POINT('Ctrl Pts',(2.98484218298322,-0.24690624259843,1.03996285049554));
#7152=CARTESIAN_POINT('Ctrl Pts',(2.98484218298322,-0.24439594953314,0.965923675854599));
#7153=CARTESIAN_POINT('Ctrl Pts',(2.98484218298322,-0.20414881900705,0.904152347388411));
#7154=CARTESIAN_POINT('Ctrl Pts',(2.98484218298322,-0.186040937702649,0.876360356524476));
#7155=CARTESIAN_POINT('',(2.98484218298322,-0.24828711132287,1.08069051773835));
#7156=CARTESIAN_POINT('Ctrl Pts',(2.98484218298322,-0.187664568226332,1.28556192637969));
#7157=CARTESIAN_POINT('Ctrl Pts',(2.74484218298322,-0.187664568226333,1.28556192637969));
#7158=CARTESIAN_POINT('Ctrl Pts',(2.98484218298322,-0.205290198946891,1.25795379958328));
#7159=CARTESIAN_POINT('Ctrl Pts',(2.74484218298322,-0.205290198946893,1.25795379958328));
#7160=CARTESIAN_POINT('Ctrl Pts',(2.98484218298322,-0.244938332962691,1.19585044972289));
#7161=CARTESIAN_POINT('Ctrl Pts',(2.74484218298322,-0.244938332962693,1.19585044972289));
#7162=CARTESIAN_POINT('Ctrl Pts',(2.98484218298322,-0.247091266984501,1.12181397765685));
#7163=CARTESIAN_POINT('Ctrl Pts',(2.74484218298322,-0.247091266984503,1.12181397765685));
#7164=CARTESIAN_POINT('Ctrl Pts',(2.98484218298322,-0.24828711132287,1.08069051773835));
#7165=CARTESIAN_POINT('Ctrl Pts',(2.74484218298322,-0.248287111322872,1.08069051773835));
#7166=CARTESIAN_POINT('Ctrl Pts',(2.98484218298322,-0.187664568226332,1.28556192637969));
#7167=CARTESIAN_POINT('Ctrl Pts',(2.98484218298322,-0.205290198946891,1.25795379958328));
#7168=CARTESIAN_POINT('Ctrl Pts',(2.98484218298322,-0.244938332962691,1.19585044972289));
#7169=CARTESIAN_POINT('Ctrl Pts',(2.98484218298322,-0.247091266984501,1.12181397765685));
#7170=CARTESIAN_POINT('Ctrl Pts',(2.98484218298322,-0.24828711132287,1.08069051773835));
#7171=CARTESIAN_POINT('Ctrl Pts',(2.98484218298322,-0.200655102531903,1.45903956861783));
#7172=CARTESIAN_POINT('Ctrl Pts',(2.74484218298322,-0.200655102531905,1.45903956861783));
#7173=CARTESIAN_POINT('Ctrl Pts',(2.98484218298322,-0.174288131238873,1.46819044557231));
#7174=CARTESIAN_POINT('Ctrl Pts',(2.74484218298322,-0.174288131238875,1.46819044557231));
#7175=CARTESIAN_POINT('Ctrl Pts',(2.98484218298322,-0.118923603019763,1.48740516613104));
#7176=CARTESIAN_POINT('Ctrl Pts',(2.74484218298322,-0.118923603019765,1.48740516613105));
#7177=CARTESIAN_POINT('Ctrl Pts',(2.98484218298322,-0.0603117052088331,
1.48939247051871));
#7178=CARTESIAN_POINT('Ctrl Pts',(2.74484218298322,-0.0603117052088348,
1.48939247051871));
#7179=CARTESIAN_POINT('Ctrl Pts',(2.98484218298322,-0.0296133158612233,
1.49043333502103));
#7180=CARTESIAN_POINT('Ctrl Pts',(2.74484218298322,-0.029613315861225,1.49043333502103));
#7181=CARTESIAN_POINT('',(2.98484218298322,-0.200655102531903,1.45903956861783));
#7182=CARTESIAN_POINT('Ctrl Pts',(2.98484218298322,-0.200655102531903,1.45903956861783));
#7183=CARTESIAN_POINT('Ctrl Pts',(2.98484218298322,-0.174288131238873,1.46819044557231));
#7184=CARTESIAN_POINT('Ctrl Pts',(2.98484218298322,-0.118923603019763,1.48740516613104));
#7185=CARTESIAN_POINT('Ctrl Pts',(2.98484218298322,-0.0603117052088331,
1.48939247051871));
#7186=CARTESIAN_POINT('Ctrl Pts',(2.98484218298322,-0.0296133158612233,
1.49043333502103));
#7187=CARTESIAN_POINT('',(2.98484218298322,-0.200655102531903,1.45903956861783));
#7188=CARTESIAN_POINT('Ctrl Pts',(2.98484218298322,-0.303226202528473,1.38759162993718));
#7189=CARTESIAN_POINT('Ctrl Pts',(2.74484218298322,-0.303226202528474,1.38759162993718));
#7190=CARTESIAN_POINT('Ctrl Pts',(2.98484218298322,-0.287514983906452,1.4024983811035));
#7191=CARTESIAN_POINT('Ctrl Pts',(2.74484218298322,-0.287514983906454,1.4024983811035));
#7192=CARTESIAN_POINT('Ctrl Pts',(2.98484218298322,-0.256928366375953,1.4315188605148));
#7193=CARTESIAN_POINT('Ctrl Pts',(2.74484218298322,-0.256928366375955,1.4315188605148));
#7194=CARTESIAN_POINT('Ctrl Pts',(2.98484218298322,-0.219067995604653,1.4500346554322));
#7195=CARTESIAN_POINT('Ctrl Pts',(2.74484218298322,-0.219067995604655,1.4500346554322));
#7196=CARTESIAN_POINT('Ctrl Pts',(2.98484218298322,-0.200655102531903,1.45903956861783));
#7197=CARTESIAN_POINT('Ctrl Pts',(2.74484218298322,-0.200655102531905,1.45903956861783));
#7198=CARTESIAN_POINT('',(2.98484218298322,-0.303226202528473,1.38759162993718));
#7199=CARTESIAN_POINT('Ctrl Pts',(2.98484218298322,-0.303226202528473,1.38759162993718));
#7200=CARTESIAN_POINT('Ctrl Pts',(2.98484218298322,-0.287514983906452,1.4024983811035));
#7201=CARTESIAN_POINT('Ctrl Pts',(2.98484218298322,-0.256928366375953,1.4315188605148));
#7202=CARTESIAN_POINT('Ctrl Pts',(2.98484218298322,-0.219067995604653,1.4500346554322));
#7203=CARTESIAN_POINT('Ctrl Pts',(2.98484218298322,-0.200655102531903,1.45903956861783));
#7204=CARTESIAN_POINT('',(2.98484218298322,-0.303226202528473,1.38759162993718));
#7205=CARTESIAN_POINT('Ctrl Pts',(2.98484218298322,-0.377109885017872,1.27879601688672));
#7206=CARTESIAN_POINT('Ctrl Pts',(2.74484218298322,-0.377109885017874,1.27879601688672));
#7207=CARTESIAN_POINT('Ctrl Pts',(2.98484218298322,-0.367242042695322,1.29850886429096));
#7208=CARTESIAN_POINT('Ctrl Pts',(2.74484218298322,-0.367242042695323,1.29850886429096));
#7209=CARTESIAN_POINT('Ctrl Pts',(2.98484218298322,-0.347446605779162,1.33805392535632));
#7210=CARTESIAN_POINT('Ctrl Pts',(2.74484218298322,-0.347446605779164,1.33805392535632));
#7211=CARTESIAN_POINT('Ctrl Pts',(2.98484218298322,-0.317995969067753,1.37104586649393));
#7212=CARTESIAN_POINT('Ctrl Pts',(2.74484218298322,-0.317995969067754,1.37104586649393));
#7213=CARTESIAN_POINT('Ctrl Pts',(2.98484218298322,-0.303226202528473,1.38759162993718));
#7214=CARTESIAN_POINT('Ctrl Pts',(2.74484218298322,-0.303226202528474,1.38759162993718));
#7215=CARTESIAN_POINT('',(2.98484218298322,-0.377109885017872,1.27879601688672));
#7216=CARTESIAN_POINT('Ctrl Pts',(2.98484218298322,-0.377109885017872,1.27879601688672));
#7217=CARTESIAN_POINT('Ctrl Pts',(2.98484218298322,-0.367242042695322,1.29850886429096));
#7218=CARTESIAN_POINT('Ctrl Pts',(2.98484218298322,-0.347446605779162,1.33805392535632));
#7219=CARTESIAN_POINT('Ctrl Pts',(2.98484218298322,-0.317995969067753,1.37104586649393));
#7220=CARTESIAN_POINT('Ctrl Pts',(2.98484218298322,-0.303226202528473,1.38759162993718));
#7221=CARTESIAN_POINT('',(2.98484218298322,-0.377109885017872,1.27879601688672));
#7222=CARTESIAN_POINT('Ctrl Pts',(2.98484218298322,-0.41337513903856,1.07527774544049));
#7223=CARTESIAN_POINT('Ctrl Pts',(2.74484218298322,-0.413375139038562,1.07527774544049));
#7224=CARTESIAN_POINT('Ctrl Pts',(2.98484218298322,-0.412384644769881,1.11282374807958));
#7225=CARTESIAN_POINT('Ctrl Pts',(2.74484218298322,-0.412384644769883,1.11282374807958));
#7226=CARTESIAN_POINT('Ctrl Pts',(2.98484218298322,-0.410544594756061,1.18257329117105));
#7227=CARTESIAN_POINT('Ctrl Pts',(2.74484218298322,-0.410544594756063,1.18257329117105));
#7228=CARTESIAN_POINT('Ctrl Pts',(2.98484218298322,-0.387670782149582,1.24840250320069));
#7229=CARTESIAN_POINT('Ctrl Pts',(2.74484218298322,-0.387670782149583,1.24840250320069));
#7230=CARTESIAN_POINT('Ctrl Pts',(2.98484218298322,-0.377109885017872,1.27879601688672));
#7231=CARTESIAN_POINT('Ctrl Pts',(2.74484218298322,-0.377109885017874,1.27879601688672));
#7232=CARTESIAN_POINT('',(2.98484218298322,-0.41337513903856,1.07527774544049));
#7233=CARTESIAN_POINT('Ctrl Pts',(2.98484218298322,-0.41337513903856,1.07527774544049));
#7234=CARTESIAN_POINT('Ctrl Pts',(2.98484218298322,-0.412384644769881,1.11282374807958));
#7235=CARTESIAN_POINT('Ctrl Pts',(2.98484218298322,-0.410544594756061,1.18257329117105));
#7236=CARTESIAN_POINT('Ctrl Pts',(2.98484218298322,-0.387670782149582,1.24840250320069));
#7237=CARTESIAN_POINT('Ctrl Pts',(2.98484218298322,-0.377109885017872,1.27879601688672));
#7238=CARTESIAN_POINT('',(2.98484218298322,-0.41337513903856,1.07527774544049));
#7239=CARTESIAN_POINT('Ctrl Pts',(2.98484218298322,-0.308909654419418,0.777848854377754));
#7240=CARTESIAN_POINT('Ctrl Pts',(2.74484218298322,-0.30890965441942,0.777848854377755));
#7241=CARTESIAN_POINT('Ctrl Pts',(2.98484218298322,-0.339344802735249,0.819052219255749));
#7242=CARTESIAN_POINT('Ctrl Pts',(2.74484218298322,-0.33934480273525,0.81905221925575));
#7243=CARTESIAN_POINT('Ctrl Pts',(2.98484218298322,-0.404407095235169,0.907134108979216));
#7244=CARTESIAN_POINT('Ctrl Pts',(2.74484218298322,-0.404407095235171,0.907134108979218));
#7245=CARTESIAN_POINT('Ctrl Pts',(2.98484218298322,-0.41026008737252,1.01687302236199));
#7246=CARTESIAN_POINT('Ctrl Pts',(2.74484218298322,-0.410260087372522,1.01687302236199));
#7247=CARTESIAN_POINT('Ctrl Pts',(2.98484218298322,-0.41337513903856,1.07527774544049));
#7248=CARTESIAN_POINT('Ctrl Pts',(2.74484218298322,-0.413375139038562,1.07527774544049));
#7249=CARTESIAN_POINT('Ctrl Pts',(2.98484218298322,-0.308909654419418,0.777848854377754));
#7250=CARTESIAN_POINT('Ctrl Pts',(2.98484218298322,-0.339344802735249,0.819052219255749));
#7251=CARTESIAN_POINT('Ctrl Pts',(2.98484218298322,-0.404407095235169,0.907134108979216));
#7252=CARTESIAN_POINT('Ctrl Pts',(2.98484218298322,-0.41026008737252,1.01687302236199));
#7253=CARTESIAN_POINT('Ctrl Pts',(2.98484218298322,-0.41337513903856,1.07527774544049));
#7254=CARTESIAN_POINT('Origin',(2.98484218298322,-0.699707954924099,0.946996330931668));
#7255=CARTESIAN_POINT('',(2.98484218298322,-0.699707954924099,0.946996330931668));
#7256=CARTESIAN_POINT('',(2.98484218298324,-0.69970795492412,3.76519658388186));
#7257=CARTESIAN_POINT('',(2.98484218298322,-0.699707954924099,0.946996330931668));
#7258=CARTESIAN_POINT('Origin',(2.98484218298323,-1.024471089046,1.47690151603508));
#7259=CARTESIAN_POINT('',(2.98484218298323,-1.024471089046,1.47690151603508));
#7260=CARTESIAN_POINT('',(2.98484218298326,-2.95204362416966,4.62205739644842));
#7261=CARTESIAN_POINT('',(2.98484218298323,-1.024471089046,1.47690151603508));
#7262=CARTESIAN_POINT('Origin',(2.98484218298323,-1.18035742620706,1.47690151603508));
#7263=CARTESIAN_POINT('',(2.98484218298323,-1.18035742620706,1.47690151603508));
#7264=CARTESIAN_POINT('',(2.98484218298325,-3.99578371344834,1.47690151603506));
#7265=CARTESIAN_POINT('',(2.98484218298323,-1.18035742620706,1.47690151603508));
#7266=CARTESIAN_POINT('Origin',(2.98484218298322,-1.18035742620706,0.683396875575067));
#7267=CARTESIAN_POINT('',(2.98484218298322,-1.18035742620706,0.683396875575067));
#7268=CARTESIAN_POINT('',(2.98484218298324,-1.18035742620708,3.63339685620356));
#7269=CARTESIAN_POINT('',(2.98484218298322,-1.18035742620706,0.683396875575067));
#7270=CARTESIAN_POINT('Origin',(2.98484218298322,-1.03150764087915,0.683396875575068));
#7271=CARTESIAN_POINT('',(2.98484218298324,-3.92135882078438,0.683396875575046));
#7272=CARTESIAN_POINT('Origin',(2.9848421829833,-6.81121000068966,6.58339683683201));
#7273=CARTESIAN_POINT('',(2.9848421829832,1.43878999931038,0.583396836832065));
#7274=CARTESIAN_POINT('',(2.9848421829832,1.23878999931038,0.383396836832063));
#7275=CARTESIAN_POINT('Origin',(2.98484218298321,1.23878999931038,0.583396836832063));
#7276=CARTESIAN_POINT('',(2.98484218298321,1.43878999931038,1.58339683683207));
#7277=CARTESIAN_POINT('',(2.98484218298323,1.43878999931036,4.08339683683206));
#7278=CARTESIAN_POINT('',(2.98484218298321,2.83878999931037,2.98339683683208));
#7279=CARTESIAN_POINT('Origin',(2.9848421829832,2.83878999931038,1.58339683683207));
#7280=CARTESIAN_POINT('',(2.98484218298319,5.98878999931037,2.9833968368321));
#7281=CARTESIAN_POINT('',(2.98484218298323,-0.411210000689634,2.98339683683205));
#7282=CARTESIAN_POINT('',(2.98484218298321,5.98878999931034,6.5833968368321));
#7283=CARTESIAN_POINT('',(2.98484218298321,5.98878999931034,6.5833968368321));
#7284=CARTESIAN_POINT('',(2.9848421829833,-6.81121000068966,6.58339683683201));
#7285=CARTESIAN_POINT('',(2.9848421829833,-6.81121000068966,6.58339683683201));
#7286=CARTESIAN_POINT('',(2.98484218298328,-6.81121000068964,2.98339683683201));
#7287=CARTESIAN_POINT('',(2.9848421829833,-6.81121000068966,6.58339683683201));
#7288=CARTESIAN_POINT('',(2.98484218298326,-3.66121000068963,2.98339683683203));
#7289=CARTESIAN_POINT('',(2.98484218298327,-5.23621000068963,2.98339683683202));
#7290=CARTESIAN_POINT('',(2.98484218298324,-2.26121000068962,1.58339683683204));
#7291=CARTESIAN_POINT('Origin',(2.98484218298325,-3.66121000068962,1.58339683683203));
#7292=CARTESIAN_POINT('',(2.98484218298323,-2.26121000068962,0.583396836832038));
#7293=CARTESIAN_POINT('',(2.98484218298325,-2.26121000068964,3.48339683683204));
#7294=CARTESIAN_POINT('',(2.98484218298323,-2.06121000068962,0.38339683683204));
#7295=CARTESIAN_POINT('Origin',(2.98484218298323,-2.06121000068962,0.583396836832039));
#7296=CARTESIAN_POINT('',(2.98484218298323,-2.68621000068962,0.383396836832035));
#7297=CARTESIAN_POINT('',(2.98484218298323,-1.54183443310814,1.58339683683204));
#7298=CARTESIAN_POINT('',(2.98484218298324,-1.54183443310815,2.47139683683204));
#7299=CARTESIAN_POINT('',(2.98484218298325,-1.54183443310817,4.52739683683204));
#7300=CARTESIAN_POINT('',(2.98484218298322,0.71941443172889,2.47139683683206));
#7301=CARTESIAN_POINT('',(2.98484218298325,-3.04589778448037,2.47139683683203));
#7302=CARTESIAN_POINT('',(2.98484218298322,0.719414431728896,1.58339683683206));
#7303=CARTESIAN_POINT('',(2.98484218298323,0.719414431728878,4.08339683683206));
#7304=CARTESIAN_POINT('',(2.98484218298325,-4.17652221689888,1.58339683683202));
#7305=CARTESIAN_POINT('',(2.98484218298328,-5.66121000068965,5.38339683683201));
#7306=CARTESIAN_POINT('',(2.98484218298329,-6.26121000068965,5.38339683683201));
#7307=CARTESIAN_POINT('',(2.98484218298329,-6.53621000068965,5.38339683683201));
#7308=CARTESIAN_POINT('',(2.98484218298329,-6.11121000068966,6.28339683683201));
#7309=CARTESIAN_POINT('',(2.98484218298329,-6.0963451358248,6.3725860260212));
#7310=CARTESIAN_POINT('',(2.98484218298329,-5.81121000068966,6.28339683683201));
#7311=CARTESIAN_POINT('',(2.98484218298329,-6.31121000068966,6.28339683683201));
#7312=CARTESIAN_POINT('',(2.98484218298329,-5.7740478385275,6.06042386385904));
#7313=CARTESIAN_POINT('Origin',(-2.81515781701679,1.23878999931034,0.583396836832098));
#7314=CARTESIAN_POINT('',(2.6848421829832,1.23878999931038,0.383396836832065));
#7315=CARTESIAN_POINT('',(-2.81515781701679,1.23878999931034,0.383396836832098));
#7316=CARTESIAN_POINT('',(2.6848421829832,1.43878999931038,0.583396836832067));
#7317=CARTESIAN_POINT('Origin',(2.68484218298321,1.23878999931038,0.583396836832065));
#7318=CARTESIAN_POINT('',(-2.81515781701679,1.43878999931034,0.5833968368321));
#7319=CARTESIAN_POINT('Origin',(2.6848421829833,-6.81121000068966,6.58339683683201));
#7320=CARTESIAN_POINT('',(2.68484218298323,-2.06121000068962,0.383396836832041));
#7321=CARTESIAN_POINT('',(2.68484218298323,-2.68621000068962,0.383396836832037));
#7322=CARTESIAN_POINT('',(2.68484218298323,-2.26121000068962,0.58339683683204));
#7323=CARTESIAN_POINT('Origin',(2.68484218298323,-2.06121000068962,0.583396836832041));
#7324=CARTESIAN_POINT('',(2.68484218298324,-2.26121000068963,1.58339683683204));
#7325=CARTESIAN_POINT('',(2.68484218298325,-2.26121000068964,3.48339683683204));
#7326=CARTESIAN_POINT('',(2.68484218298326,-3.66121000068964,2.98339683683203));
#7327=CARTESIAN_POINT('Origin',(2.68484218298325,-3.66121000068963,1.58339683683203));
#7328=CARTESIAN_POINT('',(2.68484218298327,-6.26120997767913,2.98339683683201));
#7329=CARTESIAN_POINT('',(2.68484218298327,-5.23621000068964,2.98339683683202));
#7330=CARTESIAN_POINT('',(2.68484218298329,-6.26120998878161,5.38339683738875));
#7331=CARTESIAN_POINT('',(2.6848421829833,-6.2612099768478,6.58339683683201));
#7332=CARTESIAN_POINT('',(2.68484218298328,-5.66121000068965,5.38339683683202));
#7333=CARTESIAN_POINT('',(2.68484218298329,-6.53621000068965,5.38339683683201));
#7334=CARTESIAN_POINT('',(2.68484218298329,-5.81121000068966,6.28339683683202));
#7335=CARTESIAN_POINT('',(2.68484218298329,-5.7740478385275,6.06042386385905));
#7336=CARTESIAN_POINT('',(2.68484218298321,5.68878999931034,6.2833968368321));
#7337=CARTESIAN_POINT('',(2.6848421829833,-6.81121000068966,6.28339683683201));
#7338=CARTESIAN_POINT('',(2.68484218298319,5.68878999931036,2.9833968368321));
#7339=CARTESIAN_POINT('',(2.68484218298321,5.68878999931034,6.5833968368321));
#7340=CARTESIAN_POINT('',(2.68484218298321,2.83878999931036,2.98339683683208));
#7341=CARTESIAN_POINT('',(2.68484218298323,-0.411210000689636,2.98339683683205));
#7342=CARTESIAN_POINT('',(2.68484218298321,1.43878999931037,1.58339683683207));
#7343=CARTESIAN_POINT('Origin',(2.6848421829832,2.83878999931037,1.58339683683208));
#7344=CARTESIAN_POINT('',(2.68484218298323,1.43878999931036,4.08339683683207));
#7345=CARTESIAN_POINT('',(2.68484218298324,-1.54183443310815,2.47139683683205));
#7346=CARTESIAN_POINT('',(2.68484218298323,-1.54183443310815,1.58339683683205));
#7347=CARTESIAN_POINT('',(2.68484218298325,-1.54183443310817,4.52739683683204));
#7348=CARTESIAN_POINT('',(2.68484218298322,0.719414431728894,1.58339683683206));
#7349=CARTESIAN_POINT('',(2.68484218298325,-4.17652221689889,1.58339683683203));
#7350=CARTESIAN_POINT('',(2.68484218298322,0.719414431728888,2.47139683683206));
#7351=CARTESIAN_POINT('',(2.68484218298323,0.719414431728876,4.08339683683206));
#7352=CARTESIAN_POINT('',(2.68484218298325,-3.04589778448037,2.47139683683203));
#7353=CARTESIAN_POINT('Origin',(-2.8151578170168,1.43878999931034,0.3833968368321));
#7354=CARTESIAN_POINT('',(-2.81515781701677,-2.06121000068966,0.383396836832074));
#7355=CARTESIAN_POINT('Origin',(-2.81515781701677,-2.06121000068966,0.583396836832074));
#7356=CARTESIAN_POINT('',(-2.81515781701677,-2.26121000068966,0.583396836832073));
#7357=CARTESIAN_POINT('Origin',(-2.81515781701677,-2.06121000068966,0.583396836832074));
#7358=CARTESIAN_POINT('',(-2.51515781701677,-2.06121000068966,0.383396836832073));
#7359=CARTESIAN_POINT('',(-2.51515781701677,-2.26121000068966,0.583396836832071));
#7360=CARTESIAN_POINT('Origin',(-2.51515781701677,-2.06121000068966,0.583396836832073));
#7361=CARTESIAN_POINT('',(-2.81515781701677,-2.26121000068966,0.583396836832073));
#7362=CARTESIAN_POINT('',(-2.81515781701677,-2.26121000068966,0.583396836832073));
#7363=CARTESIAN_POINT('',(-2.81515781701677,-2.06121000068966,0.383396836832074));
#7364=CARTESIAN_POINT('Origin',(-2.81515781701677,-2.06121000068966,0.583396836832074));
#7365=CARTESIAN_POINT('',(-2.81515781701677,-2.06121000068966,0.383396836832074));
#7366=CARTESIAN_POINT('Origin',(-2.5151578170167,-6.8112100006897,6.58339683683204));
#7367=CARTESIAN_POINT('',(-2.5151578170168,1.23878999931035,0.383396836832096));
#7368=CARTESIAN_POINT('',(-2.51515781701677,-2.68621000068966,0.383396836832068));
#7369=CARTESIAN_POINT('',(-2.51515781701679,1.43878999931034,0.583396836832098));
#7370=CARTESIAN_POINT('Origin',(-2.51515781701679,1.23878999931034,0.583396836832096));
#7371=CARTESIAN_POINT('',(-2.51515781701679,1.43878999931034,1.5833968368321));
#7372=CARTESIAN_POINT('',(-2.51515781701678,1.43878999931032,4.0833968368321));
#7373=CARTESIAN_POINT('',(-2.51515781701679,2.83878999931033,2.98339683683211));
#7374=CARTESIAN_POINT('Origin',(-2.5151578170168,2.83878999931034,1.58339683683211));
#7375=CARTESIAN_POINT('',(-2.51515781701681,5.68878999931033,2.98339683683213));
#7376=CARTESIAN_POINT('',(-2.51515781701677,-0.411210000689674,2.98339683683209));
#7377=CARTESIAN_POINT('',(-2.51515781701679,5.6887899993103,6.28339683683213));
#7378=CARTESIAN_POINT('',(-2.51515781701679,5.6887899993103,6.58339683683213));
#7379=CARTESIAN_POINT('',(-2.51515781701671,-5.8112100006897,6.28339683683205));
#7380=CARTESIAN_POINT('',(-2.5151578170167,-6.8112100006897,6.28339683683204));
#7381=CARTESIAN_POINT('',(-2.51515781701671,-5.66121000068969,5.38339683683205));
#7382=CARTESIAN_POINT('',(-2.51515781701671,-5.77404783852754,6.06042386385908));
#7383=CARTESIAN_POINT('',(-2.51515781701671,-6.26120998878165,5.38339683738878));
#7384=CARTESIAN_POINT('',(-2.51515781701671,-6.53621000068969,5.38339683683204));
#7385=CARTESIAN_POINT('',(-2.51515781701673,-6.26120997767916,2.98339683683204));
#7386=CARTESIAN_POINT('',(-2.5151578170167,-6.26120997684784,6.58339683683204));
#7387=CARTESIAN_POINT('',(-2.51515781701675,-3.66121000068967,2.98339683683206));
#7388=CARTESIAN_POINT('',(-2.51515781701673,-5.23621000068967,2.98339683683205));
#7389=CARTESIAN_POINT('',(-2.51515781701676,-2.26121000068966,1.58339683683207));
#7390=CARTESIAN_POINT('Origin',(-2.51515781701675,-3.66121000068966,1.58339683683206));
#7391=CARTESIAN_POINT('',(-2.51515781701675,-2.26121000068968,3.48339683683207));
#7392=CARTESIAN_POINT('',(-2.51515781701677,-1.54183443310818,1.58339683683208));
#7393=CARTESIAN_POINT('',(-2.51515781701676,-1.54183443310819,2.47139683683208));
#7394=CARTESIAN_POINT('',(-2.51515781701675,-1.5418344331082,4.52739683683208));
#7395=CARTESIAN_POINT('',(-2.51515781701678,0.71941443172885,2.47139683683209));
#7396=CARTESIAN_POINT('',(-2.51515781701675,-3.04589778448041,2.47139683683207));
#7397=CARTESIAN_POINT('',(-2.51515781701678,0.719414431728857,1.58339683683209));
#7398=CARTESIAN_POINT('',(-2.51515781701677,0.719414431728839,4.08339683683209));
#7399=CARTESIAN_POINT('',(-2.51515781701675,-4.17652221689892,1.58339683683206));
#7400=CARTESIAN_POINT('Origin',(-2.8151578170168,1.43878999931034,0.3833968368321));
#7401=CARTESIAN_POINT('',(-2.81515781701679,1.23878999931034,0.383396836832098));
#7402=CARTESIAN_POINT('',(-2.81515781701677,-2.68621000068966,0.38339683683207));
#7403=CARTESIAN_POINT('',(-2.81515781701679,1.23878999931034,0.383396836832098));
#7404=CARTESIAN_POINT('Origin',(-2.81515781701679,1.23878999931034,0.583396836832098));
#7405=CARTESIAN_POINT('',(-2.81515781701679,1.43878999931034,0.5833968368321));
#7406=CARTESIAN_POINT('Origin',(-2.81515781701679,1.23878999931034,0.583396836832098));
#7407=CARTESIAN_POINT('',(-2.81515781701679,1.43878999931034,0.5833968368321));
#7408=CARTESIAN_POINT('Origin',(-1.36515781701674,-1.77681692621241,6.58339683683207));
#7409=CARTESIAN_POINT('',(1.53484218298326,-1.77681692621239,6.28339683683205));
#7410=CARTESIAN_POINT('',(-1.36515781701674,-1.77681692621241,6.28339683683207));
#7411=CARTESIAN_POINT('',(0.809842182983262,-1.77681692621239,6.28339683683206));
#7412=CARTESIAN_POINT('',(1.53484218298326,-1.77681692621239,6.58339683683205));
#7413=CARTESIAN_POINT('',(1.53484218298326,-1.77681692621239,6.58339683683205));
#7414=CARTESIAN_POINT('',(-1.36515781701674,-1.77681692621241,6.58339683683207));
#7415=CARTESIAN_POINT('',(1.53484218298326,-1.77681692621239,6.58339683683205));
#7416=CARTESIAN_POINT('',(-1.36515781701674,-1.77681692621241,6.58339683683207));
#7417=CARTESIAN_POINT('Origin',(-1.36515781701673,-2.94560307516698,6.58339683683206));
#7418=CARTESIAN_POINT('',(-1.36515781701673,-2.94560307516698,6.28339683683206));
#7419=CARTESIAN_POINT('',(-1.36515781701672,-4.87840653792834,6.28339683683205));
#7420=CARTESIAN_POINT('',(-1.36515781701673,-2.94560307516698,6.58339683683206));
#7421=CARTESIAN_POINT('',(-1.36515781701673,-2.94560307516698,6.58339683683206));
#7422=CARTESIAN_POINT('',(-1.36515781701673,-2.94560307516698,6.58339683683206));
#7423=CARTESIAN_POINT('Origin',(1.53484218298327,-2.94560307516696,6.58339683683204));
#7424=CARTESIAN_POINT('',(1.53484218298327,-2.94560307516696,6.28339683683204));
#7425=CARTESIAN_POINT('',(2.25984218298327,-2.94560307516695,6.28339683683204));
#7426=CARTESIAN_POINT('',(1.53484218298327,-2.94560307516696,6.58339683683204));
#7427=CARTESIAN_POINT('',(1.53484218298327,-2.94560307516696,6.58339683683204));
#7428=CARTESIAN_POINT('',(1.53484218298327,-2.94560307516696,6.58339683683204));
#7429=CARTESIAN_POINT('Origin',(1.53484218298326,-1.77681692621239,6.58339683683205));
#7430=CARTESIAN_POINT('',(1.53484218298328,-4.29401346345103,6.28339683683203));
#7431=CARTESIAN_POINT('',(1.53484218298327,-2.94560307516696,6.58339683683204));
#7432=CARTESIAN_POINT('Origin',(2.6848421829833,-6.81121000068966,6.58339683683201));
#7433=CARTESIAN_POINT('',(2.68484218298329,-6.26120997767915,6.28339683683201));
#7434=CARTESIAN_POINT('',(2.6848421829833,-6.2612099768478,6.58339683683201));
#7435=CARTESIAN_POINT('',(2.68484218298329,-6.11121000068966,6.28339683683201));
#7436=CARTESIAN_POINT('',(2.6848421829833,-6.81121000068966,6.28339683683201));
#7437=CARTESIAN_POINT('',(2.68484218298329,-6.0963451358248,6.3725860260212));
#7438=CARTESIAN_POINT('Origin',(0.0848421829832791,-5.01531187369151,5.18339683683204));
#7439=CARTESIAN_POINT('',(1.36875373840959,-6.26120997767915,5.18339683683202));
#7440=CARTESIAN_POINT('',(-1.19906937244301,-6.26120997767917,5.18339683683203));
#7441=CARTESIAN_POINT('',(1.53484218298329,-6.2612099768478,5.18339683683202));
#7442=CARTESIAN_POINT('',(-1.19906937244303,-3.51941374669335,5.18339683683205));
#7443=CARTESIAN_POINT('',(-1.19906937244301,-6.51121000068968,5.18339683683203));
#7444=CARTESIAN_POINT('',(1.36875373840957,-3.51941374669333,5.18339683683204));
#7445=CARTESIAN_POINT('',(-1.19906937244303,-3.51941374669335,5.18339683683205));
#7446=CARTESIAN_POINT('',(1.36875373840957,-3.51941374669333,5.18339683683204));
#7447=CARTESIAN_POINT('Origin',(-1.19906937244303,-3.51941374669336,6.28339683683206));
#7448=CARTESIAN_POINT('',(1.36875373840957,-3.51941374669334,6.28339683683204));
#7449=CARTESIAN_POINT('',(-1.19906937244303,-3.51941374669336,6.28339683683206));
#7450=CARTESIAN_POINT('',(0.892886405270122,-3.51941374669334,6.28339683683204));
#7451=CARTESIAN_POINT('',(1.36875373840957,-3.51941374669334,6.28339683683204));
#7452=CARTESIAN_POINT('',(-1.19906937244303,-3.51941374669336,6.28339683683206));
#7453=CARTESIAN_POINT('Origin',(-1.19906937244301,-5.46121000068969,6.28339683683204));
#7454=CARTESIAN_POINT('',(-1.19906937244301,-6.26120998936463,5.58339683683204));
#7455=CARTESIAN_POINT('',(-1.19906937244301,-6.26120997684783,6.43339683683203));
#7456=CARTESIAN_POINT('',(-1.19906937244302,-5.46121000068968,5.58339683683204));
#7457=CARTESIAN_POINT('',(-1.19906937244301,-6.51121000068968,5.58339683683203));
#7458=CARTESIAN_POINT('',(-1.19906937244301,-5.46121000068969,6.28339683683204));
#7459=CARTESIAN_POINT('',(-1.19906937244301,-5.46121000068969,6.28339683683204));
#7460=CARTESIAN_POINT('',(-1.19906937244301,-6.13621000068969,6.28339683683204));
#7461=CARTESIAN_POINT('Origin',(1.36875373840959,-5.46121000068967,6.28339683683203));
#7462=CARTESIAN_POINT('',(1.36875373840959,-5.46121000068967,6.28339683683203));
#7463=CARTESIAN_POINT('',(-1.19906937244301,-5.46121000068969,6.28339683683204));
#7464=CARTESIAN_POINT('',(1.36875373840958,-5.46121000068967,5.58339683683203));
#7465=CARTESIAN_POINT('',(-1.19906937244302,-5.46121000068968,5.58339683683204));
#7466=CARTESIAN_POINT('',(1.36875373840959,-5.46121000068967,6.28339683683203));
#7467=CARTESIAN_POINT('Origin',(1.36875373840957,-3.51941374669334,6.28339683683204));
#7468=CARTESIAN_POINT('',(1.36875373840959,-6.26120998936461,5.58339683683202));
#7469=CARTESIAN_POINT('',(1.3687537384096,-6.26120997684781,6.43339683683202));
#7470=CARTESIAN_POINT('',(1.36875373840959,-5.1653118736915,6.28339683683203));
#7471=CARTESIAN_POINT('',(1.36875373840957,-3.51941374669333,5.58339683683204));
#7472=CARTESIAN_POINT('Origin',(0.0848421829832519,-0.411210000689679,6.28339683683207));
#7473=CARTESIAN_POINT('Origin',(-1.19906937244302,-3.51941374669336,6.58339683683205));
#7474=CARTESIAN_POINT('',(0.892886405270122,-3.51941374669334,6.28339683683204));
#7475=CARTESIAN_POINT('',(1.36875373840958,-3.51941374669334,6.58339683683204));
#7476=CARTESIAN_POINT('',(1.36875373840958,-3.51941374669334,6.58339683683204));
#7477=CARTESIAN_POINT('',(-1.19906937244302,-3.51941374669336,6.58339683683205));
#7478=CARTESIAN_POINT('',(0.892886405270125,-3.51941374669335,6.58339683683204));
#7479=CARTESIAN_POINT('',(-1.19906937244302,-3.51941374669336,6.58339683683205));
#7480=CARTESIAN_POINT('Origin',(-1.19906937244301,-5.46121000068969,6.58339683683204));
#7481=CARTESIAN_POINT('',(-1.19906937244301,-6.13621000068969,6.28339683683204));
#7482=CARTESIAN_POINT('',(-1.19906937244301,-5.46121000068969,6.58339683683204));
#7483=CARTESIAN_POINT('',(-1.19906937244301,-6.13621000068969,6.58339683683204));
#7484=CARTESIAN_POINT('',(-1.19906937244301,-5.46121000068969,6.58339683683204));
#7485=CARTESIAN_POINT('Origin',(1.36875373840958,-3.51941374669334,6.58339683683204));
#7486=CARTESIAN_POINT('',(1.36875373840959,-5.1653118736915,6.28339683683203));
#7487=CARTESIAN_POINT('',(1.36875373840959,-5.46121000068967,6.58339683683202));
#7488=CARTESIAN_POINT('',(1.36875373840959,-5.46121000068967,6.58339683683202));
#7489=CARTESIAN_POINT('',(1.36875373840959,-5.1653118736915,6.58339683683203));
#7490=CARTESIAN_POINT('Origin',(0.0848421829832485,-0.411210000689674,5.58339683683207));
#7491=CARTESIAN_POINT('',(-1.19906937244301,-6.81121000068968,5.58339683683203));
#7492=CARTESIAN_POINT('',(-1.19906937244301,-6.51121000068968,5.58339683683203));
#7493=CARTESIAN_POINT('',(1.36875373840959,-6.81121000068967,5.58339683683202));
#7494=CARTESIAN_POINT('',(1.53484218298329,-6.81121000068966,5.58339683683202));
#7495=CARTESIAN_POINT('',(1.36875373840959,-6.81121000068967,5.58339683683202));
#7496=CARTESIAN_POINT('Origin',(1.3687537384096,-6.26121000068967,6.58339683683202));
#7497=CARTESIAN_POINT('',(1.3687537384096,-6.81121000068967,6.58339683683202));
#7498=CARTESIAN_POINT('',(1.3687537384096,-6.81121000068967,6.58339683683202));
#7499=CARTESIAN_POINT('',(1.3687537384096,-6.26121000068967,6.58339683683202));
#7500=CARTESIAN_POINT('',(1.3687537384096,-6.53621000068967,6.58339683683202));
#7501=CARTESIAN_POINT('',(1.3687537384096,-6.26121000068967,6.58339683683202));
#7502=CARTESIAN_POINT('Origin',(-1.199069372443,-6.81121000068969,6.58339683683203));
#7503=CARTESIAN_POINT('',(-1.199069372443,-6.26121000068969,6.58339683683204));
#7504=CARTESIAN_POINT('',(-1.199069372443,-6.26121000068969,6.58339683683204));
#7505=CARTESIAN_POINT('',(-1.199069372443,-6.81121000068969,6.58339683683203));
#7506=CARTESIAN_POINT('',(-1.199069372443,-6.81121000068969,6.58339683683203));
#7507=CARTESIAN_POINT('',(-1.199069372443,-6.81121000068969,6.58339683683203));
#7508=CARTESIAN_POINT('Origin',(-1.66515781701671,-5.46121000068969,6.58339683683204));
#7509=CARTESIAN_POINT('',(-1.66515781701671,-5.46121000068969,6.58339683683204));
#7510=CARTESIAN_POINT('',(0.65984218298329,-5.46121000068968,6.58339683683203));
#7511=CARTESIAN_POINT('',(-1.66515781701671,-5.46121000068969,6.28339683683204));
#7512=CARTESIAN_POINT('',(-1.66515781701671,-5.46121000068969,6.58339683683204));
#7513=CARTESIAN_POINT('',(0.659842182983288,-5.46121000068968,6.28339683683203));
#7514=CARTESIAN_POINT('Origin',(2.9848421829833,-6.81121000068966,6.28339683683201));
#7515=CARTESIAN_POINT('',(-1.66515781701671,-6.26120998921028,6.28339683683204));
#7516=CARTESIAN_POINT('',(-2.51515781701671,-6.26120997767919,6.28339683683204));
#7517=CARTESIAN_POINT('',(2.98484218298329,-6.2612099768478,6.28339683683201));
#7518=CARTESIAN_POINT('',(-2.51515781701671,-6.1112100006897,6.28339683683204));
#7519=CARTESIAN_POINT('',(-2.5151578170167,-6.8112100006897,6.28339683683204));
#7520=CARTESIAN_POINT('',(-2.81515781701671,-6.1112100006897,6.28339683683205));
#7521=CARTESIAN_POINT('',(-2.76515781701671,-6.1112100006897,6.28339683683205));
#7522=CARTESIAN_POINT('',(-2.81515781701671,-5.8112100006897,6.28339683683205));
#7523=CARTESIAN_POINT('',(-2.8151578170167,-6.4612100006897,6.28339683683204));
#7524=CARTESIAN_POINT('',(-2.76515781701671,-5.8112100006897,6.28339683683205));
#7525=CARTESIAN_POINT('',(2.98484218298321,5.68878999931034,6.2833968368321));
#7526=CARTESIAN_POINT('',(-2.76515781701671,-5.8112100006897,6.28339683683205));
#7527=CARTESIAN_POINT('',(-2.76515781701671,-6.1112100006897,6.28339683683205));
#7528=CARTESIAN_POINT('',(1.83484218298329,-6.26120998921025,6.28339683683202));
#7529=CARTESIAN_POINT('',(2.98484218298329,-6.2612099768478,6.28339683683201));
#7530=CARTESIAN_POINT('',(1.83484218298329,-5.46121000068967,6.28339683683202));
#7531=CARTESIAN_POINT('',(1.83484218298329,-6.13621000068967,6.28339683683202));
#7532=CARTESIAN_POINT('',(0.659842182983288,-5.46121000068968,6.28339683683203));
#7533=CARTESIAN_POINT('',(-1.6651578170167,-6.53621000068969,6.28339683683204));
#7534=CARTESIAN_POINT('Origin',(1.8348421829833,-6.26121000068967,6.58339683683202));
#7535=CARTESIAN_POINT('',(1.8348421829833,-6.26121000068967,6.58339683683202));
#7536=CARTESIAN_POINT('',(2.4098421829833,-6.26121000068967,6.58339683683201));
#7537=CARTESIAN_POINT('',(1.8348421829833,-6.26121000068967,6.58339683683202));
#7538=CARTESIAN_POINT('',(0.0848421829832735,-6.26120997684779,2.98339683683203));
#7539=CARTESIAN_POINT('',(-2.5151578170167,-6.26120997684784,6.58339683683204));
#7540=CARTESIAN_POINT('',(-1.6651578170167,-6.26121000068969,6.58339683683204));
#7541=CARTESIAN_POINT('',(-1.6651578170167,-6.26121000068969,6.58339683683204));
#7542=CARTESIAN_POINT('',(2.4098421829833,-6.26121000068967,6.58339683683201));
#7543=CARTESIAN_POINT('Origin',(1.83484218298329,-5.46121000068967,6.58339683683202));
#7544=CARTESIAN_POINT('',(1.83484218298329,-5.46121000068967,6.58339683683202));
#7545=CARTESIAN_POINT('',(1.83484218298329,-6.13621000068967,6.58339683683202));
#7546=CARTESIAN_POINT('',(1.83484218298329,-5.46121000068967,6.58339683683202));
#7547=CARTESIAN_POINT('Origin',(-1.66515781701671,-5.46121000068969,6.58339683683204));
#7548=CARTESIAN_POINT('',(0.65984218298329,-5.46121000068968,6.58339683683203));
#7549=CARTESIAN_POINT('Origin',(-1.6651578170167,-6.26121000068969,6.58339683683204));
#7550=CARTESIAN_POINT('',(-1.6651578170167,-6.53621000068969,6.58339683683204));
#7551=CARTESIAN_POINT('Origin',(-2.76515781701671,-6.1112100006897,6.28339683683205));
#7552=CARTESIAN_POINT('',(-2.51515781701671,-6.09634513582484,6.37258602602123));
#7553=CARTESIAN_POINT('',(-2.81515781701671,-6.26121000068969,5.38339683683204));
#7554=CARTESIAN_POINT('',(-2.76515781701671,-6.26121000068969,5.38339683683204));
#7555=CARTESIAN_POINT('',(-2.81515781701671,-6.17134513582484,5.92258602602123));
#7556=CARTESIAN_POINT('Origin',(-2.76515781701672,-5.66121000068969,5.38339683683205));
#7557=CARTESIAN_POINT('',(-2.81515781701671,-5.66121000068969,5.38339683683205));
#7558=CARTESIAN_POINT('',(-2.81515781701671,-5.84904783852754,6.51042386385908));
#7559=CARTESIAN_POINT('',(-2.76515781701672,-5.66121000068969,5.38339683683205));
#7560=CARTESIAN_POINT('Origin',(-2.76515781701672,-5.66121000068969,5.38339683683205));
#7561=CARTESIAN_POINT('',(-2.76515781701672,-5.66121000068969,5.38339683683205));
#7562=CARTESIAN_POINT('Origin',(-2.76515781701671,-6.26121000068969,5.38339683683204));
#7563=CARTESIAN_POINT('',(-2.81515781701671,-6.23621000068969,5.38339683683204));
#7564=CARTESIAN_POINT('Origin',(-2.76515781701671,-6.26121000068969,5.38339683683204));
#7565=CARTESIAN_POINT('',(-2.76515781701671,-6.26121000068969,5.38339683683204));
#7566=CARTESIAN_POINT('Origin',(-2.76515781701671,-6.1112100006897,6.28339683683205));
#7567=CARTESIAN_POINT('Origin',(-2.81515781701678,0.719414431728855,1.58339683683209));
#7568=CARTESIAN_POINT('',(-2.81515781701678,0.719414431728848,2.47139683683209));
#7569=CARTESIAN_POINT('',(-2.81515781701678,0.719414431728848,2.47139683683209));
#7570=CARTESIAN_POINT('',(-2.81515781701678,0.719414431728855,1.58339683683209));
#7571=CARTESIAN_POINT('',(-2.81515781701677,0.719414431728837,4.08339683683209));
#7572=CARTESIAN_POINT('',(-2.81515781701678,0.719414431728855,1.58339683683209));
#7573=CARTESIAN_POINT('Origin',(-2.81515781701678,0.719414431728855,1.58339683683209));
#7574=CARTESIAN_POINT('',(-2.81515781701678,0.719414431728855,1.58339683683209));
#7575=CARTESIAN_POINT('',(-2.81515781701678,0.719414431728848,2.47139683683209));
#7576=CARTESIAN_POINT('Origin',(-2.81515781701678,0.719414431728848,2.47139683683209));
#7577=CARTESIAN_POINT('',(-2.81515781701676,-1.54183443310819,2.47139683683208));
#7578=CARTESIAN_POINT('',(-2.81515781701676,-1.54183443310819,2.47139683683208));
#7579=CARTESIAN_POINT('',(-2.81515781701675,-3.04589778448041,2.47139683683207));
#7580=CARTESIAN_POINT('Origin',(-2.81515781701678,0.719414431728848,2.47139683683209));
#7581=CARTESIAN_POINT('',(-2.81515781701676,-1.54183443310819,2.47139683683208));
#7582=CARTESIAN_POINT('Origin',(-2.81515781701677,-1.54183443310819,1.58339683683208));
#7583=CARTESIAN_POINT('',(-2.81515781701677,-1.54183443310819,1.58339683683208));
#7584=CARTESIAN_POINT('',(-2.81515781701675,-4.17652221689893,1.58339683683206));
#7585=CARTESIAN_POINT('',(-2.81515781701677,-1.54183443310819,1.58339683683208));
#7586=CARTESIAN_POINT('Origin',(-2.81515781701676,-1.54183443310819,2.47139683683208));
#7587=CARTESIAN_POINT('',(-2.81515781701675,-1.54183443310821,4.52739683683208));
#7588=CARTESIAN_POINT('Origin',(-2.81515781701676,-1.54183443310819,2.47139683683208));
#7589=CARTESIAN_POINT('',(-2.81515781701677,-1.54183443310819,1.58339683683208));
#7590=CARTESIAN_POINT('Origin',(-2.81515781701677,-1.54183443310819,1.58339683683208));
#7591=CARTESIAN_POINT('Origin',(2.98484218298321,5.68878999931034,6.5833968368321));
#7592=CARTESIAN_POINT('',(0.0848421829831875,5.68878999931034,2.98339683683211));
#7593=CARTESIAN_POINT('Origin',(-2.5151578170167,-6.8112100006897,6.58339683683204));
#7594=CARTESIAN_POINT('Origin',(-2.81515781701675,-3.66121000068967,1.58339683683206));
#7595=CARTESIAN_POINT('',(-2.81515781701674,-3.66121000068968,2.98339683683206));
#7596=CARTESIAN_POINT('',(-2.81515781701674,-3.66121000068968,2.98339683683206));
#7597=CARTESIAN_POINT('',(-2.81515781701676,-2.26121000068967,1.58339683683207));
#7598=CARTESIAN_POINT('Origin',(-2.81515781701675,-3.66121000068967,1.58339683683206));
#7599=CARTESIAN_POINT('',(-2.81515781701676,-2.26121000068967,1.58339683683207));
#7600=CARTESIAN_POINT('Origin',(-2.81515781701675,-3.66121000068967,1.58339683683206));
#7601=CARTESIAN_POINT('',(-2.81515781701676,-2.26121000068967,1.58339683683207));
#7602=CARTESIAN_POINT('',(-2.81515781701674,-3.66121000068968,2.98339683683206));
#7603=CARTESIAN_POINT('Origin',(-2.81515781701677,-2.26121000068966,0.383396836832073));
#7604=CARTESIAN_POINT('',(-2.81515781701675,-2.26121000068968,3.48339683683207));
#7605=CARTESIAN_POINT('Origin',(-2.81515781701677,-2.26121000068966,0.383396836832073));
#7606=CARTESIAN_POINT('Origin',(-2.81515781701679,1.43878999931033,1.5833968368321));
#7607=CARTESIAN_POINT('',(-2.81515781701679,1.43878999931033,1.5833968368321));
#7608=CARTESIAN_POINT('',(-2.81515781701677,1.43878999931032,4.0833968368321));
#7609=CARTESIAN_POINT('',(-2.81515781701679,1.43878999931033,1.5833968368321));
#7610=CARTESIAN_POINT('Origin',(-2.81515781701679,1.43878999931033,1.5833968368321));
#7611=CARTESIAN_POINT('',(-2.81515781701679,1.43878999931033,1.5833968368321));
#7612=CARTESIAN_POINT('Origin',(-2.81515781701681,5.98878999931032,2.98339683683213));
#7613=CARTESIAN_POINT('',(-2.81515781701679,2.83878999931032,2.98339683683211));
#7614=CARTESIAN_POINT('',(-2.81515781701679,2.83878999931032,2.98339683683211));
#7615=CARTESIAN_POINT('',(-2.81515781701681,5.98878999931032,2.98339683683213));
#7616=CARTESIAN_POINT('',(-2.81515781701677,-0.411210000689676,2.98339683683209));
#7617=CARTESIAN_POINT('',(0.0848421829831852,5.98878999931034,2.98339683683212));
#7618=CARTESIAN_POINT('',(-2.81515781701679,2.83878999931032,2.98339683683211));
#7619=CARTESIAN_POINT('Origin',(-2.8151578170168,2.83878999931033,1.58339683683211));
#7620=CARTESIAN_POINT('Origin',(-2.8151578170168,2.83878999931033,1.58339683683211));
#7621=CARTESIAN_POINT('Origin',(-2.8151578170168,2.83878999931033,1.58339683683211));
#7622=CARTESIAN_POINT('Origin',(2.9848421829833,-6.81121000068966,6.58339683683201));
#7623=CARTESIAN_POINT('Origin',(2.98484218298321,5.98878999931034,6.5833968368321));
#7624=CARTESIAN_POINT('',(-2.81515781701679,5.9887899993103,6.58339683683213));
#7625=CARTESIAN_POINT('',(-2.81515781701679,5.9887899993103,6.58339683683213));
#7626=CARTESIAN_POINT('',(2.98484218298321,5.98878999931034,6.5833968368321));
#7627=CARTESIAN_POINT('Origin',(2.9848421829833,-6.81121000068966,6.58339683683201));
#7628=CARTESIAN_POINT('',(2.9848421829833,-6.81121000068966,6.58339683683201));
#7629=CARTESIAN_POINT('',(-2.8151578170167,-6.8112100006897,6.58339683683204));
#7630=CARTESIAN_POINT('',(-2.8151578170167,-6.8112100006897,6.58339683683204));
#7631=CARTESIAN_POINT('',(2.9848421829833,-6.81121000068966,6.58339683683201));
#7632=CARTESIAN_POINT('Origin',(2.9848421829833,-6.81121000068966,6.58339683683201));
#7633=CARTESIAN_POINT('',(-2.81515781701672,-6.81121000068968,2.98339683683204));
#7634=CARTESIAN_POINT('',(-2.8151578170167,-6.8112100006897,6.58339683683204));
#7635=CARTESIAN_POINT('',(0.0848421829832774,-6.81121000068966,2.98339683683202));
#7636=CARTESIAN_POINT('Origin',(-2.8151578170167,-6.8112100006897,6.58339683683204));
#7637=CARTESIAN_POINT('',(-2.81515781701673,-5.23621000068968,2.98339683683205));
#7638=CARTESIAN_POINT('Origin',(-2.81515781701674,-3.66121000068968,2.98339683683206));
#7639=CARTESIAN_POINT('Ctrl Pts',(2.58484218298318,5.55732848067998,1.68322749705606));
#7640=CARTESIAN_POINT('Ctrl Pts',(3.06484218298318,5.55732848067998,1.68322749705606));
#7641=CARTESIAN_POINT('Ctrl Pts',(2.58484218298318,5.54795623761021,1.71236703248458));
#7642=CARTESIAN_POINT('Ctrl Pts',(3.06484218298318,5.54795623761021,1.71236703248458));
#7643=CARTESIAN_POINT('Ctrl Pts',(2.58484218298318,5.53052508610885,1.76656277334963));
#7644=CARTESIAN_POINT('Ctrl Pts',(3.06484218298318,5.53052508610885,1.76656277334962));
#7645=CARTESIAN_POINT('Ctrl Pts',(2.58484218298318,5.49333276508147,1.80951357683039));
#7646=CARTESIAN_POINT('Ctrl Pts',(3.06484218298318,5.49333276508147,1.80951357683038));
#7647=CARTESIAN_POINT('Ctrl Pts',(2.58484218298318,5.47613771577596,1.82937093348794));
#7648=CARTESIAN_POINT('Ctrl Pts',(3.06484218298318,5.47613771577597,1.82937093348794));
#7649=CARTESIAN_POINT('',(2.88484218298318,5.55732848067998,1.68322749705606));
#7650=CARTESIAN_POINT('',(2.88484218298318,5.47613771577596,1.82937093348794));
#7651=CARTESIAN_POINT('Ctrl Pts',(2.88484218298318,5.55732848067998,1.68322749705606));
#7652=CARTESIAN_POINT('Ctrl Pts',(2.88484218298318,5.54795623761021,1.71236703248458));
#7653=CARTESIAN_POINT('Ctrl Pts',(2.88484218298318,5.53052508610884,1.76656277334962));
#7654=CARTESIAN_POINT('Ctrl Pts',(2.88484218298318,5.49333276508147,1.80951357683038));
#7655=CARTESIAN_POINT('Ctrl Pts',(2.88484218298318,5.47613771577596,1.82937093348794));
#7656=CARTESIAN_POINT('',(2.98484218298318,5.47613771577596,1.82937093348794));
#7657=CARTESIAN_POINT('',(2.58484218298318,5.47613771577596,1.82937093348794));
#7658=CARTESIAN_POINT('',(2.98484218298318,5.55732848067999,1.68322749705606));
#7659=CARTESIAN_POINT('Ctrl Pts',(2.98484218298318,5.55732848067999,1.68322749705606));
#7660=CARTESIAN_POINT('Ctrl Pts',(2.98484218298318,5.54795623761021,1.71236703248458));
#7661=CARTESIAN_POINT('Ctrl Pts',(2.98484218298318,5.53052508610886,1.76656277334962));
#7662=CARTESIAN_POINT('Ctrl Pts',(2.98484218298318,5.49333276508148,1.80951357683038));
#7663=CARTESIAN_POINT('Ctrl Pts',(2.98484218298318,5.47613771577596,1.82937093348794));
#7664=CARTESIAN_POINT('',(2.58484218298318,5.55732848067998,1.68322749705606));
#7665=CARTESIAN_POINT('Ctrl Pts',(2.58484218298318,5.47613771577596,1.82937093348794));
#7666=CARTESIAN_POINT('Ctrl Pts',(3.06484218298318,5.47613771577597,1.82937093348794));
#7667=CARTESIAN_POINT('Ctrl Pts',(2.58484218298318,5.44260484268063,1.85446030890466));
#7668=CARTESIAN_POINT('Ctrl Pts',(3.06484218298318,5.44260484268063,1.85446030890466));
#7669=CARTESIAN_POINT('Ctrl Pts',(2.58484218298318,5.37260224100659,1.90683642199685));
#7670=CARTESIAN_POINT('Ctrl Pts',(3.06484218298318,5.37260224100659,1.90683642199685));
#7671=CARTESIAN_POINT('Ctrl Pts',(2.58484218298318,5.28515820757075,1.9124885557055));
#7672=CARTESIAN_POINT('Ctrl Pts',(3.06484218298318,5.28515820757075,1.9124885557055));
#7673=CARTESIAN_POINT('Ctrl Pts',(2.58484218298318,5.23960189839124,1.91543318600946));
#7674=CARTESIAN_POINT('Ctrl Pts',(3.06484218298318,5.23960189839124,1.91543318600945));
#7675=CARTESIAN_POINT('',(2.88484218298318,5.23960189839124,1.91543318600945));
#7676=CARTESIAN_POINT('Ctrl Pts',(2.88484218298318,5.47613771577596,1.82937093348794));
#7677=CARTESIAN_POINT('Ctrl Pts',(2.88484218298318,5.44260484268063,1.85446030890466));
#7678=CARTESIAN_POINT('Ctrl Pts',(2.88484218298318,5.37260224100658,1.90683642199685));
#7679=CARTESIAN_POINT('Ctrl Pts',(2.88484218298318,5.28515820757075,1.9124885557055));
#7680=CARTESIAN_POINT('Ctrl Pts',(2.88484218298318,5.23960189839124,1.91543318600945));
#7681=CARTESIAN_POINT('',(2.98484218298318,5.23960189839124,1.91543318600945));
#7682=CARTESIAN_POINT('',(2.58484218298318,5.23960189839124,1.91543318600946));
#7683=CARTESIAN_POINT('Ctrl Pts',(2.98484218298318,5.47613771577596,1.82937093348794));
#7684=CARTESIAN_POINT('Ctrl Pts',(2.98484218298318,5.44260484268063,1.85446030890466));
#7685=CARTESIAN_POINT('Ctrl Pts',(2.98484218298318,5.37260224100659,1.90683642199685));
#7686=CARTESIAN_POINT('Ctrl Pts',(2.98484218298318,5.28515820757075,1.9124885557055));
#7687=CARTESIAN_POINT('Ctrl Pts',(2.98484218298318,5.23960189839124,1.91543318600945));
#7688=CARTESIAN_POINT('Ctrl Pts',(2.58484218298318,5.23960189839124,1.91543318600946));
#7689=CARTESIAN_POINT('Ctrl Pts',(3.06484218298318,5.23960189839124,1.91543318600945));
#7690=CARTESIAN_POINT('Ctrl Pts',(2.58484218298319,5.1872646782831,1.91144115016357));
#7691=CARTESIAN_POINT('Ctrl Pts',(3.06484218298319,5.1872646782831,1.91144115016356));
#7692=CARTESIAN_POINT('Ctrl Pts',(2.58484218298319,5.08564633288704,1.90369018294401));
#7693=CARTESIAN_POINT('Ctrl Pts',(3.06484218298319,5.08564633288704,1.90369018294401));
#7694=CARTESIAN_POINT('Ctrl Pts',(2.58484218298319,5.00816521244076,1.83778646529703));
#7695=CARTESIAN_POINT('Ctrl Pts',(3.06484218298319,5.00816521244076,1.83778646529703));
#7696=CARTESIAN_POINT('Ctrl Pts',(2.58484218298319,4.97058974524259,1.80582560868554));
#7697=CARTESIAN_POINT('Ctrl Pts',(3.06484218298319,4.97058974524259,1.80582560868554));
#7698=CARTESIAN_POINT('',(2.88484218298319,4.97058974524259,1.80582560868554));
#7699=CARTESIAN_POINT('Ctrl Pts',(2.88484218298318,5.23960189839124,1.91543318600945));
#7700=CARTESIAN_POINT('Ctrl Pts',(2.88484218298318,5.21343205672027,1.91343707414459));
#7701=CARTESIAN_POINT('Ctrl Pts',(2.88484218298318,5.18726221504931,1.91144096227973));
#7702=CARTESIAN_POINT('Ctrl Pts',(2.88484218298318,5.16189282618831,1.90751635479933));
#7703=CARTESIAN_POINT('Ctrl Pts',(2.88484218298318,5.14920813175781,1.90555405105912));
#7704=CARTESIAN_POINT('Ctrl Pts',(2.88484218298319,5.1367235505298,1.90310962341504));
#7705=CARTESIAN_POINT('Ctrl Pts',(2.88484218298319,5.12453913910553,1.89994200991512));
#7706=CARTESIAN_POINT('Ctrl Pts',(2.88484218298319,5.11824393803779,1.89830542992841));
#7707=CARTESIAN_POINT('Ctrl Pts',(2.88484218298319,5.11202886364165,1.89647580428934));
#7708=CARTESIAN_POINT('Ctrl Pts',(2.88484218298319,5.10590771533922,1.89441988665951));
#7709=CARTESIAN_POINT('Ctrl Pts',(2.88484218298319,5.1021929865007,1.89317221610297));
#7710=CARTESIAN_POINT('Ctrl Pts',(2.88484218298319,5.09851284958413,1.89184120475613));
#7711=CARTESIAN_POINT('Ctrl Pts',(2.88484218298319,5.09487038879668,1.89041942197475));
#7712=CARTESIAN_POINT('Ctrl Pts',(2.88484218298319,5.09289787065838,1.88964947756391));
#7713=CARTESIAN_POINT('Ctrl Pts',(2.88484218298319,5.09093673023214,1.88885298022637));
#7714=CARTESIAN_POINT('Ctrl Pts',(2.88484218298319,5.0889929564786,1.88803129167847));
#7715=CARTESIAN_POINT('Ctrl Pts',(2.88484218298319,5.07933981927604,1.88395063554444));
#7716=CARTESIAN_POINT('Ctrl Pts',(2.88484218298319,5.07007325849065,1.87923770853908));
#7717=CARTESIAN_POINT('Ctrl Pts',(2.88484218298319,5.0610499745114,1.87403118868706));
#7718=CARTESIAN_POINT('Ctrl Pts',(2.88484218298319,5.05005617122866,1.86768766063536));
#7719=CARTESIAN_POINT('Ctrl Pts',(2.88484218298319,5.03942388428542,1.86061049367161));
#7720=CARTESIAN_POINT('Ctrl Pts',(2.88484218298319,5.0289241970804,1.8529776022182));
#7721=CARTESIAN_POINT('Ctrl Pts',(2.88484218298319,5.01757283671034,1.84472557529002));
#7722=CARTESIAN_POINT('Ctrl Pts',(2.88484218298319,5.0063785007075,1.83581909653394));
#7723=CARTESIAN_POINT('Ctrl Pts',(2.88484218298319,4.99506371564954,1.82645457862917));
#7724=CARTESIAN_POINT('Ctrl Pts',(2.88484218298319,4.98700219237025,1.81978257569655));
#7725=CARTESIAN_POINT('Ctrl Pts',(2.88484218298319,4.9788799402503,1.81287706416113));
#7726=CARTESIAN_POINT('Ctrl Pts',(2.88484218298319,4.97058974524259,1.80582560868554));
#7727=CARTESIAN_POINT('',(2.98484218298319,4.97058974524259,1.80582560868554));
#7728=CARTESIAN_POINT('',(2.58484218298319,4.97058974524259,1.80582560868554));
#7729=CARTESIAN_POINT('Ctrl Pts',(2.98484218298318,5.23960189839124,1.91543318600945));
#7730=CARTESIAN_POINT('Ctrl Pts',(2.98484218298319,5.1872646782831,1.91144115016357));
#7731=CARTESIAN_POINT('Ctrl Pts',(2.98484218298319,5.08564633288704,1.90369018294401));
#7732=CARTESIAN_POINT('Ctrl Pts',(2.98484218298319,5.00816521244077,1.83778646529703));
#7733=CARTESIAN_POINT('Ctrl Pts',(2.98484218298319,4.97058974524259,1.80582560868554));
#7734=CARTESIAN_POINT('Ctrl Pts',(2.58484218298319,4.97058974524259,1.80582560868554));
#7735=CARTESIAN_POINT('Ctrl Pts',(3.06484218298319,4.97058974524259,1.80582560868554));
#7736=CARTESIAN_POINT('Ctrl Pts',(2.58484218298319,4.9407988719817,1.76338658310835));
#7737=CARTESIAN_POINT('Ctrl Pts',(3.06484218298319,4.9407988719817,1.76338658310835));
#7738=CARTESIAN_POINT('Ctrl Pts',(2.58484218298319,4.87625690132298,1.67144237188632));
#7739=CARTESIAN_POINT('Ctrl Pts',(3.06484218298319,4.87625690132299,1.67144237188632));
#7740=CARTESIAN_POINT('Ctrl Pts',(2.58484218298319,4.8710778581359,1.55877535036938));
#7741=CARTESIAN_POINT('Ctrl Pts',(3.06484218298319,4.87107785813591,1.55877535036938));
#7742=CARTESIAN_POINT('Ctrl Pts',(2.58484218298318,4.86828932483911,1.49811245770745));
#7743=CARTESIAN_POINT('Ctrl Pts',(3.06484218298318,4.86828932483912,1.49811245770745));
#7744=CARTESIAN_POINT('',(2.88484218298318,4.86828932483912,1.49811245770745));
#7745=CARTESIAN_POINT('Ctrl Pts',(2.88484218298319,4.97058974524259,1.80582560868554));
#7746=CARTESIAN_POINT('Ctrl Pts',(2.88484218298319,4.9407988719817,1.76338658310835));
#7747=CARTESIAN_POINT('Ctrl Pts',(2.88484218298319,4.87625690132299,1.67144237188632));
#7748=CARTESIAN_POINT('Ctrl Pts',(2.88484218298319,4.8710778581359,1.55877535036938));
#7749=CARTESIAN_POINT('Ctrl Pts',(2.88484218298318,4.86828932483912,1.49811245770745));
#7750=CARTESIAN_POINT('',(2.98484218298318,4.86828932483912,1.49811245770745));
#7751=CARTESIAN_POINT('',(2.58484218298318,4.86828932483911,1.49811245770745));
#7752=CARTESIAN_POINT('Ctrl Pts',(2.98484218298319,4.97058974524259,1.80582560868554));
#7753=CARTESIAN_POINT('Ctrl Pts',(2.98484218298319,4.9407988719817,1.76338658310835));
#7754=CARTESIAN_POINT('Ctrl Pts',(2.98484218298319,4.87625690132299,1.67144237188632));
#7755=CARTESIAN_POINT('Ctrl Pts',(2.98484218298319,4.87107785813591,1.55877535036938));
#7756=CARTESIAN_POINT('Ctrl Pts',(2.98484218298318,4.86828932483912,1.49811245770745));
#7757=CARTESIAN_POINT('Ctrl Pts',(2.58484218298318,4.86828932483911,1.49811245770745));
#7758=CARTESIAN_POINT('Ctrl Pts',(3.06484218298318,4.86828932483912,1.49811245770745));
#7759=CARTESIAN_POINT('Ctrl Pts',(2.58484218298318,4.87132286946138,1.44033934441898));
#7760=CARTESIAN_POINT('Ctrl Pts',(3.06484218298318,4.87132286946139,1.44033934441898));
#7761=CARTESIAN_POINT('Ctrl Pts',(2.58484218298318,4.87702250503926,1.33179118279744));
#7762=CARTESIAN_POINT('Ctrl Pts',(3.06484218298318,4.87702250503927,1.33179118279743));
#7763=CARTESIAN_POINT('Ctrl Pts',(2.58484218298318,4.94040182345734,1.24394160349543));
#7764=CARTESIAN_POINT('Ctrl Pts',(3.06484218298318,4.94040182345735,1.24394160349543));
#7765=CARTESIAN_POINT('Ctrl Pts',(2.58484218298318,4.97004846056223,1.20284863086038));
#7766=CARTESIAN_POINT('Ctrl Pts',(3.06484218298318,4.97004846056223,1.20284863086037));
#7767=CARTESIAN_POINT('',(2.88484218298318,4.97004846056223,1.20284863086037));
#7768=CARTESIAN_POINT('Ctrl Pts',(2.88484218298318,4.86828932483912,1.49811245770745));
#7769=CARTESIAN_POINT('Ctrl Pts',(2.88484218298318,4.87132286946139,1.44033934441898));
#7770=CARTESIAN_POINT('Ctrl Pts',(2.88484218298318,4.87702250503926,1.33179118279743));
#7771=CARTESIAN_POINT('Ctrl Pts',(2.88484218298318,4.94040182345735,1.24394160349543));
#7772=CARTESIAN_POINT('Ctrl Pts',(2.88484218298318,4.97004846056223,1.20284863086037));
#7773=CARTESIAN_POINT('',(2.98484218298318,4.97004846056223,1.20284863086037));
#7774=CARTESIAN_POINT('',(2.58484218298318,4.97004846056223,1.20284863086038));
#7775=CARTESIAN_POINT('Ctrl Pts',(2.98484218298318,4.86828932483912,1.49811245770745));
#7776=CARTESIAN_POINT('Ctrl Pts',(2.98484218298318,4.87132286946139,1.44033934441898));
#7777=CARTESIAN_POINT('Ctrl Pts',(2.98484218298318,4.87702250503927,1.33179118279743));
#7778=CARTESIAN_POINT('Ctrl Pts',(2.98484218298318,4.94040182345735,1.24394160349543));
#7779=CARTESIAN_POINT('Ctrl Pts',(2.98484218298318,4.97004846056223,1.20284863086037));
#7780=CARTESIAN_POINT('Ctrl Pts',(2.58484218298318,4.97004846056223,1.20284863086038));
#7781=CARTESIAN_POINT('Ctrl Pts',(3.06484218298318,4.97004846056223,1.20284863086037));
#7782=CARTESIAN_POINT('Ctrl Pts',(2.58484218298318,5.00676996770506,1.17135619375384));
#7783=CARTESIAN_POINT('Ctrl Pts',(3.06484218298318,5.00676996770507,1.17135619375384));
#7784=CARTESIAN_POINT('Ctrl Pts',(2.58484218298318,5.08155109988842,1.10722374698691));
#7785=CARTESIAN_POINT('Ctrl Pts',(3.06484218298318,5.08155109988842,1.10722374698691));
#7786=CARTESIAN_POINT('Ctrl Pts',(2.58484218298318,5.1798367478092,1.09903342236829));
#7787=CARTESIAN_POINT('Ctrl Pts',(3.06484218298318,5.1798367478092,1.09903342236828));
#7788=CARTESIAN_POINT('Ctrl Pts',(2.58484218298318,5.22985892315627,1.09486498208337));
#7789=CARTESIAN_POINT('Ctrl Pts',(3.06484218298318,5.22985892315627,1.09486498208337));
#7790=CARTESIAN_POINT('',(2.88484218298318,5.22985892315627,1.09486498208337));
#7791=CARTESIAN_POINT('Ctrl Pts',(2.88484218298318,4.97004846056223,1.20284863086037));
#7792=CARTESIAN_POINT('Ctrl Pts',(2.88484218298318,5.00676996770507,1.17135619375384));
#7793=CARTESIAN_POINT('Ctrl Pts',(2.88484218298318,5.08155109988843,1.10722374698691));
#7794=CARTESIAN_POINT('Ctrl Pts',(2.88484218298318,5.1798367478092,1.09903342236829));
#7795=CARTESIAN_POINT('Ctrl Pts',(2.88484218298318,5.22985892315627,1.09486498208337));
#7796=CARTESIAN_POINT('',(2.98484218298318,5.22985892315627,1.09486498208337));
#7797=CARTESIAN_POINT('',(2.58484218298318,5.22985892315627,1.09486498208337));
#7798=CARTESIAN_POINT('Ctrl Pts',(2.98484218298318,4.97004846056223,1.20284863086037));
#7799=CARTESIAN_POINT('Ctrl Pts',(2.98484218298318,5.00676996770507,1.17135619375384));
#7800=CARTESIAN_POINT('Ctrl Pts',(2.98484218298318,5.08155109988842,1.10722374698691));
#7801=CARTESIAN_POINT('Ctrl Pts',(2.98484218298318,5.1798367478092,1.09903342236828));
#7802=CARTESIAN_POINT('Ctrl Pts',(2.98484218298318,5.22985892315627,1.09486498208337));
#7803=CARTESIAN_POINT('Ctrl Pts',(2.58484218298318,5.22985892315627,1.09486498208337));
#7804=CARTESIAN_POINT('Ctrl Pts',(3.06484218298318,5.22985892315627,1.09486498208337));
#7805=CARTESIAN_POINT('Ctrl Pts',(2.58484218298318,5.26972265061455,1.09686843083656));
#7806=CARTESIAN_POINT('Ctrl Pts',(3.06484218298318,5.26972265061455,1.09686843083655));
#7807=CARTESIAN_POINT('Ctrl Pts',(2.58484218298318,5.34531985032586,1.10066775230404));
#7808=CARTESIAN_POINT('Ctrl Pts',(3.06484218298318,5.34531985032586,1.10066775230403));
#7809=CARTESIAN_POINT('Ctrl Pts',(2.58484218298318,5.41007554386109,1.13954603614218));
#7810=CARTESIAN_POINT('Ctrl Pts',(3.06484218298318,5.4100755438611,1.13954603614218));
#7811=CARTESIAN_POINT('Ctrl Pts',(2.58484218298318,5.44068442602873,1.15792311997705));
#7812=CARTESIAN_POINT('Ctrl Pts',(3.06484218298318,5.44068442602873,1.15792311997705));
#7813=CARTESIAN_POINT('',(2.88484218298318,5.44068442602873,1.15792311997705));
#7814=CARTESIAN_POINT('Ctrl Pts',(2.88484218298318,5.22985892315627,1.09486498208337));
#7815=CARTESIAN_POINT('Ctrl Pts',(2.88484218298318,5.26972265061455,1.09686843083655));
#7816=CARTESIAN_POINT('Ctrl Pts',(2.88484218298318,5.34531985032587,1.10066775230403));
#7817=CARTESIAN_POINT('Ctrl Pts',(2.88484218298318,5.4100755438611,1.13954603614218));
#7818=CARTESIAN_POINT('Ctrl Pts',(2.88484218298318,5.44068442602873,1.15792311997705));
#7819=CARTESIAN_POINT('',(2.98484218298318,5.44068442602873,1.15792311997705));
#7820=CARTESIAN_POINT('',(2.58484218298318,5.44068442602873,1.15792311997705));
#7821=CARTESIAN_POINT('Ctrl Pts',(2.98484218298318,5.22985892315627,1.09486498208337));
#7822=CARTESIAN_POINT('Ctrl Pts',(2.98484218298318,5.26972265061455,1.09686843083655));
#7823=CARTESIAN_POINT('Ctrl Pts',(2.98484218298318,5.34531985032586,1.10066775230403));
#7824=CARTESIAN_POINT('Ctrl Pts',(2.98484218298318,5.4100755438611,1.13954603614218));
#7825=CARTESIAN_POINT('Ctrl Pts',(2.98484218298318,5.44068442602873,1.15792311997705));
#7826=CARTESIAN_POINT('Ctrl Pts',(2.58484218298318,5.44068442602873,1.15792311997705));
#7827=CARTESIAN_POINT('Ctrl Pts',(3.06484218298318,5.44068442602873,1.15792311997705));
#7828=CARTESIAN_POINT('Ctrl Pts',(2.58484218298318,5.46674587101761,1.18305187000413));
#7829=CARTESIAN_POINT('Ctrl Pts',(3.06484218298318,5.46674587101762,1.18305187000413));
#7830=CARTESIAN_POINT('Ctrl Pts',(2.58484218298318,5.52272540843588,1.23702799462096));
#7831=CARTESIAN_POINT('Ctrl Pts',(3.06484218298318,5.52272540843588,1.23702799462096));
#7832=CARTESIAN_POINT('Ctrl Pts',(2.58484218298318,5.54668727380051,1.31122971733875));
#7833=CARTESIAN_POINT('Ctrl Pts',(3.06484218298318,5.54668727380051,1.31122971733875));
#7834=CARTESIAN_POINT('Ctrl Pts',(2.58484218298318,5.55949361940145,1.35088660092645));
#7835=CARTESIAN_POINT('Ctrl Pts',(3.06484218298318,5.55949361940146,1.35088660092645));
#7836=CARTESIAN_POINT('',(2.88484218298318,5.55949361940146,1.35088660092645));
#7837=CARTESIAN_POINT('Ctrl Pts',(2.88484218298318,5.44068442602873,1.15792311997705));
#7838=CARTESIAN_POINT('Ctrl Pts',(2.88484218298318,5.44785971718251,1.1648416196171));
#7839=CARTESIAN_POINT('Ctrl Pts',(2.88484218298318,5.45471875135702,1.1714622153496));
#7840=CARTESIAN_POINT('Ctrl Pts',(2.88484218298318,5.46125955582798,1.17796755628201));
#7841=CARTESIAN_POINT('Ctrl Pts',(2.88484218298318,5.47103299462347,1.18768800454324));
#7842=CARTESIAN_POINT('Ctrl Pts',(2.88484218298318,5.48010379542213,1.19714614634004));
#7843=CARTESIAN_POINT('Ctrl Pts',(2.88484218298318,5.4885429576623,1.20690232300619));
#7844=CARTESIAN_POINT('Ctrl Pts',(2.88484218298318,5.49377939868191,1.21295596224611));
#7845=CARTESIAN_POINT('Ctrl Pts',(2.88484218298318,5.49877369772529,1.21912368748978));
#7846=CARTESIAN_POINT('Ctrl Pts',(2.88484218298318,5.50351766341719,1.22555525171416));
#7847=CARTESIAN_POINT('Ctrl Pts',(2.88484218298318,5.50641917601597,1.22948893628079));
#7848=CARTESIAN_POINT('Ctrl Pts',(2.88484218298318,5.50922649649533,1.23352166366185));
#7849=CARTESIAN_POINT('Ctrl Pts',(2.88484218298318,5.51192926188231,1.23769305916124));
#7850=CARTESIAN_POINT('Ctrl Pts',(2.88484218298318,5.51326495810481,1.23975454671689));
#7851=CARTESIAN_POINT('Ctrl Pts',(2.88484218298318,5.51457496717254,1.24184999698106));
#7852=CARTESIAN_POINT('Ctrl Pts',(2.88484218298318,5.51586183399109,1.24398179488494));
#7853=CARTESIAN_POINT('Ctrl Pts',(2.88484218298318,5.51686015384829,1.24563559164796));
#7854=CARTESIAN_POINT('Ctrl Pts',(2.88484218298318,5.51784025414777,1.24730424194949));
#7855=CARTESIAN_POINT('Ctrl Pts',(2.88484218298318,5.51880098232733,1.24898354614794));
#7856=CARTESIAN_POINT('Ctrl Pts',(2.88484218298318,5.53667596595808,1.28022811219398));
#7857=CARTESIAN_POINT('Ctrl Pts',(2.88484218298318,5.54808479267977,1.31555735656022));
#7858=CARTESIAN_POINT('Ctrl Pts',(2.88484218298318,5.55949361940146,1.35088660092645));
#7859=CARTESIAN_POINT('',(2.98484218298318,5.55949361940146,1.35088660092645));
#7860=CARTESIAN_POINT('',(2.58484218298318,5.55949361940145,1.35088660092645));
#7861=CARTESIAN_POINT('Ctrl Pts',(2.98484218298318,5.44068442602873,1.15792311997705));
#7862=CARTESIAN_POINT('Ctrl Pts',(2.98484218298318,5.46674587101762,1.18305187000413));
#7863=CARTESIAN_POINT('Ctrl Pts',(2.98484218298318,5.52272540843588,1.23702799462096));
#7864=CARTESIAN_POINT('Ctrl Pts',(2.98484218298318,5.54668727380051,1.31122971733875));
#7865=CARTESIAN_POINT('Ctrl Pts',(2.98484218298318,5.55949361940146,1.35088660092645));
#7866=CARTESIAN_POINT('Origin',(2.58484218298318,5.55949361940145,1.35088660092645));
#7867=CARTESIAN_POINT('',(2.88484218298318,5.40414856692075,1.4001422402411));
#7868=CARTESIAN_POINT('',(2.8848421829832,2.74649416115929,2.24281128404244));
#7869=CARTESIAN_POINT('',(2.98484218298318,5.40414856692076,1.4001422402411));
#7870=CARTESIAN_POINT('',(2.58484218298318,5.40414856692075,1.4001422402411));
#7871=CARTESIAN_POINT('',(2.98484218298318,5.40414856692076,1.4001422402411));
#7872=CARTESIAN_POINT('Origin',(2.58484218298318,5.3987358691287,1.64533846350007));
#7873=CARTESIAN_POINT('',(2.88484218298318,5.39873586912871,1.64533846350007));
#7874=CARTESIAN_POINT('',(2.8848421829832,2.71443865250571,1.00403855475887));
#7875=CARTESIAN_POINT('',(2.98484218298318,5.39873586912871,1.64533846350007));
#7876=CARTESIAN_POINT('',(2.98484218298318,5.55732848067999,1.68322749705606));
#7877=CARTESIAN_POINT('',(2.58484218298318,5.3987358691287,1.64533846350007));
#7878=CARTESIAN_POINT('Ctrl Pts',(2.58484218298318,5.34000785966634,1.74276739628606));
#7879=CARTESIAN_POINT('Ctrl Pts',(3.06484218298318,5.34000785966634,1.74276739628606));
#7880=CARTESIAN_POINT('Ctrl Pts',(2.58484218298318,5.35367788609599,1.72950693751636));
#7881=CARTESIAN_POINT('Ctrl Pts',(3.06484218298318,5.35367788609599,1.72950693751636));
#7882=CARTESIAN_POINT('Ctrl Pts',(2.58484218298318,5.381793179613,1.70223400630446));
#7883=CARTESIAN_POINT('Ctrl Pts',(3.06484218298318,5.381793179613,1.70223400630446));
#7884=CARTESIAN_POINT('Ctrl Pts',(2.58484218298318,5.39298543558748,1.66464909522624));
#7885=CARTESIAN_POINT('Ctrl Pts',(3.06484218298318,5.39298543558749,1.66464909522624));
#7886=CARTESIAN_POINT('Ctrl Pts',(2.58484218298318,5.3987358691287,1.64533846350007));
#7887=CARTESIAN_POINT('Ctrl Pts',(3.06484218298318,5.39873586912871,1.64533846350007));
#7888=CARTESIAN_POINT('',(2.88484218298318,5.34000785966634,1.74276739628606));
#7889=CARTESIAN_POINT('Ctrl Pts',(2.88484218298318,5.34000785966634,1.74276739628606));
#7890=CARTESIAN_POINT('Ctrl Pts',(2.88484218298318,5.34531383346125,1.73762039477128));
#7891=CARTESIAN_POINT('Ctrl Pts',(2.88484218298318,5.35043711896401,1.73264316866225));
#7892=CARTESIAN_POINT('Ctrl Pts',(2.88484218298318,5.35527417778165,1.72761854110651));
#7893=CARTESIAN_POINT('Ctrl Pts',(2.88484218298318,5.35978356610639,1.72293429026519));
#7894=CARTESIAN_POINT('Ctrl Pts',(2.88484218298318,5.36404843425699,1.71821142681772));
#7895=CARTESIAN_POINT('Ctrl Pts',(2.88484218298318,5.36799147747184,1.71327800005695));
#7896=CARTESIAN_POINT('Ctrl Pts',(2.88484218298318,5.3712397414046,1.70921386194363));
#7897=CARTESIAN_POINT('Ctrl Pts',(2.88484218298318,5.37427061739245,1.70500744582794));
#7898=CARTESIAN_POINT('Ctrl Pts',(2.88484218298318,5.37701727767706,1.70054823429875));
#7899=CARTESIAN_POINT('Ctrl Pts',(2.88484218298318,5.37807228656231,1.6988354240867));
#7900=CARTESIAN_POINT('Ctrl Pts',(2.88484218298318,5.37908405217426,1.69708604917957));
#7901=CARTESIAN_POINT('Ctrl Pts',(2.88484218298318,5.38005113066075,1.69531329575449));
#7902=CARTESIAN_POINT('Ctrl Pts',(2.88484218298318,5.38842528466395,1.67996261801872));
#7903=CARTESIAN_POINT('Ctrl Pts',(2.88484218298318,5.39358057689633,1.6626505407594));
#7904=CARTESIAN_POINT('Ctrl Pts',(2.88484218298318,5.39873586912871,1.64533846350007));
#7905=CARTESIAN_POINT('',(2.98484218298318,5.34000785966635,1.74276739628606));
#7906=CARTESIAN_POINT('Ctrl Pts',(2.98484218298318,5.34000785966635,1.74276739628606));
#7907=CARTESIAN_POINT('Ctrl Pts',(2.98484218298318,5.353677886096,1.72950693751636));
#7908=CARTESIAN_POINT('Ctrl Pts',(2.98484218298318,5.38179317961301,1.70223400630446));
#7909=CARTESIAN_POINT('Ctrl Pts',(2.98484218298318,5.39298543558749,1.66464909522624));
#7910=CARTESIAN_POINT('Ctrl Pts',(2.98484218298318,5.39873586912871,1.64533846350007));
#7911=CARTESIAN_POINT('',(2.58484218298318,5.34000785966634,1.74276739628606));
#7912=CARTESIAN_POINT('Ctrl Pts',(2.58484218298318,5.23148285170316,1.77849136562638));
#7913=CARTESIAN_POINT('Ctrl Pts',(3.06484218298318,5.23148285170317,1.77849136562638));
#7914=CARTESIAN_POINT('Ctrl Pts',(2.58484218298318,5.25173299863308,1.77719021544938));
#7915=CARTESIAN_POINT('Ctrl Pts',(3.06484218298318,5.25173299863308,1.77719021544938));
#7916=CARTESIAN_POINT('Ctrl Pts',(2.58484218298318,5.29105102583721,1.77466388029572));
#7917=CARTESIAN_POINT('Ctrl Pts',(3.06484218298318,5.29105102583721,1.77466388029571));
#7918=CARTESIAN_POINT('Ctrl Pts',(2.58484218298318,5.32401936027709,1.75318426509109));
#7919=CARTESIAN_POINT('Ctrl Pts',(3.06484218298318,5.32401936027709,1.75318426509109));
#7920=CARTESIAN_POINT('Ctrl Pts',(2.58484218298318,5.34000785966634,1.74276739628606));
#7921=CARTESIAN_POINT('Ctrl Pts',(3.06484218298318,5.34000785966634,1.74276739628606));
#7922=CARTESIAN_POINT('',(2.88484218298318,5.23148285170316,1.77849136562638));
#7923=CARTESIAN_POINT('Ctrl Pts',(2.88484218298318,5.23148285170316,1.77849136562638));
#7924=CARTESIAN_POINT('Ctrl Pts',(2.88484218298318,5.25173299863308,1.77719021544938));
#7925=CARTESIAN_POINT('Ctrl Pts',(2.88484218298318,5.29105102583721,1.77466388029572));
#7926=CARTESIAN_POINT('Ctrl Pts',(2.88484218298318,5.32401936027709,1.75318426509109));
#7927=CARTESIAN_POINT('Ctrl Pts',(2.88484218298318,5.34000785966634,1.74276739628606));
#7928=CARTESIAN_POINT('',(2.98484218298318,5.23148285170316,1.77849136562638));
#7929=CARTESIAN_POINT('Ctrl Pts',(2.98484218298318,5.23148285170316,1.77849136562638));
#7930=CARTESIAN_POINT('Ctrl Pts',(2.98484218298318,5.25173299863309,1.77719021544938));
#7931=CARTESIAN_POINT('Ctrl Pts',(2.98484218298318,5.29105102583721,1.77466388029571));
#7932=CARTESIAN_POINT('Ctrl Pts',(2.98484218298318,5.3240193602771,1.75318426509109));
#7933=CARTESIAN_POINT('Ctrl Pts',(2.98484218298318,5.34000785966635,1.74276739628606));
#7934=CARTESIAN_POINT('',(2.58484218298318,5.23148285170316,1.77849136562638));
#7935=CARTESIAN_POINT('Ctrl Pts',(2.58484218298318,5.08831636925458,1.71516262264543));
#7936=CARTESIAN_POINT('Ctrl Pts',(3.06484218298318,5.08831636925458,1.71516262264542));
#7937=CARTESIAN_POINT('Ctrl Pts',(2.58484218298318,5.10822615872411,1.73363239016962));
#7938=CARTESIAN_POINT('Ctrl Pts',(3.06484218298318,5.10822615872411,1.73363239016962));
#7939=CARTESIAN_POINT('Ctrl Pts',(2.58484218298318,5.14863764606453,1.77112102246414));
#7940=CARTESIAN_POINT('Ctrl Pts',(3.06484218298318,5.14863764606453,1.77112102246413));
#7941=CARTESIAN_POINT('Ctrl Pts',(2.58484218298318,5.20359944074438,1.77601071142659));
#7942=CARTESIAN_POINT('Ctrl Pts',(3.06484218298318,5.20359944074439,1.77601071142659));
#7943=CARTESIAN_POINT('Ctrl Pts',(2.58484218298318,5.23148285170316,1.77849136562638));
#7944=CARTESIAN_POINT('Ctrl Pts',(3.06484218298318,5.23148285170317,1.77849136562638));
#7945=CARTESIAN_POINT('',(2.88484218298318,5.08831636925458,1.71516262264542));
#7946=CARTESIAN_POINT('Ctrl Pts',(2.88484218298318,5.08831636925458,1.71516262264542));
#7947=CARTESIAN_POINT('Ctrl Pts',(2.88484218298318,5.10822615872411,1.73363239016962));
#7948=CARTESIAN_POINT('Ctrl Pts',(2.88484218298318,5.14863764606454,1.77112102246413));
#7949=CARTESIAN_POINT('Ctrl Pts',(2.88484218298318,5.20359944074438,1.77601071142659));
#7950=CARTESIAN_POINT('Ctrl Pts',(2.88484218298318,5.23148285170316,1.77849136562638));
#7951=CARTESIAN_POINT('',(2.98484218298318,5.08831636925458,1.71516262264542));
#7952=CARTESIAN_POINT('Ctrl Pts',(2.98484218298318,5.08831636925458,1.71516262264542));
#7953=CARTESIAN_POINT('Ctrl Pts',(2.98484218298318,5.10822615872411,1.73363239016962));
#7954=CARTESIAN_POINT('Ctrl Pts',(2.98484218298318,5.14863764606454,1.77112102246413));
#7955=CARTESIAN_POINT('Ctrl Pts',(2.98484218298318,5.20359944074438,1.77601071142659));
#7956=CARTESIAN_POINT('Ctrl Pts',(2.98484218298318,5.23148285170316,1.77849136562638));
#7957=CARTESIAN_POINT('',(2.58484218298318,5.08831636925458,1.71516262264543));
#7958=CARTESIAN_POINT('Ctrl Pts',(2.58484218298318,5.03337727804899,1.5100205716639));
#7959=CARTESIAN_POINT('Ctrl Pts',(3.06484218298318,5.033377278049,1.5100205716639));
#7960=CARTESIAN_POINT('Ctrl Pts',(2.58484218298318,5.03406106869476,1.55189854199137));
#7961=CARTESIAN_POINT('Ctrl Pts',(3.06484218298318,5.03406106869476,1.55189854199137));
#7962=CARTESIAN_POINT('Ctrl Pts',(2.58484218298318,5.03525992059154,1.62532084525173));
#7963=CARTESIAN_POINT('Ctrl Pts',(3.06484218298318,5.03525992059155,1.62532084525172));
#7964=CARTESIAN_POINT('Ctrl Pts',(2.58484218298318,5.07237196690389,1.6881635776139));
#7965=CARTESIAN_POINT('Ctrl Pts',(3.06484218298318,5.0723719669039,1.6881635776139));
#7966=CARTESIAN_POINT('Ctrl Pts',(2.58484218298318,5.08831636925458,1.71516262264543));
#7967=CARTESIAN_POINT('Ctrl Pts',(3.06484218298318,5.08831636925458,1.71516262264542));
#7968=CARTESIAN_POINT('',(2.88484218298318,5.033377278049,1.5100205716639));
#7969=CARTESIAN_POINT('Ctrl Pts',(2.88484218298318,5.033377278049,1.5100205716639));
#7970=CARTESIAN_POINT('Ctrl Pts',(2.88484218298318,5.03406106869476,1.55189854199137));
#7971=CARTESIAN_POINT('Ctrl Pts',(2.88484218298318,5.03525992059154,1.62532084525172));
#7972=CARTESIAN_POINT('Ctrl Pts',(2.88484218298318,5.07237196690389,1.6881635776139));
#7973=CARTESIAN_POINT('Ctrl Pts',(2.88484218298318,5.08831636925458,1.71516262264542));
#7974=CARTESIAN_POINT('',(2.98484218298318,5.033377278049,1.5100205716639));
#7975=CARTESIAN_POINT('Ctrl Pts',(2.98484218298318,5.033377278049,1.5100205716639));
#7976=CARTESIAN_POINT('Ctrl Pts',(2.98484218298318,5.03406106869477,1.55189854199137));
#7977=CARTESIAN_POINT('Ctrl Pts',(2.98484218298318,5.03525992059155,1.62532084525172));
#7978=CARTESIAN_POINT('Ctrl Pts',(2.98484218298318,5.07237196690389,1.6881635776139));
#7979=CARTESIAN_POINT('Ctrl Pts',(2.98484218298318,5.08831636925458,1.71516262264542));
#7980=CARTESIAN_POINT('',(2.58484218298318,5.03337727804899,1.5100205716639));
#7981=CARTESIAN_POINT('Ctrl Pts',(2.58484218298318,5.08750447948694,1.29567675562196));
#7982=CARTESIAN_POINT('Ctrl Pts',(3.06484218298318,5.08750447948695,1.29567675562196));
#7983=CARTESIAN_POINT('Ctrl Pts',(2.58484218298318,5.07181178596128,1.32357658447256));
#7984=CARTESIAN_POINT('Ctrl Pts',(3.06484218298318,5.07181178596129,1.32357658447255));
#7985=CARTESIAN_POINT('Ctrl Pts',(2.58484218298318,5.03464699124339,1.38965137336726));
#7986=CARTESIAN_POINT('Ctrl Pts',(3.06484218298318,5.03464699124339,1.38965137336725));
#7987=CARTESIAN_POINT('Ctrl Pts',(2.58484218298318,5.03384223121153,1.46594286996879));
#7988=CARTESIAN_POINT('Ctrl Pts',(3.06484218298318,5.03384223121154,1.46594286996879));
#7989=CARTESIAN_POINT('Ctrl Pts',(2.58484218298318,5.03337727804899,1.5100205716639));
#7990=CARTESIAN_POINT('Ctrl Pts',(3.06484218298318,5.033377278049,1.5100205716639));
#7991=CARTESIAN_POINT('',(2.88484218298318,5.08750447948695,1.29567675562196));
#7992=CARTESIAN_POINT('Ctrl Pts',(2.88484218298318,5.08750447948695,1.29567675562196));
#7993=CARTESIAN_POINT('Ctrl Pts',(2.88484218298318,5.07181178596129,1.32357658447256));
#7994=CARTESIAN_POINT('Ctrl Pts',(2.88484218298318,5.03464699124338,1.38965137336725));
#7995=CARTESIAN_POINT('Ctrl Pts',(2.88484218298318,5.03384223121154,1.46594286996879));
#7996=CARTESIAN_POINT('Ctrl Pts',(2.88484218298318,5.033377278049,1.5100205716639));
#7997=CARTESIAN_POINT('',(2.98484218298318,5.08750447948695,1.29567675562196));
#7998=CARTESIAN_POINT('Ctrl Pts',(2.98484218298318,5.08750447948695,1.29567675562196));
#7999=CARTESIAN_POINT('Ctrl Pts',(2.98484218298318,5.07181178596129,1.32357658447255));
#8000=CARTESIAN_POINT('Ctrl Pts',(2.98484218298318,5.03464699124339,1.38965137336725));
#8001=CARTESIAN_POINT('Ctrl Pts',(2.98484218298318,5.03384223121154,1.46594286996879));
#8002=CARTESIAN_POINT('Ctrl Pts',(2.98484218298318,5.033377278049,1.5100205716639));
#8003=CARTESIAN_POINT('',(2.58484218298318,5.08750447948694,1.29567675562196));
#8004=CARTESIAN_POINT('Ctrl Pts',(2.58484218298318,5.22823514362097,1.23180665345483));
#8005=CARTESIAN_POINT('Ctrl Pts',(3.06484218298318,5.22823514362097,1.23180665345483));
#8006=CARTESIAN_POINT('Ctrl Pts',(2.58484218298318,5.20081049318863,1.23436250473961));
#8007=CARTESIAN_POINT('Ctrl Pts',(3.06484218298318,5.20081049318863,1.23436250473961));
#8008=CARTESIAN_POINT('Ctrl Pts',(2.58484218298318,5.14649111573035,1.239424820885));
#8009=CARTESIAN_POINT('Ctrl Pts',(3.06484218298318,5.14649111573035,1.239424820885));
#8010=CARTESIAN_POINT('Ctrl Pts',(2.58484218298318,5.10703839530144,1.27704845898507));
#8011=CARTESIAN_POINT('Ctrl Pts',(3.06484218298318,5.10703839530145,1.27704845898506));
#8012=CARTESIAN_POINT('Ctrl Pts',(2.58484218298318,5.08750447948694,1.29567675562196));
#8013=CARTESIAN_POINT('Ctrl Pts',(3.06484218298318,5.08750447948695,1.29567675562196));
#8014=CARTESIAN_POINT('',(2.88484218298318,5.22823514362097,1.23180665345483));
#8015=CARTESIAN_POINT('Ctrl Pts',(2.88484218298318,5.22823514362097,1.23180665345483));
#8016=CARTESIAN_POINT('Ctrl Pts',(2.88484218298318,5.21452279413901,1.23308458135868));
#8017=CARTESIAN_POINT('Ctrl Pts',(2.88484218298318,5.20081044465705,1.23436250926253));
#8018=CARTESIAN_POINT('Ctrl Pts',(2.88484218298318,5.18757178960101,1.23667793447865));
#8019=CARTESIAN_POINT('Ctrl Pts',(2.88484218298318,5.18064761538699,1.23788896441394));
#8020=CARTESIAN_POINT('Ctrl Pts',(2.88484218298318,5.17385302372061,1.23938380926775));
#8021=CARTESIAN_POINT('Ctrl Pts',(2.88484218298318,5.16725578977473,1.24131091190923));
#8022=CARTESIAN_POINT('Ctrl Pts',(2.88484218298318,5.1626470594005,1.24265715740407));
#8023=CARTESIAN_POINT('Ctrl Pts',(2.88484218298318,5.1581346438098,1.24421435393313));
#8024=CARTESIAN_POINT('Ctrl Pts',(2.88484218298318,5.1537416492215,1.24603310931161));
#8025=CARTESIAN_POINT('Ctrl Pts',(2.88484218298318,5.15239994100899,1.24658859349871));
#8026=CARTESIAN_POINT('Ctrl Pts',(2.88484218298318,5.15106901811351,1.24716864102569));
#8027=CARTESIAN_POINT('Ctrl Pts',(2.88484218298318,5.14975072761297,1.24777414174371));
#8028=CARTESIAN_POINT('Ctrl Pts',(2.88484218298318,5.14157437703742,1.25152960091012));
#8029=CARTESIAN_POINT('Ctrl Pts',(2.88484218298318,5.1339017651276,1.25624900313586));
#8030=CARTESIAN_POINT('Ctrl Pts',(2.88484218298318,5.12651454528138,1.26160306366057));
#8031=CARTESIAN_POINT('Ctrl Pts',(2.88484218298318,5.11578853635806,1.26937698973282));
#8032=CARTESIAN_POINT('Ctrl Pts',(2.88484218298318,5.10566744538242,1.27849603041107));
#8033=CARTESIAN_POINT('Ctrl Pts',(2.88484218298318,5.09552912317937,1.28805346330178));
#8034=CARTESIAN_POINT('Ctrl Pts',(2.88484218298318,5.0928594488063,1.29057017495779));
#8035=CARTESIAN_POINT('Ctrl Pts',(2.88484218298318,5.09018851895766,1.29311715190909));
#8036=CARTESIAN_POINT('Ctrl Pts',(2.88484218298318,5.08750447948695,1.29567675562196));
#8037=CARTESIAN_POINT('',(2.98484218298318,5.22823514362097,1.23180665345483));
#8038=CARTESIAN_POINT('Ctrl Pts',(2.98484218298318,5.22823514362097,1.23180665345483));
#8039=CARTESIAN_POINT('Ctrl Pts',(2.98484218298318,5.20081049318863,1.23436250473961));
#8040=CARTESIAN_POINT('Ctrl Pts',(2.98484218298318,5.14649111573035,1.239424820885));
#8041=CARTESIAN_POINT('Ctrl Pts',(2.98484218298318,5.10703839530145,1.27704845898507));
#8042=CARTESIAN_POINT('Ctrl Pts',(2.98484218298318,5.08750447948695,1.29567675562196));
#8043=CARTESIAN_POINT('',(2.58484218298318,5.22823514362097,1.23180665345483));
#8044=CARTESIAN_POINT('Ctrl Pts',(2.58484218298318,5.33811332603217,1.27240218491845));
#8045=CARTESIAN_POINT('Ctrl Pts',(3.06484218298318,5.33811332603217,1.27240218491845));
#8046=CARTESIAN_POINT('Ctrl Pts',(2.58484218298318,5.32191762873199,1.26056223171803));
#8047=CARTESIAN_POINT('Ctrl Pts',(3.06484218298318,5.321917628732,1.26056223171803));
#8048=CARTESIAN_POINT('Ctrl Pts',(2.58484218298318,5.28916359473625,1.23661721580132));
#8049=CARTESIAN_POINT('Ctrl Pts',(3.06484218298318,5.28916359473625,1.23661721580131));
#8050=CARTESIAN_POINT('Ctrl Pts',(2.58484218298318,5.24869398171299,1.23342196640595));
#8051=CARTESIAN_POINT('Ctrl Pts',(3.06484218298318,5.24869398171299,1.23342196640595));
#8052=CARTESIAN_POINT('Ctrl Pts',(2.58484218298318,5.22823514362097,1.23180665345483));
#8053=CARTESIAN_POINT('Ctrl Pts',(3.06484218298318,5.22823514362097,1.23180665345483));
#8054=CARTESIAN_POINT('',(2.88484218298318,5.33811332603217,1.27240218491845));
#8055=CARTESIAN_POINT('Ctrl Pts',(2.88484218298318,5.33811332603217,1.27240218491845));
#8056=CARTESIAN_POINT('Ctrl Pts',(2.88484218298318,5.321917628732,1.26056223171803));
#8057=CARTESIAN_POINT('Ctrl Pts',(2.88484218298318,5.28916359473625,1.23661721580131));
#8058=CARTESIAN_POINT('Ctrl Pts',(2.88484218298318,5.24869398171299,1.23342196640595));
#8059=CARTESIAN_POINT('Ctrl Pts',(2.88484218298318,5.22823514362097,1.23180665345483));
#8060=CARTESIAN_POINT('',(2.98484218298318,5.33811332603217,1.27240218491845));
#8061=CARTESIAN_POINT('Ctrl Pts',(2.98484218298318,5.33811332603217,1.27240218491845));
#8062=CARTESIAN_POINT('Ctrl Pts',(2.98484218298318,5.321917628732,1.26056223171803));
#8063=CARTESIAN_POINT('Ctrl Pts',(2.98484218298318,5.28916359473625,1.23661721580131));
#8064=CARTESIAN_POINT('Ctrl Pts',(2.98484218298318,5.24869398171299,1.23342196640595));
#8065=CARTESIAN_POINT('Ctrl Pts',(2.98484218298318,5.22823514362097,1.23180665345483));
#8066=CARTESIAN_POINT('',(2.58484218298318,5.33811332603217,1.27240218491845));
#8067=CARTESIAN_POINT('Ctrl Pts',(2.58484218298318,5.40414856692075,1.4001422402411));
#8068=CARTESIAN_POINT('Ctrl Pts',(3.06484218298318,5.40414856692076,1.4001422402411));
#8069=CARTESIAN_POINT('Ctrl Pts',(2.58484218298318,5.39730225204146,1.37390236154181));
#8070=CARTESIAN_POINT('Ctrl Pts',(3.06484218298318,5.39730225204147,1.37390236154181));
#8071=CARTESIAN_POINT('Ctrl Pts',(2.58484218298318,5.38485307928991,1.32618840320556));
#8072=CARTESIAN_POINT('Ctrl Pts',(3.06484218298318,5.38485307928992,1.32618840320556));
#8073=CARTESIAN_POINT('Ctrl Pts',(2.58484218298318,5.35262007045028,1.28909595986429));
#8074=CARTESIAN_POINT('Ctrl Pts',(3.06484218298318,5.35262007045029,1.28909595986428));
#8075=CARTESIAN_POINT('Ctrl Pts',(2.58484218298318,5.33811332603217,1.27240218491845));
#8076=CARTESIAN_POINT('Ctrl Pts',(3.06484218298318,5.33811332603217,1.27240218491845));
#8077=CARTESIAN_POINT('Ctrl Pts',(2.88484218298318,5.40414856692075,1.4001422402411));
#8078=CARTESIAN_POINT('Ctrl Pts',(2.88484218298318,5.39730225204147,1.37390236154181));
#8079=CARTESIAN_POINT('Ctrl Pts',(2.88484218298318,5.38485307928993,1.32618840320556));
#8080=CARTESIAN_POINT('Ctrl Pts',(2.88484218298318,5.35262007045029,1.28909595986428));
#8081=CARTESIAN_POINT('Ctrl Pts',(2.88484218298318,5.33811332603217,1.27240218491845));
#8082=CARTESIAN_POINT('Ctrl Pts',(2.98484218298318,5.40414856692076,1.4001422402411));
#8083=CARTESIAN_POINT('Ctrl Pts',(2.98484218298318,5.39730225204147,1.37390236154181));
#8084=CARTESIAN_POINT('Ctrl Pts',(2.98484218298318,5.38485307928992,1.32618840320556));
#8085=CARTESIAN_POINT('Ctrl Pts',(2.98484218298318,5.35262007045029,1.28909595986428));
#8086=CARTESIAN_POINT('Ctrl Pts',(2.98484218298318,5.33811332603217,1.27240218491845));
#8087=CARTESIAN_POINT('Origin',(2.98484218298319,4.82823522706748,1.50514908404641));
#8088=CARTESIAN_POINT('Origin',(2.58484218298319,4.72647609134435,1.90190136702351));
#8089=CARTESIAN_POINT('',(2.88484218298319,4.72647609134435,1.90190136702351));
#8090=CARTESIAN_POINT('',(2.88484218298319,4.57762630601644,1.90190136702351));
#8091=CARTESIAN_POINT('',(2.88484218298321,2.08320815266341,1.90190136702349));
#8092=CARTESIAN_POINT('',(2.98484218298319,4.57762630601644,1.90190136702351));
#8093=CARTESIAN_POINT('',(2.58484218298319,4.57762630601644,1.90190136702351));
#8094=CARTESIAN_POINT('',(2.98484218298319,4.72647609134435,1.90190136702351));
#8095=CARTESIAN_POINT('',(2.98484218298319,4.57762630601644,1.90190136702351));
#8096=CARTESIAN_POINT('',(2.58484218298319,4.72647609134435,1.90190136702351));
#8097=CARTESIAN_POINT('Origin',(2.58484218298319,4.57762630601644,1.90190136702351));
#8098=CARTESIAN_POINT('',(2.88484218298319,4.57762630601645,1.37199618192009));
#8099=CARTESIAN_POINT('',(2.88484218298319,4.57762630601645,1.44019650937609));
#8100=CARTESIAN_POINT('',(2.98484218298319,4.57762630601645,1.37199618192009));
#8101=CARTESIAN_POINT('',(2.58484218298319,4.57762630601644,1.3719961819201));
#8102=CARTESIAN_POINT('',(2.98484218298319,4.57762630601645,1.37199618192009));
#8103=CARTESIAN_POINT('Origin',(2.58484218298319,4.57762630601644,1.3719961819201));
#8104=CARTESIAN_POINT('',(2.88484218298319,4.25286317189455,1.90190136702351));
#8105=CARTESIAN_POINT('',(2.8848421829832,3.70375943466275,2.79785563937505));
#8106=CARTESIAN_POINT('',(2.98484218298319,4.25286317189456,1.90190136702351));
#8107=CARTESIAN_POINT('',(2.58484218298319,4.25286317189455,1.90190136702351));
#8108=CARTESIAN_POINT('',(2.98484218298319,4.25286317189456,1.90190136702351));
#8109=CARTESIAN_POINT('Origin',(2.58484218298319,4.25286317189455,1.90190136702351));
#8110=CARTESIAN_POINT('',(2.88484218298319,4.09697683473348,1.90190136702351));
#8111=CARTESIAN_POINT('',(2.88484218298321,1.84288341702193,1.90190136702349));
#8112=CARTESIAN_POINT('',(2.98484218298319,4.09697683473348,1.90190136702351));
#8113=CARTESIAN_POINT('',(2.58484218298319,4.09697683473348,1.90190136702351));
#8114=CARTESIAN_POINT('',(2.98484218298319,4.09697683473348,1.90190136702351));
#8115=CARTESIAN_POINT('Origin',(2.58484218298319,4.09697683473348,1.90190136702351));
#8116=CARTESIAN_POINT('',(2.88484218298319,4.09697683473349,1.10839672656349));
#8117=CARTESIAN_POINT('',(2.88484218298319,4.09697683473349,1.30839678169779));
#8118=CARTESIAN_POINT('',(2.98484218298319,4.09697683473349,1.10839672656349));
#8119=CARTESIAN_POINT('',(2.58484218298319,4.09697683473349,1.10839672656349));
#8120=CARTESIAN_POINT('',(2.98484218298319,4.09697683473349,1.10839672656349));
#8121=CARTESIAN_POINT('Origin',(2.58484218298318,4.72647609134436,1.1083967265635));
#8122=CARTESIAN_POINT('',(2.88484218298318,4.72647609134436,1.1083967265635));
#8123=CARTESIAN_POINT('',(2.88484218298319,4.72647609134435,1.7051491019278));
#8124=CARTESIAN_POINT('',(2.98484218298318,4.72647609134436,1.1083967265635));
#8125=CARTESIAN_POINT('',(2.98484218298319,4.72647609134435,1.90190136702351));
#8126=CARTESIAN_POINT('',(2.58484218298318,4.72647609134436,1.1083967265635));
#8127=CARTESIAN_POINT('Origin',(2.58484218298318,4.56571834107161,1.1083967265635));
#8128=CARTESIAN_POINT('',(2.88484218298318,4.56571834107161,1.1083967265635));
#8129=CARTESIAN_POINT('',(2.8848421829832,2.15763304532737,1.10839672656348));
#8130=CARTESIAN_POINT('',(2.98484218298318,4.56571834107161,1.1083967265635));
#8131=CARTESIAN_POINT('',(2.98484218298318,4.72647609134436,1.1083967265635));
#8132=CARTESIAN_POINT('',(2.58484218298318,4.56571834107161,1.1083967265635));
#8133=CARTESIAN_POINT('Origin',(2.58484218298319,4.24582662006139,1.62585266204171));
#8134=CARTESIAN_POINT('',(2.88484218298319,4.2458266200614,1.6258526620417));
#8135=CARTESIAN_POINT('',(2.8848421829832,3.78820141206609,2.36610589320945));
#8136=CARTESIAN_POINT('',(2.98484218298319,4.2458266200614,1.6258526620417));
#8137=CARTESIAN_POINT('',(2.98484218298318,4.56571834107161,1.1083967265635));
#8138=CARTESIAN_POINT('',(2.58484218298319,4.24582662006139,1.62585266204171));
#8139=CARTESIAN_POINT('Origin',(2.58484218298319,4.2458266200614,1.1083967265635));
#8140=CARTESIAN_POINT('',(2.88484218298319,4.2458266200614,1.10839672656349));
#8141=CARTESIAN_POINT('',(2.88484218298319,4.2458266200614,1.56712474943689));
#8142=CARTESIAN_POINT('',(2.98484218298319,4.2458266200614,1.10839672656349));
#8143=CARTESIAN_POINT('',(2.98484218298319,4.2458266200614,1.6258526620417));
#8144=CARTESIAN_POINT('',(2.58484218298319,4.2458266200614,1.1083967265635));
#8145=CARTESIAN_POINT('Origin',(2.58484218298319,4.09697683473349,1.10839672656349));
#8146=CARTESIAN_POINT('',(2.8848421829832,1.91730830968589,1.10839672656348));
#8147=CARTESIAN_POINT('',(2.98484218298319,4.2458266200614,1.10839672656349));
#8148=CARTESIAN_POINT('Origin',(2.98484218298319,4.82823522706748,1.50514908404641));
#8149=CARTESIAN_POINT('Origin',(2.98484218298319,5.68878999931037,2.6333968368321));
#8150=CARTESIAN_POINT('',(2.98484218298319,5.68878999931037,2.6333968368321));
#8151=CARTESIAN_POINT('',(2.98484218298317,5.68878999931038,0.383396836832095));
#8152=CARTESIAN_POINT('',(2.9848421829832,5.68878999931036,4.6083968368321));
#8153=CARTESIAN_POINT('',(2.88484218298319,5.68878999931037,2.6333968368321));
#8154=CARTESIAN_POINT('',(2.98484218298319,5.68878999931037,2.6333968368321));
#8155=CARTESIAN_POINT('',(2.88484218298317,5.68878999931038,0.383396836832096));
#8156=CARTESIAN_POINT('',(2.88484218298319,5.68878999931037,2.6333968368321));
#8157=CARTESIAN_POINT('',(2.98484218298317,5.68878999931038,0.383396836832095));
#8158=CARTESIAN_POINT('Origin',(2.9848421829832,3.98878999931037,2.63339683683208));
#8159=CARTESIAN_POINT('',(2.9848421829832,3.98878999931037,2.63339683683208));
#8160=CARTESIAN_POINT('',(2.98484218298324,-1.41121000068963,2.63339683683204));
#8161=CARTESIAN_POINT('',(2.8848421829832,3.98878999931037,2.63339683683208));
#8162=CARTESIAN_POINT('',(2.9848421829832,3.98878999931037,2.63339683683208));
#8163=CARTESIAN_POINT('',(2.8848421829832,3.98878999931037,2.63339683683208));
#8164=CARTESIAN_POINT('Origin',(2.98484218298318,3.98878999931039,0.383396836832083));
#8165=CARTESIAN_POINT('',(2.98484218298318,3.98878999931039,0.383396836832083));
#8166=CARTESIAN_POINT('',(2.9848421829832,3.98878999931036,3.48339683683208));
#8167=CARTESIAN_POINT('',(2.88484218298318,3.98878999931038,0.383396836832084));
#8168=CARTESIAN_POINT('',(2.98484218298318,3.98878999931039,0.383396836832083));
#8169=CARTESIAN_POINT('',(2.88484218298318,3.98878999931038,0.383396836832084));
#8170=CARTESIAN_POINT('Origin',(2.98484218298317,5.68878999931038,0.383396836832095));
#8171=CARTESIAN_POINT('',(2.98484218298322,-0.561210000689615,0.38339683683205));
#8172=CARTESIAN_POINT('',(2.88484218298317,5.68878999931038,0.383396836832096));
#8173=CARTESIAN_POINT('Origin',(2.88484218298322,-0.411210000689624,1.50839683683205));
#8174=CARTESIAN_POINT('Ctrl Pts',(2.78484218298326,-5.34727222992808,1.90961465509221));
#8175=CARTESIAN_POINT('Ctrl Pts',(3.02484218298326,-5.34727222992808,1.90961465509221));
#8176=CARTESIAN_POINT('Ctrl Pts',(2.78484218298326,-5.38918834578766,1.94097638352317));
#8177=CARTESIAN_POINT('Ctrl Pts',(3.02484218298326,-5.38918834578766,1.94097638352317));
#8178=CARTESIAN_POINT('Ctrl Pts',(2.78484218298326,-5.47669163650337,2.00644653465632));
#8179=CARTESIAN_POINT('Ctrl Pts',(3.02484218298326,-5.47669163650337,2.00644653465631));
#8180=CARTESIAN_POINT('Ctrl Pts',(2.78484218298326,-5.58599671519969,2.01351168966544));
#8181=CARTESIAN_POINT('Ctrl Pts',(3.02484218298326,-5.58599671519969,2.01351168966544));
#8182=CARTESIAN_POINT('Ctrl Pts',(2.78484218298326,-5.64294211341769,2.0171924707441));
#8183=CARTESIAN_POINT('Ctrl Pts',(3.02484218298326,-5.64294211341769,2.0171924707441));
#8184=CARTESIAN_POINT('',(2.88484218298326,-5.64294211341769,2.0171924707441));
#8185=CARTESIAN_POINT('',(2.88484218298326,-5.34727222992808,1.90961465509221));
#8186=CARTESIAN_POINT('Ctrl Pts',(2.88484218298326,-5.64294211341769,2.0171924707441));
#8187=CARTESIAN_POINT('Ctrl Pts',(2.88484218298326,-5.58599671519969,2.01351168966544));
#8188=CARTESIAN_POINT('Ctrl Pts',(2.88484218298326,-5.47669163650337,2.00644653465631));
#8189=CARTESIAN_POINT('Ctrl Pts',(2.88484218298326,-5.38918834578766,1.94097638352317));
#8190=CARTESIAN_POINT('Ctrl Pts',(2.88484218298326,-5.34727222992808,1.90961465509221));
#8191=CARTESIAN_POINT('',(2.98484218298326,-5.64294211341769,2.0171924707441));
#8192=CARTESIAN_POINT('',(2.78484218298326,-5.64294211341769,2.0171924707441));
#8193=CARTESIAN_POINT('',(2.98484218298326,-5.34727222992808,1.90961465509221));
#8194=CARTESIAN_POINT('Ctrl Pts',(2.98484218298326,-5.34727222992808,1.90961465509221));
#8195=CARTESIAN_POINT('Ctrl Pts',(2.98484218298326,-5.38918834578766,1.94097638352317));
#8196=CARTESIAN_POINT('Ctrl Pts',(2.98484218298326,-5.47669163650337,2.00644653465632));
#8197=CARTESIAN_POINT('Ctrl Pts',(2.98484218298326,-5.58599671519969,2.01351168966544));
#8198=CARTESIAN_POINT('Ctrl Pts',(2.98484218298326,-5.64294211341769,2.0171924707441));
#8199=CARTESIAN_POINT('',(2.78484218298326,-5.34727222992808,1.90961465509221));
#8200=CARTESIAN_POINT('Ctrl Pts',(2.78484218298326,-5.64294211341769,2.0171924707441));
#8201=CARTESIAN_POINT('Ctrl Pts',(3.02484218298326,-5.64294211341769,2.0171924707441));
#8202=CARTESIAN_POINT('Ctrl Pts',(2.78484218298326,-5.70836361478456,2.012202402065));
#8203=CARTESIAN_POINT('Ctrl Pts',(3.02484218298326,-5.70836361478456,2.012202402065));
#8204=CARTESIAN_POINT('Ctrl Pts',(2.78484218298327,-5.83538652436222,2.00251364486182));
#8205=CARTESIAN_POINT('Ctrl Pts',(3.02484218298327,-5.83538652436222,2.00251364486182));
#8206=CARTESIAN_POINT('Ctrl Pts',(2.78484218298327,-5.93223794951209,1.92013405171742));
#8207=CARTESIAN_POINT('Ctrl Pts',(3.02484218298327,-5.93223794951209,1.92013405171742));
#8208=CARTESIAN_POINT('Ctrl Pts',(2.78484218298327,-5.9792073048535,1.88018299908921));
#8209=CARTESIAN_POINT('Ctrl Pts',(3.02484218298327,-5.9792073048535,1.88018299908921));
#8210=CARTESIAN_POINT('',(2.88484218298326,-5.9792073048535,1.88018299908921));
#8211=CARTESIAN_POINT('Ctrl Pts',(2.88484218298326,-5.9792073048535,1.88018299908921));
#8212=CARTESIAN_POINT('Ctrl Pts',(2.88484218298326,-5.93223794951209,1.92013405171742));
#8213=CARTESIAN_POINT('Ctrl Pts',(2.88484218298326,-5.83538652436222,2.00251364486182));
#8214=CARTESIAN_POINT('Ctrl Pts',(2.88484218298326,-5.70836361478456,2.012202402065));
#8215=CARTESIAN_POINT('Ctrl Pts',(2.88484218298326,-5.64294211341769,2.0171924707441));
#8216=CARTESIAN_POINT('',(2.98484218298326,-5.9792073048535,1.88018299908921));
#8217=CARTESIAN_POINT('',(2.78484218298327,-5.9792073048535,1.88018299908921));
#8218=CARTESIAN_POINT('Ctrl Pts',(2.98484218298326,-5.64294211341769,2.0171924707441));
#8219=CARTESIAN_POINT('Ctrl Pts',(2.98484218298326,-5.70836361478456,2.012202402065));
#8220=CARTESIAN_POINT('Ctrl Pts',(2.98484218298326,-5.83538652436222,2.00251364486182));
#8221=CARTESIAN_POINT('Ctrl Pts',(2.98484218298326,-5.93223794951209,1.92013405171742));
#8222=CARTESIAN_POINT('Ctrl Pts',(2.98484218298326,-5.9792073048535,1.88018299908921));
#8223=CARTESIAN_POINT('Ctrl Pts',(2.78484218298327,-5.9792073048535,1.88018299908921));
#8224=CARTESIAN_POINT('Ctrl Pts',(3.02484218298327,-5.9792073048535,1.88018299908921));
#8225=CARTESIAN_POINT('Ctrl Pts',(2.78484218298327,-6.01644588008132,1.82713420285413));
#8226=CARTESIAN_POINT('Ctrl Pts',(3.02484218298327,-6.01644588008132,1.82713420285413));
#8227=CARTESIAN_POINT('Ctrl Pts',(2.78484218298327,-6.09712329824129,1.71220392180665));
#8228=CARTESIAN_POINT('Ctrl Pts',(3.02484218298327,-6.09712329824129,1.71220392180665));
#8229=CARTESIAN_POINT('Ctrl Pts',(2.78484218298326,-6.10359713033582,1.57137016014144));
#8230=CARTESIAN_POINT('Ctrl Pts',(3.02484218298326,-6.10359713033582,1.57137016014144));
#8231=CARTESIAN_POINT('Ctrl Pts',(2.78484218298326,-6.1070828117314,1.4955415603666));
#8232=CARTESIAN_POINT('Ctrl Pts',(3.02484218298326,-6.1070828117314,1.49554156036659));
#8233=CARTESIAN_POINT('',(2.88484218298326,-6.1070828117314,1.49554156036659));
#8234=CARTESIAN_POINT('Ctrl Pts',(2.88484218298326,-6.1070828117314,1.49554156036659));
#8235=CARTESIAN_POINT('Ctrl Pts',(2.88484218298326,-6.10359713033582,1.57137016014144));
#8236=CARTESIAN_POINT('Ctrl Pts',(2.88484218298326,-6.09712329824128,1.71220392180665));
#8237=CARTESIAN_POINT('Ctrl Pts',(2.88484218298326,-6.01644588008132,1.82713420285413));
#8238=CARTESIAN_POINT('Ctrl Pts',(2.88484218298326,-5.9792073048535,1.88018299908921));
#8239=CARTESIAN_POINT('',(2.98484218298326,-6.1070828117314,1.49554156036659));
#8240=CARTESIAN_POINT('',(2.78484218298326,-6.1070828117314,1.4955415603666));
#8241=CARTESIAN_POINT('Ctrl Pts',(2.98484218298326,-5.9792073048535,1.88018299908921));
#8242=CARTESIAN_POINT('Ctrl Pts',(2.98484218298326,-6.01644588008132,1.82713420285413));
#8243=CARTESIAN_POINT('Ctrl Pts',(2.98484218298326,-6.09712329824129,1.71220392180665));
#8244=CARTESIAN_POINT('Ctrl Pts',(2.98484218298326,-6.10359713033582,1.57137016014144));
#8245=CARTESIAN_POINT('Ctrl Pts',(2.98484218298326,-6.1070828117314,1.49554156036659));
#8246=CARTESIAN_POINT('Ctrl Pts',(2.78484218298326,-6.1070828117314,1.4955415603666));
#8247=CARTESIAN_POINT('Ctrl Pts',(3.02484218298326,-6.1070828117314,1.49554156036659));
#8248=CARTESIAN_POINT('Ctrl Pts',(2.78484218298326,-6.10329088530719,1.42332513875194));
#8249=CARTESIAN_POINT('Ctrl Pts',(3.02484218298326,-6.10329088530718,1.42332513875194));
#8250=CARTESIAN_POINT('Ctrl Pts',(2.78484218298326,-6.09616635268062,1.28763995016712));
#8251=CARTESIAN_POINT('Ctrl Pts',(3.02484218298326,-6.09616635268061,1.28763995016712));
#8252=CARTESIAN_POINT('Ctrl Pts',(2.78484218298326,-6.01694217883946,1.17782801759594));
#8253=CARTESIAN_POINT('Ctrl Pts',(3.02484218298326,-6.01694217883946,1.17782801759593));
#8254=CARTESIAN_POINT('Ctrl Pts',(2.78484218298326,-5.9798838920775,1.12646185131356));
#8255=CARTESIAN_POINT('Ctrl Pts',(3.02484218298326,-5.9798838920775,1.12646185131356));
#8256=CARTESIAN_POINT('',(2.88484218298326,-5.9798838920775,1.12646185131356));
#8257=CARTESIAN_POINT('Ctrl Pts',(2.88484218298326,-5.9798838920775,1.12646185131356));
#8258=CARTESIAN_POINT('Ctrl Pts',(2.88484218298326,-6.01694217883946,1.17782801759593));
#8259=CARTESIAN_POINT('Ctrl Pts',(2.88484218298326,-6.0961663526806,1.28763995016712));
#8260=CARTESIAN_POINT('Ctrl Pts',(2.88484218298326,-6.10329088530718,1.42332513875194));
#8261=CARTESIAN_POINT('Ctrl Pts',(2.88484218298326,-6.1070828117314,1.49554156036659));
#8262=CARTESIAN_POINT('',(2.98484218298326,-5.9798838920775,1.12646185131356));
#8263=CARTESIAN_POINT('',(2.78484218298326,-5.9798838920775,1.12646185131356));
#8264=CARTESIAN_POINT('Ctrl Pts',(2.98484218298326,-6.1070828117314,1.49554156036659));
#8265=CARTESIAN_POINT('Ctrl Pts',(2.98484218298326,-6.10329088530718,1.42332513875194));
#8266=CARTESIAN_POINT('Ctrl Pts',(2.98484218298326,-6.09616635268061,1.28763995016712));
#8267=CARTESIAN_POINT('Ctrl Pts',(2.98484218298326,-6.01694217883946,1.17782801759593));
#8268=CARTESIAN_POINT('Ctrl Pts',(2.98484218298326,-5.9798838920775,1.12646185131356));
#8269=CARTESIAN_POINT('Ctrl Pts',(2.78484218298326,-5.9798838920775,1.12646185131356));
#8270=CARTESIAN_POINT('Ctrl Pts',(3.02484218298326,-5.9798838920775,1.12646185131356));
#8271=CARTESIAN_POINT('Ctrl Pts',(2.78484218298326,-5.93398202661347,1.08709624907792));
#8272=CARTESIAN_POINT('Ctrl Pts',(3.02484218298326,-5.93398202661347,1.08709624907792));
#8273=CARTESIAN_POINT('Ctrl Pts',(2.78484218298326,-5.84050561738137,1.00693054977469));
#8274=CARTESIAN_POINT('Ctrl Pts',(3.02484218298326,-5.84050561738137,1.00693054977469));
#8275=CARTESIAN_POINT('Ctrl Pts',(2.78484218298326,-5.71764846837911,0.996692627353638));
#8276=CARTESIAN_POINT('Ctrl Pts',(3.02484218298326,-5.71764846837911,0.996692627353636));
#8277=CARTESIAN_POINT('Ctrl Pts',(2.78484218298326,-5.6551206834498,0.991482066824881));
#8278=CARTESIAN_POINT('Ctrl Pts',(3.02484218298326,-5.6551206834498,0.99148206682488));
#8279=CARTESIAN_POINT('',(2.88484218298326,-5.6551206834498,0.99148206682488));
#8280=CARTESIAN_POINT('Ctrl Pts',(2.88484218298326,-5.6551206834498,0.99148206682488));
#8281=CARTESIAN_POINT('Ctrl Pts',(2.88484218298326,-5.71764846837911,0.996692627353637));
#8282=CARTESIAN_POINT('Ctrl Pts',(2.88484218298326,-5.84050561738137,1.00693054977469));
#8283=CARTESIAN_POINT('Ctrl Pts',(2.88484218298326,-5.93398202661347,1.08709624907792));
#8284=CARTESIAN_POINT('Ctrl Pts',(2.88484218298326,-5.9798838920775,1.12646185131356));
#8285=CARTESIAN_POINT('',(2.98484218298326,-5.6551206834498,0.99148206682488));
#8286=CARTESIAN_POINT('',(2.78484218298326,-5.6551206834498,0.991482066824881));
#8287=CARTESIAN_POINT('Ctrl Pts',(2.98484218298326,-5.9798838920775,1.12646185131356));
#8288=CARTESIAN_POINT('Ctrl Pts',(2.98484218298326,-5.93398202661347,1.08709624907792));
#8289=CARTESIAN_POINT('Ctrl Pts',(2.98484218298326,-5.84050561738137,1.00693054977469));
#8290=CARTESIAN_POINT('Ctrl Pts',(2.98484218298326,-5.71764846837911,0.996692627353636));
#8291=CARTESIAN_POINT('Ctrl Pts',(2.98484218298326,-5.6551206834498,0.99148206682488));
#8292=CARTESIAN_POINT('Ctrl Pts',(2.78484218298326,-5.6551206834498,0.991482066824881));
#8293=CARTESIAN_POINT('Ctrl Pts',(3.02484218298326,-5.6551206834498,0.99148206682488));
#8294=CARTESIAN_POINT('Ctrl Pts',(2.78484218298326,-5.60529107413794,0.99398635320711));
#8295=CARTESIAN_POINT('Ctrl Pts',(3.02484218298326,-5.60529107413794,0.993986353207109));
#8296=CARTESIAN_POINT('Ctrl Pts',(2.78484218298326,-5.5107945875615,0.998735462577421));
#8297=CARTESIAN_POINT('Ctrl Pts',(3.02484218298326,-5.5107945875615,0.99873546257742));
#8298=CARTESIAN_POINT('Ctrl Pts',(2.78484218298326,-5.42985000348769,1.04733334782701));
#8299=CARTESIAN_POINT('Ctrl Pts',(3.02484218298326,-5.42985000348769,1.04733334782701));
#8300=CARTESIAN_POINT('Ctrl Pts',(2.78484218298326,-5.39158887936502,1.07030473919198));
#8301=CARTESIAN_POINT('Ctrl Pts',(3.02484218298326,-5.39158887936502,1.07030473919198));
#8302=CARTESIAN_POINT('',(2.88484218298326,-5.39158887936502,1.07030473919198));
#8303=CARTESIAN_POINT('Ctrl Pts',(2.88484218298326,-5.39158887936502,1.07030473919198));
#8304=CARTESIAN_POINT('Ctrl Pts',(2.88484218298326,-5.42985000348769,1.04733334782701));
#8305=CARTESIAN_POINT('Ctrl Pts',(2.88484218298326,-5.51079458756151,0.998735462577419));
#8306=CARTESIAN_POINT('Ctrl Pts',(2.88484218298326,-5.60529107413794,0.99398635320711));
#8307=CARTESIAN_POINT('Ctrl Pts',(2.88484218298326,-5.6551206834498,0.99148206682488));
#8308=CARTESIAN_POINT('',(2.98484218298326,-5.39158887936502,1.07030473919198));
#8309=CARTESIAN_POINT('',(2.78484218298326,-5.39158887936502,1.07030473919198));
#8310=CARTESIAN_POINT('Ctrl Pts',(2.98484218298326,-5.6551206834498,0.99148206682488));
#8311=CARTESIAN_POINT('Ctrl Pts',(2.98484218298326,-5.60529107413794,0.993986353207109));
#8312=CARTESIAN_POINT('Ctrl Pts',(2.98484218298326,-5.5107945875615,0.99873546257742));
#8313=CARTESIAN_POINT('Ctrl Pts',(2.98484218298326,-5.42985000348769,1.04733334782701));
#8314=CARTESIAN_POINT('Ctrl Pts',(2.98484218298326,-5.39158887936502,1.07030473919198));
#8315=CARTESIAN_POINT('Ctrl Pts',(2.78484218298326,-5.39158887936502,1.07030473919198));
#8316=CARTESIAN_POINT('Ctrl Pts',(3.02484218298326,-5.39158887936502,1.07030473919198));
#8317=CARTESIAN_POINT('Ctrl Pts',(2.78484218298326,-5.3590120079439,1.10171567920461));
#8318=CARTESIAN_POINT('Ctrl Pts',(3.02484218298326,-5.3590120079439,1.10171567920461));
#8319=CARTESIAN_POINT('Ctrl Pts',(2.78484218298326,-5.28903750061144,1.16918578779239));
#8320=CARTESIAN_POINT('Ctrl Pts',(3.02484218298326,-5.28903750061144,1.16918578779239));
#8321=CARTESIAN_POINT('Ctrl Pts',(2.78484218298326,-5.25908523579603,1.261937992224));
#8322=CARTESIAN_POINT('Ctrl Pts',(3.02484218298326,-5.25908523579603,1.261937992224));
#8323=CARTESIAN_POINT('Ctrl Pts',(2.78484218298326,-5.24307735039621,1.31150909037873));
#8324=CARTESIAN_POINT('Ctrl Pts',(3.02484218298326,-5.24307735039621,1.31150909037873));
#8325=CARTESIAN_POINT('',(2.88484218298326,-5.24307735039621,1.31150909037873));
#8326=CARTESIAN_POINT('Ctrl Pts',(2.88484218298326,-5.24307735039621,1.31150909037873));
#8327=CARTESIAN_POINT('Ctrl Pts',(2.88484218298326,-5.25908523579603,1.261937992224));
#8328=CARTESIAN_POINT('Ctrl Pts',(2.88484218298326,-5.28903750061143,1.16918578779239));
#8329=CARTESIAN_POINT('Ctrl Pts',(2.88484218298326,-5.3590120079439,1.10171567920461));
#8330=CARTESIAN_POINT('Ctrl Pts',(2.88484218298326,-5.39158887936502,1.07030473919198));
#8331=CARTESIAN_POINT('',(2.98484218298326,-5.24307735039621,1.31150909037873));
#8332=CARTESIAN_POINT('',(2.78484218298326,-5.24307735039621,1.31150909037873));
#8333=CARTESIAN_POINT('Ctrl Pts',(2.98484218298326,-5.39158887936502,1.07030473919198));
#8334=CARTESIAN_POINT('Ctrl Pts',(2.98484218298326,-5.3590120079439,1.10171567920461));
#8335=CARTESIAN_POINT('Ctrl Pts',(2.98484218298326,-5.28903750061144,1.16918578779239));
#8336=CARTESIAN_POINT('Ctrl Pts',(2.98484218298326,-5.25908523579603,1.261937992224));
#8337=CARTESIAN_POINT('Ctrl Pts',(2.98484218298326,-5.24307735039621,1.31150909037873));
#8338=CARTESIAN_POINT('Origin',(2.78484218298326,-5.24307735039621,1.31150909037873));
#8339=CARTESIAN_POINT('',(2.88484218298326,-5.43725870324999,1.37307875128075));
#8340=CARTESIAN_POINT('',(2.88484218298324,-3.07620470914998,0.624452317013558));
#8341=CARTESIAN_POINT('',(2.98484218298326,-5.43725870324999,1.37307875128075));
#8342=CARTESIAN_POINT('',(2.78484218298326,-5.43725870324999,1.37307875128075));
#8343=CARTESIAN_POINT('',(2.98484218298326,-5.43725870324999,1.37307875128075));
#8344=CARTESIAN_POINT('Ctrl Pts',(2.78484218298326,-5.43725870324999,1.37307875128075));
#8345=CARTESIAN_POINT('Ctrl Pts',(3.02484218298326,-5.43725870324999,1.37307875128075));
#8346=CARTESIAN_POINT('Ctrl Pts',(2.78484218298326,-5.44581659687277,1.34027886800923));
#8347=CARTESIAN_POINT('Ctrl Pts',(3.02484218298326,-5.44581659687277,1.34027886800923));
#8348=CARTESIAN_POINT('Ctrl Pts',(2.78484218298326,-5.46137804970532,1.28063640703216));
#8349=CARTESIAN_POINT('Ctrl Pts',(3.02484218298326,-5.46137804970532,1.28063640703215));
#8350=CARTESIAN_POINT('Ctrl Pts',(2.78484218298326,-5.50166925561818,1.23427079399484));
#8351=CARTESIAN_POINT('Ctrl Pts',(3.02484218298326,-5.50166925561818,1.23427079399484));
#8352=CARTESIAN_POINT('Ctrl Pts',(2.78484218298326,-5.51980264260203,1.21340357036874));
#8353=CARTESIAN_POINT('Ctrl Pts',(3.02484218298326,-5.51980264260202,1.21340357036873));
#8354=CARTESIAN_POINT('',(2.88484218298326,-5.51980264260202,1.21340357036874));
#8355=CARTESIAN_POINT('Ctrl Pts',(2.88484218298326,-5.51980264260202,1.21340357036874));
#8356=CARTESIAN_POINT('Ctrl Pts',(2.88484218298326,-5.50166925561818,1.23427079399484));
#8357=CARTESIAN_POINT('Ctrl Pts',(2.88484218298326,-5.46137804970532,1.28063640703215));
#8358=CARTESIAN_POINT('Ctrl Pts',(2.88484218298326,-5.44581659687277,1.34027886800923));
#8359=CARTESIAN_POINT('Ctrl Pts',(2.88484218298326,-5.43725870324999,1.37307875128075));
#8360=CARTESIAN_POINT('',(2.98484218298326,-5.51980264260202,1.21340357036873));
#8361=CARTESIAN_POINT('',(2.78484218298326,-5.51980264260203,1.21340357036874));
#8362=CARTESIAN_POINT('Ctrl Pts',(2.98484218298326,-5.43725870324999,1.37307875128075));
#8363=CARTESIAN_POINT('Ctrl Pts',(2.98484218298326,-5.44581659687277,1.34027886800923));
#8364=CARTESIAN_POINT('Ctrl Pts',(2.98484218298326,-5.46137804970532,1.28063640703216));
#8365=CARTESIAN_POINT('Ctrl Pts',(2.98484218298326,-5.50166925561818,1.23427079399484));
#8366=CARTESIAN_POINT('Ctrl Pts',(2.98484218298326,-5.51980264260202,1.21340357036873));
#8367=CARTESIAN_POINT('Origin',(2.98484218298326,-5.6750800810638,1.50433726878449));
#8368=CARTESIAN_POINT('',(2.98484218298326,-5.65715051962763,1.16265930505082));
#8369=CARTESIAN_POINT('Ctrl Pts',(2.98484218298326,-5.51980264260202,1.21340357036873));
#8370=CARTESIAN_POINT('Ctrl Pts',(2.98484218298326,-5.54004732179225,1.19860369078726));
#8371=CARTESIAN_POINT('Ctrl Pts',(2.98484218298326,-5.58098996648423,1.16867255651269));
#8372=CARTESIAN_POINT('Ctrl Pts',(2.98484218298326,-5.63157698139363,1.16467846207928));
#8373=CARTESIAN_POINT('Ctrl Pts',(2.98484218298326,-5.65715051962763,1.16265930505082));
#8374=CARTESIAN_POINT('',(2.98484218298326,-5.83306386842161,1.24249689550682));
#8375=CARTESIAN_POINT('Ctrl Pts',(2.98484218298326,-5.65715051962763,1.16265930505082));
#8376=CARTESIAN_POINT('Ctrl Pts',(2.98484218298326,-5.69143133059203,1.165854121798));
#8377=CARTESIAN_POINT('Ctrl Pts',(2.98484218298326,-5.75933054557791,1.17218202195715));
#8378=CARTESIAN_POINT('Ctrl Pts',(2.98484218298326,-5.80864646520192,1.21921154020765));
#8379=CARTESIAN_POINT('Ctrl Pts',(2.98484218298326,-5.83306386842161,1.24249689550682));
#8380=CARTESIAN_POINT('',(2.98484218298326,-5.90072281433969,1.51042662830635));
#8381=CARTESIAN_POINT('Ctrl Pts',(2.98484218298326,-5.83306386842161,1.24249689550682));
#8382=CARTESIAN_POINT('Ctrl Pts',(2.98484218298326,-5.85267972061162,1.27737165760364));
#8383=CARTESIAN_POINT('Ctrl Pts',(2.98484218298326,-5.89913570386368,1.35996513089224));
#8384=CARTESIAN_POINT('Ctrl Pts',(2.98484218298326,-5.90014163410136,1.45532948778019));
#8385=CARTESIAN_POINT('Ctrl Pts',(2.98484218298326,-5.90072281433969,1.51042662830635));
#8386=CARTESIAN_POINT('',(2.98484218298326,-5.83204902483851,1.76685422928616));
#8387=CARTESIAN_POINT('Ctrl Pts',(2.98484218298326,-5.90072281433969,1.51042662830635));
#8388=CARTESIAN_POINT('Ctrl Pts',(2.98484218298326,-5.89986807848502,1.56277409463081));
#8389=CARTESIAN_POINT('Ctrl Pts',(2.98484218298326,-5.89836951802823,1.65455197269394));
#8390=CARTESIAN_POINT('Ctrl Pts',(2.98484218298326,-5.85197950603854,1.73310541491397));
#8391=CARTESIAN_POINT('Ctrl Pts',(2.98484218298326,-5.83204902483851,1.76685422928616));
#8392=CARTESIAN_POINT('',(2.98484218298326,-5.65309092177779,1.84601523251816));
#8393=CARTESIAN_POINT('Ctrl Pts',(2.98484218298326,-5.83204902483851,1.76685422928616));
#8394=CARTESIAN_POINT('Ctrl Pts',(2.98484218298326,-5.80716177289797,1.7899414697809));
#8395=CARTESIAN_POINT('Ctrl Pts',(2.98484218298326,-5.75664742003637,1.83680228895605));
#8396=CARTESIAN_POINT('Ctrl Pts',(2.98484218298326,-5.68794516608311,1.84291441131346));
#8397=CARTESIAN_POINT('Ctrl Pts',(2.98484218298326,-5.65309092177779,1.84601523251816));
#8398=CARTESIAN_POINT('',(2.98484218298326,-5.51743455006511,1.80136025221631));
#8399=CARTESIAN_POINT('Ctrl Pts',(2.98484218298326,-5.65309092177779,1.84601523251816));
#8400=CARTESIAN_POINT('Ctrl Pts',(2.98484218298326,-5.62777813050783,1.84438880383576));
#8401=CARTESIAN_POINT('Ctrl Pts',(2.98484218298326,-5.57863054193161,1.84123091236188));
#8402=CARTESIAN_POINT('Ctrl Pts',(2.98484218298326,-5.53742011294382,1.81438132698038));
#8403=CARTESIAN_POINT('Ctrl Pts',(2.98484218298326,-5.51743455006511,1.80136025221631));
#8404=CARTESIAN_POINT('',(2.98484218298326,-5.44402457549005,1.67957410486027));
#8405=CARTESIAN_POINT('Ctrl Pts',(2.98484218298326,-5.51743455006511,1.80136025221631));
#8406=CARTESIAN_POINT('Ctrl Pts',(2.98484218298326,-5.50034701680705,1.78478465324489));
#8407=CARTESIAN_POINT('Ctrl Pts',(2.98484218298326,-5.46520293829368,1.75069347443866));
#8408=CARTESIAN_POINT('Ctrl Pts',(2.98484218298326,-5.45121261275932,1.70371235784214));
#8409=CARTESIAN_POINT('Ctrl Pts',(2.98484218298326,-5.44402457549005,1.67957410486027));
#8410=CARTESIAN_POINT('',(2.98484218298326,-5.24578369929225,1.72693535955235));
#8411=CARTESIAN_POINT('',(2.98484218298326,-5.24578369929225,1.72693535955235));
#8412=CARTESIAN_POINT('Ctrl Pts',(2.98484218298326,-5.24578369929225,1.72693535955235));
#8413=CARTESIAN_POINT('Ctrl Pts',(2.98484218298326,-5.25749895798137,1.7633598102347));
#8414=CARTESIAN_POINT('Ctrl Pts',(2.98484218298326,-5.27928781601168,1.83110455286552));
#8415=CARTESIAN_POINT('Ctrl Pts',(2.98484218298326,-5.32577835269026,1.8847929878603));
#8416=CARTESIAN_POINT('Ctrl Pts',(2.98484218298326,-5.34727222992808,1.90961465509221));
#8417=CARTESIAN_POINT('Ctrl Pts',(2.78484218298326,-5.51980264260203,1.21340357036874));
#8418=CARTESIAN_POINT('Ctrl Pts',(3.02484218298326,-5.51980264260202,1.21340357036873));
#8419=CARTESIAN_POINT('Ctrl Pts',(2.78484218298326,-5.54004732179225,1.19860369078727));
#8420=CARTESIAN_POINT('Ctrl Pts',(3.02484218298326,-5.54004732179225,1.19860369078726));
#8421=CARTESIAN_POINT('Ctrl Pts',(2.78484218298326,-5.58098996648424,1.16867255651269));
#8422=CARTESIAN_POINT('Ctrl Pts',(3.02484218298326,-5.58098996648423,1.16867255651269));
#8423=CARTESIAN_POINT('Ctrl Pts',(2.78484218298326,-5.63157698139364,1.16467846207928));
#8424=CARTESIAN_POINT('Ctrl Pts',(3.02484218298326,-5.63157698139363,1.16467846207928));
#8425=CARTESIAN_POINT('Ctrl Pts',(2.78484218298326,-5.65715051962763,1.16265930505082));
#8426=CARTESIAN_POINT('Ctrl Pts',(3.02484218298326,-5.65715051962763,1.16265930505082));
#8427=CARTESIAN_POINT('',(2.88484218298326,-5.65715051962763,1.16265930505082));
#8428=CARTESIAN_POINT('Ctrl Pts',(2.88484218298326,-5.65715051962763,1.16265930505082));
#8429=CARTESIAN_POINT('Ctrl Pts',(2.88484218298326,-5.63157698139363,1.16467846207928));
#8430=CARTESIAN_POINT('Ctrl Pts',(2.88484218298326,-5.58098996648422,1.16867255651269));
#8431=CARTESIAN_POINT('Ctrl Pts',(2.88484218298326,-5.54004732179225,1.19860369078727));
#8432=CARTESIAN_POINT('Ctrl Pts',(2.88484218298326,-5.51980264260202,1.21340357036874));
#8433=CARTESIAN_POINT('',(2.78484218298326,-5.65715051962763,1.16265930505082));
#8434=CARTESIAN_POINT('Ctrl Pts',(2.78484218298326,-5.65715051962763,1.16265930505082));
#8435=CARTESIAN_POINT('Ctrl Pts',(3.02484218298326,-5.65715051962763,1.16265930505082));
#8436=CARTESIAN_POINT('Ctrl Pts',(2.78484218298326,-5.69143133059203,1.165854121798));
#8437=CARTESIAN_POINT('Ctrl Pts',(3.02484218298326,-5.69143133059203,1.165854121798));
#8438=CARTESIAN_POINT('Ctrl Pts',(2.78484218298326,-5.75933054557791,1.17218202195715));
#8439=CARTESIAN_POINT('Ctrl Pts',(3.02484218298326,-5.75933054557791,1.17218202195715));
#8440=CARTESIAN_POINT('Ctrl Pts',(2.78484218298326,-5.80864646520192,1.21921154020766));
#8441=CARTESIAN_POINT('Ctrl Pts',(3.02484218298326,-5.80864646520192,1.21921154020765));
#8442=CARTESIAN_POINT('Ctrl Pts',(2.78484218298326,-5.83306386842161,1.24249689550683));
#8443=CARTESIAN_POINT('Ctrl Pts',(3.02484218298326,-5.83306386842161,1.24249689550682));
#8444=CARTESIAN_POINT('',(2.88484218298326,-5.83306386842161,1.24249689550682));
#8445=CARTESIAN_POINT('Ctrl Pts',(2.88484218298326,-5.83306386842161,1.24249689550683));
#8446=CARTESIAN_POINT('Ctrl Pts',(2.88484218298326,-5.82352022666271,1.23339571930047));
#8447=CARTESIAN_POINT('Ctrl Pts',(2.88484218298326,-5.81410729271409,1.22442639231227));
#8448=CARTESIAN_POINT('Ctrl Pts',(2.88484218298326,-5.8044928379776,1.21607705884169));
#8449=CARTESIAN_POINT('Ctrl Pts',(2.88484218298326,-5.79574368193729,1.2084791634468));
#8450=CARTESIAN_POINT('Ctrl Pts',(2.88484218298326,-5.78682970429992,1.20139017778348));
#8451=CARTESIAN_POINT('Ctrl Pts',(2.88484218298326,-5.77750270667886,1.1951732234172));
#8452=CARTESIAN_POINT('Ctrl Pts',(2.88484218298326,-5.77036858764143,1.19041794263969));
#8453=CARTESIAN_POINT('Ctrl Pts',(2.88484218298326,-5.76299306286029,1.18617233634608));
#8454=CARTESIAN_POINT('Ctrl Pts',(2.88484218298326,-5.75525603963762,1.18261866541192));
#8455=CARTESIAN_POINT('Ctrl Pts',(2.88484218298326,-5.75115501221387,1.18073503374421));
#8456=CARTESIAN_POINT('Ctrl Pts',(2.88484218298326,-5.74695981540345,1.17905014629725));
#8457=CARTESIAN_POINT('Ctrl Pts',(2.88484218298326,-5.74268729804434,1.1775381545587));
#8458=CARTESIAN_POINT('Ctrl Pts',(2.88484218298326,-5.71619166374574,1.16816167301397));
#8459=CARTESIAN_POINT('Ctrl Pts',(2.88484218298326,-5.68667109168669,1.16541048903239));
#8460=CARTESIAN_POINT('Ctrl Pts',(2.88484218298326,-5.65715051962763,1.16265930505082));
#8461=CARTESIAN_POINT('',(2.78484218298326,-5.83306386842161,1.24249689550683));
#8462=CARTESIAN_POINT('Ctrl Pts',(2.78484218298326,-5.83306386842161,1.24249689550683));
#8463=CARTESIAN_POINT('Ctrl Pts',(3.02484218298326,-5.83306386842161,1.24249689550682));
#8464=CARTESIAN_POINT('Ctrl Pts',(2.78484218298326,-5.85267972061163,1.27737165760364));
#8465=CARTESIAN_POINT('Ctrl Pts',(3.02484218298326,-5.85267972061162,1.27737165760364));
#8466=CARTESIAN_POINT('Ctrl Pts',(2.78484218298326,-5.89913570386368,1.35996513089224));
#8467=CARTESIAN_POINT('Ctrl Pts',(3.02484218298326,-5.89913570386368,1.35996513089224));
#8468=CARTESIAN_POINT('Ctrl Pts',(2.78484218298326,-5.90014163410137,1.45532948778019));
#8469=CARTESIAN_POINT('Ctrl Pts',(3.02484218298326,-5.90014163410136,1.45532948778019));
#8470=CARTESIAN_POINT('Ctrl Pts',(2.78484218298326,-5.9007228143397,1.51042662830636));
#8471=CARTESIAN_POINT('Ctrl Pts',(3.02484218298326,-5.90072281433969,1.51042662830635));
#8472=CARTESIAN_POINT('',(2.88484218298326,-5.90072281433969,1.51042662830635));
#8473=CARTESIAN_POINT('Ctrl Pts',(2.88484218298326,-5.90072281433969,1.51042662830635));
#8474=CARTESIAN_POINT('Ctrl Pts',(2.88484218298326,-5.90014163410137,1.45532948778019));
#8475=CARTESIAN_POINT('Ctrl Pts',(2.88484218298326,-5.89913570386368,1.35996513089224));
#8476=CARTESIAN_POINT('Ctrl Pts',(2.88484218298326,-5.85267972061162,1.27737165760364));
#8477=CARTESIAN_POINT('Ctrl Pts',(2.88484218298326,-5.83306386842161,1.24249689550682));
#8478=CARTESIAN_POINT('',(2.78484218298326,-5.9007228143397,1.51042662830636));
#8479=CARTESIAN_POINT('Ctrl Pts',(2.78484218298326,-5.9007228143397,1.51042662830636));
#8480=CARTESIAN_POINT('Ctrl Pts',(3.02484218298326,-5.90072281433969,1.51042662830635));
#8481=CARTESIAN_POINT('Ctrl Pts',(2.78484218298326,-5.89986807848503,1.56277409463081));
#8482=CARTESIAN_POINT('Ctrl Pts',(3.02484218298326,-5.89986807848502,1.5627740946308));
#8483=CARTESIAN_POINT('Ctrl Pts',(2.78484218298326,-5.89836951802824,1.65455197269394));
#8484=CARTESIAN_POINT('Ctrl Pts',(3.02484218298326,-5.89836951802823,1.65455197269394));
#8485=CARTESIAN_POINT('Ctrl Pts',(2.78484218298326,-5.85197950603855,1.73310541491397));
#8486=CARTESIAN_POINT('Ctrl Pts',(3.02484218298326,-5.85197950603854,1.73310541491396));
#8487=CARTESIAN_POINT('Ctrl Pts',(2.78484218298326,-5.83204902483851,1.76685422928616));
#8488=CARTESIAN_POINT('Ctrl Pts',(3.02484218298326,-5.83204902483851,1.76685422928616));
#8489=CARTESIAN_POINT('',(2.88484218298326,-5.83204902483851,1.76685422928616));
#8490=CARTESIAN_POINT('Ctrl Pts',(2.88484218298326,-5.83204902483851,1.76685422928616));
#8491=CARTESIAN_POINT('Ctrl Pts',(2.88484218298326,-5.85197950603855,1.73310541491397));
#8492=CARTESIAN_POINT('Ctrl Pts',(2.88484218298326,-5.89836951802823,1.65455197269394));
#8493=CARTESIAN_POINT('Ctrl Pts',(2.88484218298326,-5.89986807848503,1.56277409463081));
#8494=CARTESIAN_POINT('Ctrl Pts',(2.88484218298326,-5.90072281433969,1.51042662830635));
#8495=CARTESIAN_POINT('',(2.78484218298326,-5.83204902483851,1.76685422928616));
#8496=CARTESIAN_POINT('Ctrl Pts',(2.78484218298326,-5.83204902483851,1.76685422928616));
#8497=CARTESIAN_POINT('Ctrl Pts',(3.02484218298326,-5.83204902483851,1.76685422928616));
#8498=CARTESIAN_POINT('Ctrl Pts',(2.78484218298326,-5.80716177289797,1.7899414697809));
#8499=CARTESIAN_POINT('Ctrl Pts',(3.02484218298326,-5.80716177289797,1.7899414697809));
#8500=CARTESIAN_POINT('Ctrl Pts',(2.78484218298326,-5.75664742003637,1.83680228895605));
#8501=CARTESIAN_POINT('Ctrl Pts',(3.02484218298326,-5.75664742003637,1.83680228895605));
#8502=CARTESIAN_POINT('Ctrl Pts',(2.78484218298326,-5.68794516608312,1.84291441131346));
#8503=CARTESIAN_POINT('Ctrl Pts',(3.02484218298326,-5.68794516608311,1.84291441131346));
#8504=CARTESIAN_POINT('Ctrl Pts',(2.78484218298326,-5.65309092177779,1.84601523251816));
#8505=CARTESIAN_POINT('Ctrl Pts',(3.02484218298326,-5.65309092177779,1.84601523251816));
#8506=CARTESIAN_POINT('',(2.88484218298326,-5.65309092177779,1.84601523251816));
#8507=CARTESIAN_POINT('Ctrl Pts',(2.88484218298326,-5.65309092177779,1.84601523251816));
#8508=CARTESIAN_POINT('Ctrl Pts',(2.88484218298326,-5.68794516608312,1.84291441131346));
#8509=CARTESIAN_POINT('Ctrl Pts',(2.88484218298326,-5.75664742003636,1.83680228895605));
#8510=CARTESIAN_POINT('Ctrl Pts',(2.88484218298326,-5.80716177289797,1.7899414697809));
#8511=CARTESIAN_POINT('Ctrl Pts',(2.88484218298326,-5.83204902483851,1.76685422928616));
#8512=CARTESIAN_POINT('',(2.78484218298326,-5.65309092177779,1.84601523251816));
#8513=CARTESIAN_POINT('Ctrl Pts',(2.78484218298326,-5.65309092177779,1.84601523251816));
#8514=CARTESIAN_POINT('Ctrl Pts',(3.02484218298326,-5.65309092177779,1.84601523251816));
#8515=CARTESIAN_POINT('Ctrl Pts',(2.78484218298326,-5.62777813050783,1.84438880383576));
#8516=CARTESIAN_POINT('Ctrl Pts',(3.02484218298326,-5.62777813050783,1.84438880383576));
#8517=CARTESIAN_POINT('Ctrl Pts',(2.78484218298326,-5.57863054193161,1.84123091236188));
#8518=CARTESIAN_POINT('Ctrl Pts',(3.02484218298326,-5.57863054193161,1.84123091236188));
#8519=CARTESIAN_POINT('Ctrl Pts',(2.78484218298326,-5.53742011294383,1.81438132698039));
#8520=CARTESIAN_POINT('Ctrl Pts',(3.02484218298326,-5.53742011294382,1.81438132698038));
#8521=CARTESIAN_POINT('Ctrl Pts',(2.78484218298326,-5.51743455006511,1.80136025221631));
#8522=CARTESIAN_POINT('Ctrl Pts',(3.02484218298326,-5.51743455006511,1.80136025221631));
#8523=CARTESIAN_POINT('',(2.88484218298326,-5.51743455006511,1.80136025221631));
#8524=CARTESIAN_POINT('Ctrl Pts',(2.88484218298326,-5.51743455006511,1.80136025221631));
#8525=CARTESIAN_POINT('Ctrl Pts',(2.88484218298326,-5.53742011294383,1.81438132698039));
#8526=CARTESIAN_POINT('Ctrl Pts',(2.88484218298326,-5.57863054193161,1.84123091236188));
#8527=CARTESIAN_POINT('Ctrl Pts',(2.88484218298326,-5.62777813050783,1.84438880383576));
#8528=CARTESIAN_POINT('Ctrl Pts',(2.88484218298326,-5.65309092177779,1.84601523251816));
#8529=CARTESIAN_POINT('',(2.78484218298326,-5.51743455006511,1.80136025221631));
#8530=CARTESIAN_POINT('Ctrl Pts',(2.78484218298326,-5.51743455006511,1.80136025221631));
#8531=CARTESIAN_POINT('Ctrl Pts',(3.02484218298326,-5.51743455006511,1.80136025221631));
#8532=CARTESIAN_POINT('Ctrl Pts',(2.78484218298326,-5.50034701680705,1.78478465324489));
#8533=CARTESIAN_POINT('Ctrl Pts',(3.02484218298326,-5.50034701680705,1.78478465324489));
#8534=CARTESIAN_POINT('Ctrl Pts',(2.78484218298326,-5.46520293829368,1.75069347443866));
#8535=CARTESIAN_POINT('Ctrl Pts',(3.02484218298326,-5.46520293829368,1.75069347443866));
#8536=CARTESIAN_POINT('Ctrl Pts',(2.78484218298326,-5.45121261275932,1.70371235784215));
#8537=CARTESIAN_POINT('Ctrl Pts',(3.02484218298326,-5.45121261275932,1.70371235784214));
#8538=CARTESIAN_POINT('Ctrl Pts',(2.78484218298326,-5.44402457549006,1.67957410486028));
#8539=CARTESIAN_POINT('Ctrl Pts',(3.02484218298326,-5.44402457549005,1.67957410486027));
#8540=CARTESIAN_POINT('',(2.88484218298326,-5.44402457549006,1.67957410486028));
#8541=CARTESIAN_POINT('Ctrl Pts',(2.88484218298326,-5.44402457549006,1.67957410486028));
#8542=CARTESIAN_POINT('Ctrl Pts',(2.88484218298326,-5.45121261275932,1.70371235784214));
#8543=CARTESIAN_POINT('Ctrl Pts',(2.88484218298326,-5.46520293829368,1.75069347443866));
#8544=CARTESIAN_POINT('Ctrl Pts',(2.88484218298326,-5.50034701680705,1.78478465324489));
#8545=CARTESIAN_POINT('Ctrl Pts',(2.88484218298326,-5.51743455006511,1.80136025221631));
#8546=CARTESIAN_POINT('',(2.78484218298326,-5.44402457549006,1.67957410486028));
#8547=CARTESIAN_POINT('Origin',(2.78484218298326,-5.44402457549006,1.67957410486028));
#8548=CARTESIAN_POINT('',(2.88484218298326,-5.24578369929225,1.72693535955235));
#8549=CARTESIAN_POINT('',(2.88484218298325,-3.08283435932849,2.24368042515561));
#8550=CARTESIAN_POINT('',(2.78484218298326,-5.24578369929225,1.72693535955235));
#8551=CARTESIAN_POINT('Ctrl Pts',(2.78484218298326,-5.24578369929225,1.72693535955235));
#8552=CARTESIAN_POINT('Ctrl Pts',(3.02484218298326,-5.24578369929224,1.72693535955235));
#8553=CARTESIAN_POINT('Ctrl Pts',(2.78484218298326,-5.25749895798138,1.7633598102347));
#8554=CARTESIAN_POINT('Ctrl Pts',(3.02484218298326,-5.25749895798137,1.7633598102347));
#8555=CARTESIAN_POINT('Ctrl Pts',(2.78484218298326,-5.27928781601168,1.83110455286553));
#8556=CARTESIAN_POINT('Ctrl Pts',(3.02484218298326,-5.27928781601168,1.83110455286552));
#8557=CARTESIAN_POINT('Ctrl Pts',(2.78484218298326,-5.32577835269026,1.8847929878603));
#8558=CARTESIAN_POINT('Ctrl Pts',(3.02484218298326,-5.32577835269026,1.8847929878603));
#8559=CARTESIAN_POINT('Ctrl Pts',(2.78484218298326,-5.34727222992808,1.90961465509221));
#8560=CARTESIAN_POINT('Ctrl Pts',(3.02484218298326,-5.34727222992808,1.90961465509221));
#8561=CARTESIAN_POINT('Ctrl Pts',(2.88484218298326,-5.34727222992808,1.90961465509221));
#8562=CARTESIAN_POINT('Ctrl Pts',(2.88484218298326,-5.32577835269026,1.8847929878603));
#8563=CARTESIAN_POINT('Ctrl Pts',(2.88484218298326,-5.27928781601168,1.83110455286553));
#8564=CARTESIAN_POINT('Ctrl Pts',(2.88484218298326,-5.25749895798138,1.7633598102347));
#8565=CARTESIAN_POINT('Ctrl Pts',(2.88484218298326,-5.24578369929225,1.72693535955235));
#8566=CARTESIAN_POINT('Origin',(2.98484218298326,-4.81121000068963,2.63339683683202));
#8567=CARTESIAN_POINT('',(2.98484218298326,-4.81121000068963,2.63339683683202));
#8568=CARTESIAN_POINT('',(2.98484218298325,-4.81121000068962,0.38339683683202));
#8569=CARTESIAN_POINT('',(2.98484218298327,-4.81121000068965,4.60839683683202));
#8570=CARTESIAN_POINT('',(2.88484218298326,-4.81121000068963,2.63339683683202));
#8571=CARTESIAN_POINT('',(2.98484218298326,-4.81121000068963,2.63339683683202));
#8572=CARTESIAN_POINT('',(2.88484218298325,-4.81121000068962,0.383396836832021));
#8573=CARTESIAN_POINT('',(2.88484218298326,-4.81121000068963,2.63339683683202));
#8574=CARTESIAN_POINT('',(2.98484218298325,-4.81121000068962,0.38339683683202));
#8575=CARTESIAN_POINT('Origin',(2.98484218298327,-6.51121000068963,2.63339683683201));
#8576=CARTESIAN_POINT('',(2.98484218298327,-6.51121000068963,2.63339683683201));
#8577=CARTESIAN_POINT('',(2.98484218298327,-6.66121000068963,2.63339683683201));
#8578=CARTESIAN_POINT('',(2.88484218298327,-6.51121000068963,2.63339683683201));
#8579=CARTESIAN_POINT('',(2.98484218298327,-6.51121000068963,2.63339683683201));
#8580=CARTESIAN_POINT('',(2.88484218298327,-6.51121000068963,2.63339683683201));
#8581=CARTESIAN_POINT('Origin',(2.98484218298326,-6.51121000068962,0.383396836832008));
#8582=CARTESIAN_POINT('',(2.98484218298326,-6.51121000068962,0.383396836832008));
#8583=CARTESIAN_POINT('',(2.98484218298328,-6.51121000068964,3.48339683683201));
#8584=CARTESIAN_POINT('',(2.88484218298326,-6.51121000068962,0.383396836832008));
#8585=CARTESIAN_POINT('',(2.98484218298326,-6.51121000068962,0.383396836832008));
#8586=CARTESIAN_POINT('',(2.88484218298326,-6.51121000068962,0.383396836832008));
#8587=CARTESIAN_POINT('Origin',(2.98484218298325,-4.81121000068962,0.38339683683202));
#8588=CARTESIAN_POINT('',(2.98484218298325,-5.81121000068962,0.383396836832013));
#8589=CARTESIAN_POINT('',(2.88484218298325,-4.81121000068962,0.383396836832021));
#8590=CARTESIAN_POINT('Origin',(2.88484218298322,-0.411210000689624,1.50839683683205));
#8591=CARTESIAN_POINT('Origin',(2.9848421829832,1.28878999931038,0.533396836832064));
#8592=CARTESIAN_POINT('',(2.4848421829832,1.28878999931038,0.333396836832067));
#8593=CARTESIAN_POINT('',(2.4848421829832,1.48878999931038,0.533396836832068));
#8594=CARTESIAN_POINT('Origin',(2.48484218298321,1.28878999931038,0.533396836832067));
#8595=CARTESIAN_POINT('',(2.9848421829832,1.28878999931039,0.333396836832064));
#8596=CARTESIAN_POINT('',(2.9848421829832,1.28878999931039,0.333396836832064));
#8597=CARTESIAN_POINT('',(2.9848421829832,1.48878999931038,0.533396836832065));
#8598=CARTESIAN_POINT('Origin',(2.9848421829832,1.28878999931038,0.533396836832064));
#8599=CARTESIAN_POINT('',(2.9848421829832,1.48878999931038,0.533396836832065));
#8600=CARTESIAN_POINT('Origin',(-2.31515781701677,-0.411210000689676,3.48339683683208));
#8601=CARTESIAN_POINT('',(-2.3151578170168,1.48878999931035,0.533396836832097));
#8602=CARTESIAN_POINT('',(-2.3151578170168,1.28878999931035,0.333396836832095));
#8603=CARTESIAN_POINT('Origin',(-2.3151578170168,1.28878999931035,0.533396836832095));
#8604=CARTESIAN_POINT('',(-2.31515781701677,-2.11121000068965,0.333396836832071));
#8605=CARTESIAN_POINT('',(-2.31515781701679,0.538789999310347,0.33339683683209));
#8606=CARTESIAN_POINT('',(-2.31515781701677,-2.31121000068965,0.53339683683207));
#8607=CARTESIAN_POINT('Origin',(-2.31515781701677,-2.11121000068966,0.533396836832071));
#8608=CARTESIAN_POINT('',(-2.31515781701676,-2.31121000068966,1.58339683683207));
#8609=CARTESIAN_POINT('',(-2.31515781701676,-2.31121000068966,1.90839683683207));
#8610=CARTESIAN_POINT('',(-2.31515781701676,-2.65497941081477,2.48339683683207));
#8611=CARTESIAN_POINT('Origin',(-2.31515781701675,-3.66121000068966,1.58339683683206));
#8612=CARTESIAN_POINT('',(-2.31515781701679,1.83255940943542,2.4833968368321));
#8613=CARTESIAN_POINT('',(-2.31515781701678,0.513789999310331,2.48339683683209));
#8614=CARTESIAN_POINT('',(-2.31515781701679,1.48878999931034,1.5833968368321));
#8615=CARTESIAN_POINT('Origin',(-2.3151578170168,2.83878999931034,1.58339683683211));
#8616=CARTESIAN_POINT('',(-2.31515781701679,1.48878999931033,2.5333968368321));
#8617=CARTESIAN_POINT('',(-2.31515781701678,0.719414293591343,2.18339683683209));
#8618=CARTESIAN_POINT('',(-2.31515781701677,-1.54183443310819,2.18339683683208));
#8619=CARTESIAN_POINT('',(-2.31515781701677,-0.976522216898926,2.18339683683208));
#8620=CARTESIAN_POINT('',(-2.31515781701677,-1.54183443310818,1.58339683683208));
#8621=CARTESIAN_POINT('',(-2.31515781701676,-1.54183443310819,2.53339683683208));
#8622=CARTESIAN_POINT('',(-2.31515781701678,0.719414293591348,1.58339683683209));
#8623=CARTESIAN_POINT('',(-2.31515781701677,-0.976522216898922,1.58339683683208));
#8624=CARTESIAN_POINT('',(-2.31515781701678,0.719414293591341,2.53339683683209));
#8625=CARTESIAN_POINT('Origin',(2.98484218298323,-2.11121000068962,0.533396836832039));
#8626=CARTESIAN_POINT('',(2.48484218298323,-2.31121000068962,0.533396836832041));
#8627=CARTESIAN_POINT('',(2.48484218298323,-2.11121000068962,0.333396836832042));
#8628=CARTESIAN_POINT('Origin',(2.48484218298323,-2.11121000068962,0.533396836832042));
#8629=CARTESIAN_POINT('',(2.98484218298323,-2.31121000068962,0.533396836832038));
#8630=CARTESIAN_POINT('',(2.98484218298323,-2.31121000068962,0.533396836832038));
#8631=CARTESIAN_POINT('',(2.98484218298323,-2.11121000068962,0.333396836832039));
#8632=CARTESIAN_POINT('Origin',(2.98484218298323,-2.11121000068962,0.533396836832039));
#8633=CARTESIAN_POINT('',(2.98484218298323,-2.11121000068962,0.333396836832039));
#8634=CARTESIAN_POINT('Origin',(2.98484218298323,-2.11121000068962,0.533396836832039));
#8635=CARTESIAN_POINT('',(-2.81515781701677,-2.11121000068966,0.333396836832074));
#8636=CARTESIAN_POINT('',(2.98484218298323,-2.11121000068962,0.333396836832039));
#8637=CARTESIAN_POINT('',(-2.81515781701677,-2.31121000068966,0.533396836832073));
#8638=CARTESIAN_POINT('Origin',(-2.81515781701677,-2.11121000068966,0.533396836832074));
#8639=CARTESIAN_POINT('',(2.98484218298323,-2.31121000068962,0.533396836832038));
#8640=CARTESIAN_POINT('Origin',(2.48484218298324,-0.411210000689641,3.48339683683205));
#8641=CARTESIAN_POINT('',(2.48484218298321,1.48878999931037,1.58339683683207));
#8642=CARTESIAN_POINT('',(2.48484218298322,1.48878999931037,2.53339683683207));
#8643=CARTESIAN_POINT('',(2.48484218298321,1.83255940943546,2.48339683683207));
#8644=CARTESIAN_POINT('Origin',(2.4848421829832,2.83878999931037,1.58339683683208));
#8645=CARTESIAN_POINT('',(2.48484218298324,-2.65497941081473,2.48339683683204));
#8646=CARTESIAN_POINT('',(2.48484218298322,0.513789999310366,2.48339683683206));
#8647=CARTESIAN_POINT('',(2.48484218298324,-2.31121000068963,1.58339683683204));
#8648=CARTESIAN_POINT('Origin',(2.48484218298325,-3.66121000068963,1.58339683683203));
#8649=CARTESIAN_POINT('',(2.48484218298324,-2.31121000068963,1.90839683683204));
#8650=CARTESIAN_POINT('',(2.48484218298321,0.538789999310382,0.333396836832061));
#8651=CARTESIAN_POINT('',(2.48484218298323,-1.5418343843776,2.18339683683205));
#8652=CARTESIAN_POINT('',(2.48484218298322,0.719414431728888,2.18339683683206));
#8653=CARTESIAN_POINT('',(2.48484218298322,0.154102215519628,2.18339683683206));
#8654=CARTESIAN_POINT('',(2.48484218298322,0.719414431728893,1.58339683683206));
#8655=CARTESIAN_POINT('',(2.48484218298322,0.719414431728886,2.53339683683206));
#8656=CARTESIAN_POINT('',(2.48484218298323,-1.5418343843776,1.58339683683205));
#8657=CARTESIAN_POINT('',(2.48484218298322,0.154102215519633,1.58339683683206));
#8658=CARTESIAN_POINT('',(2.48484218298324,-1.5418343843776,2.53339683683205));
#8659=CARTESIAN_POINT('Origin',(2.9848421829832,1.28878999931038,0.533396836832064));
#8660=CARTESIAN_POINT('',(-2.8151578170168,1.48878999931034,0.5333968368321));
#8661=CARTESIAN_POINT('',(2.9848421829832,1.48878999931038,0.533396836832065));
#8662=CARTESIAN_POINT('',(-2.8151578170168,1.28878999931034,0.333396836832098));
#8663=CARTESIAN_POINT('Origin',(-2.81515781701679,1.28878999931034,0.533396836832098));
#8664=CARTESIAN_POINT('',(2.9848421829832,1.28878999931039,0.333396836832064));
#8665=CARTESIAN_POINT('Origin',(2.9848421829832,1.48878999931039,0.333396836832065));
#8666=CARTESIAN_POINT('',(2.98484218298323,-2.66121000068962,0.333396836832035));
#8667=CARTESIAN_POINT('Origin',(2.9848421829832,1.48878999931039,0.333396836832065));
#8668=CARTESIAN_POINT('',(-2.81515781701677,-2.66121000068966,0.33339683683207));
#8669=CARTESIAN_POINT('Origin',(2.98484218298323,-2.31121000068962,0.333396836832038));
#8670=CARTESIAN_POINT('',(-2.81515781701676,-2.31121000068967,1.58339683683207));
#8671=CARTESIAN_POINT('',(-2.81515781701675,-2.31121000068968,3.45839683683207));
#8672=CARTESIAN_POINT('',(2.98484218298324,-2.31121000068962,1.58339683683204));
#8673=CARTESIAN_POINT('Origin',(2.98484218298323,-2.31121000068962,0.333396836832038));
#8674=CARTESIAN_POINT('',(2.98484218298324,-2.31121000068962,1.58339683683204));
#8675=CARTESIAN_POINT('',(2.98484218298324,-2.31121000068962,1.58339683683204));
#8676=CARTESIAN_POINT('',(2.98484218298325,-2.31121000068964,3.45839683683204));
#8677=CARTESIAN_POINT('Origin',(2.98484218298321,1.48878999931038,1.58339683683207));
#8678=CARTESIAN_POINT('',(-2.81515781701679,1.48878999931033,1.5833968368321));
#8679=CARTESIAN_POINT('',(2.98484218298321,1.48878999931038,1.58339683683207));
#8680=CARTESIAN_POINT('',(-2.81515781701677,1.48878999931032,4.0833968368321));
#8681=CARTESIAN_POINT('Origin',(-2.56515781701677,-1.54183443310819,1.93339683683208));
#8682=CARTESIAN_POINT('',(-2.81515781701678,0.719414293591334,1.68339683683209));
#8683=CARTESIAN_POINT('',(-2.71515781701678,0.719414293591343,1.78339683683209));
#8684=CARTESIAN_POINT('',(-2.81515781701677,-1.54183443310819,1.68339683683208));
#8685=CARTESIAN_POINT('',(-2.81515781701677,-1.54183443310819,1.68339683683208));
#8686=CARTESIAN_POINT('',(-2.71515781701677,-1.54183443310819,1.78339683683208));
#8687=CARTESIAN_POINT('Origin',(-2.81515781701678,0.719414293591344,1.58339683683209));
#8688=CARTESIAN_POINT('',(-2.81515781701678,0.719414293591344,1.58339683683209));
#8689=CARTESIAN_POINT('',(-2.81515781701678,0.719414293591344,1.58339683683209));
#8690=CARTESIAN_POINT('',(-2.81515781701677,0.719414293591317,4.08339683683209));
#8691=CARTESIAN_POINT('Origin',(-2.81515781701677,-1.54183443310819,1.58339683683208));
#8692=CARTESIAN_POINT('',(-2.81515781701677,-1.54183443310819,1.58339683683208));
#8693=CARTESIAN_POINT('',(-2.81515781701677,-1.54183443310819,1.58339683683208));
#8694=CARTESIAN_POINT('',(-2.81515781701675,-1.5418344331082,4.08339683683208));
#8695=CARTESIAN_POINT('Origin',(-2.31515781701677,-1.54183443310818,1.58339683683208));
#8696=CARTESIAN_POINT('',(-2.81515781701677,-1.54183443310819,1.58339683683208));
#8697=CARTESIAN_POINT('Origin',(-2.81515781701677,-1.54183443310819,1.58339683683208));
#8698=CARTESIAN_POINT('Origin',(2.73484218298322,0.719414431728892,1.93339683683206));
#8699=CARTESIAN_POINT('',(2.98484218298323,-1.5418343843776,1.68339683683204));
#8700=CARTESIAN_POINT('',(2.88484218298323,-1.5418343843776,1.78339683683204));
#8701=CARTESIAN_POINT('',(2.98484218298322,0.719414431728896,1.68339683683206));
#8702=CARTESIAN_POINT('',(2.98484218298322,0.719414431728896,1.68339683683206));
#8703=CARTESIAN_POINT('',(2.88484218298322,0.719414431728894,1.78339683683206));
#8704=CARTESIAN_POINT('Origin',(2.98484218298323,-1.54183438437759,1.58339683683204));
#8705=CARTESIAN_POINT('',(2.98484218298323,-1.54183438437759,1.58339683683204));
#8706=CARTESIAN_POINT('',(2.98484218298323,-1.54183438437759,1.58339683683204));
#8707=CARTESIAN_POINT('',(2.98484218298325,-1.54183438437761,4.08339683683204));
#8708=CARTESIAN_POINT('Origin',(2.98484218298322,0.719414431728896,1.58339683683206));
#8709=CARTESIAN_POINT('',(2.98484218298322,0.719414431728896,1.58339683683206));
#8710=CARTESIAN_POINT('',(2.98484218298322,0.719414431728896,1.58339683683206));
#8711=CARTESIAN_POINT('',(2.98484218298323,0.719414431728878,4.08339683683206));
#8712=CARTESIAN_POINT('Origin',(2.48484218298322,0.719414431728893,1.58339683683206));
#8713=CARTESIAN_POINT('',(2.98484218298322,0.719414431728896,1.58339683683206));
#8714=CARTESIAN_POINT('Origin',(2.98484218298322,0.719414431728896,1.58339683683206));
#8715=CARTESIAN_POINT('Origin',(-2.81515781701679,1.43878999931033,2.4833968368321));
#8716=CARTESIAN_POINT('',(2.98484218298324,-2.65497941081473,2.48339683683204));
#8717=CARTESIAN_POINT('',(2.98484218298321,1.83255940943546,2.48339683683207));
#8718=CARTESIAN_POINT('',(-0.115157817016775,0.0387899993103474,2.48339683683207));
#8719=CARTESIAN_POINT('',(0.284842182983225,0.0387899993103508,2.48339683683207));
#8720=CARTESIAN_POINT('',(-1.46515781701678,0.038789999310338,2.48339683683208));
#8721=CARTESIAN_POINT('',(0.284842182983232,-0.86121000068965,2.48339683683207));
#8722=CARTESIAN_POINT('',(0.28484218298322,0.73878999931035,2.48339683683208));
#8723=CARTESIAN_POINT('',(-0.115157817016768,-0.861210000689653,2.48339683683207));
#8724=CARTESIAN_POINT('',(-1.26515781701677,-0.861210000689661,2.48339683683207));
#8725=CARTESIAN_POINT('',(-0.115157817016777,0.288789999310348,2.48339683683208));
#8726=CARTESIAN_POINT('Origin',(0.284842182983197,-0.861210000689608,-3.41660316316794));
#8727=CARTESIAN_POINT('',(-0.115157817016782,-0.861210000689636,0.0833968368320667));
#8728=CARTESIAN_POINT('',(-0.115157817016803,-0.861210000689611,-3.41660316316793));
#8729=CARTESIAN_POINT('',(0.284842182983218,-0.861210000689633,0.0833968368320642));
#8730=CARTESIAN_POINT('',(0.284842182983197,-0.861210000689608,-3.41660316316794));
#8731=CARTESIAN_POINT('',(0.284842182983218,-0.861210000689633,0.0833968368320642));
#8732=CARTESIAN_POINT('Origin',(2.98484218298325,-3.66121000068962,1.58339683683203));
#8733=CARTESIAN_POINT('',(-2.81515781701675,-3.66121000068968,2.93339683683206));
#8734=CARTESIAN_POINT('Origin',(-2.81515781701675,-3.66121000068967,1.58339683683206));
#8735=CARTESIAN_POINT('',(2.98484218298325,-3.66121000068963,2.93339683683203));
#8736=CARTESIAN_POINT('',(2.98484218298325,-3.66121000068963,2.93339683683203));
#8737=CARTESIAN_POINT('Origin',(2.98484218298325,-3.66121000068962,1.58339683683203));
#8738=CARTESIAN_POINT('Origin',(2.9848421829832,2.83878999931038,1.58339683683207));
#8739=CARTESIAN_POINT('',(2.98484218298321,1.48878999931038,1.58339683683207));
#8740=CARTESIAN_POINT('',(2.98484218298321,1.48878999931038,1.58339683683207));
#8741=CARTESIAN_POINT('',(2.98484218298321,2.83878999931037,2.93339683683207));
#8742=CARTESIAN_POINT('Origin',(2.9848421829832,2.83878999931038,1.58339683683207));
#8743=CARTESIAN_POINT('',(-2.81515781701679,2.83878999931032,2.93339683683211));
#8744=CARTESIAN_POINT('',(2.98484218298321,2.83878999931037,2.93339683683207));
#8745=CARTESIAN_POINT('Origin',(-2.8151578170168,2.83878999931033,1.58339683683211));
#8746=CARTESIAN_POINT('Origin',(2.98484218298325,-3.20295243119405,2.58339683683203));
#8747=CARTESIAN_POINT('',(-2.81515781701674,-4.11946757018525,2.58339683683206));
#8748=CARTESIAN_POINT('',(-2.81515781701675,-3.20295243119409,2.58339683683207));
#8749=CARTESIAN_POINT('',(-2.81515781701675,-3.20295243119409,2.58339683683207));
#8750=CARTESIAN_POINT('',(2.98484218298325,-3.20295243119405,2.58339683683203));
#8751=CARTESIAN_POINT('',(2.98484218298325,-3.20295243119405,2.58339683683203));
#8752=CARTESIAN_POINT('',(2.98484218298326,-4.11946757018521,2.58339683683202));
#8753=CARTESIAN_POINT('',(2.98484218298325,-3.20295243119405,2.58339683683203));
#8754=CARTESIAN_POINT('',(2.98484218298326,-4.11946757018521,2.58339683683202));
#8755=CARTESIAN_POINT('Origin',(2.9848421829832,2.83878999931038,1.58339683683207));
#8756=CARTESIAN_POINT('',(2.98484218298319,3.83878999931038,1.58339683683208));
#8757=CARTESIAN_POINT('Origin',(2.9848421829832,2.83878999931038,1.58339683683207));
#8758=CARTESIAN_POINT('',(-2.81515781701681,3.83878999931033,1.58339683683212));
#8759=CARTESIAN_POINT('',(2.98484218298319,3.83878999931038,1.58339683683208));
#8760=CARTESIAN_POINT('Origin',(-2.8151578170168,2.83878999931033,1.58339683683211));
#8761=CARTESIAN_POINT('Origin',(2.98484218298324,-3.20295243119404,0.583396836832031));
#8762=CARTESIAN_POINT('',(-2.81515781701676,-3.20295243119408,0.583396836832066));
#8763=CARTESIAN_POINT('',(-2.81515781701675,-4.11946757018524,0.58339683683206));
#8764=CARTESIAN_POINT('',(-2.81515781701676,-3.20295243119408,0.583396836832066));
#8765=CARTESIAN_POINT('',(2.98484218298324,-4.1194675701852,0.583396836832025));
#8766=CARTESIAN_POINT('',(2.98484218298324,-4.1194675701852,0.583396836832025));
#8767=CARTESIAN_POINT('',(2.98484218298324,-3.20295243119404,0.583396836832031));
#8768=CARTESIAN_POINT('',(2.98484218298324,-3.20295243119404,0.583396836832031));
#8769=CARTESIAN_POINT('',(2.98484218298324,-3.20295243119404,0.583396836832031));
#8770=CARTESIAN_POINT('Origin',(2.98484218298325,-3.66121000068962,1.58339683683203));
#8771=CARTESIAN_POINT('Origin',(2.98484218298325,-3.66121000068962,1.58339683683203));
#8772=CARTESIAN_POINT('Origin',(-2.81515781701675,-3.66121000068967,1.58339683683206));
#8773=CARTESIAN_POINT('Origin',(2.98484218298325,-3.66121000068962,1.58339683683203));
#8774=CARTESIAN_POINT('Origin',(-2.81515781701675,-3.66121000068967,1.58339683683206));
#8775=CARTESIAN_POINT('Origin',(2.98484218298325,-3.66121000068962,1.58339683683203));
#8776=CARTESIAN_POINT('Origin',(2.98484218298326,-6.81121000068961,0.0833968368320052));
#8777=CARTESIAN_POINT('',(-2.81515781701674,-6.81121000068966,0.08339683683204));
#8778=CARTESIAN_POINT('',(-2.81515781701683,5.98878999931034,0.0833968368321321));
#8779=CARTESIAN_POINT('',(-2.81515781701674,-6.81121000068966,0.08339683683204));
#8780=CARTESIAN_POINT('',(2.98484218298317,5.98878999931039,0.0833968368320973));
#8781=CARTESIAN_POINT('',(2.98484218298317,5.98878999931039,0.0833968368320973));
#8782=CARTESIAN_POINT('',(2.98484218298326,-6.81121000068961,0.0833968368320052));
#8783=CARTESIAN_POINT('',(2.98484218298326,-6.81121000068961,0.0833968368320052));
#8784=CARTESIAN_POINT('',(2.98484218298326,-6.81121000068961,0.0833968368320052));
#8785=CARTESIAN_POINT('',(-0.115157817016752,-5.04121000068964,0.0833968368320365));
#8786=CARTESIAN_POINT('',(0.284842182983248,-5.04121000068963,0.0833968368320341));
#8787=CARTESIAN_POINT('',(0.284842182983248,-5.04121000068963,0.0833968368320341));
#8788=CARTESIAN_POINT('',(-0.115157817016746,-5.94121000068964,0.0833968368320301));
#8789=CARTESIAN_POINT('',(-0.115157817016752,-5.04121000068964,0.0833968368320365));
#8790=CARTESIAN_POINT('',(0.284842182983255,-5.94121000068963,0.0833968368320276));
#8791=CARTESIAN_POINT('',(0.284842182983255,-5.94121000068963,0.0833968368320276));
#8792=CARTESIAN_POINT('',(0.284842182983248,-5.04121000068963,0.0833968368320341));
#8793=CARTESIAN_POINT('',(0.284842182983182,4.21878999931037,0.0833968368321007));
#8794=CARTESIAN_POINT('',(-0.115157817016819,4.21878999931036,0.0833968368321032));
#8795=CARTESIAN_POINT('',(0.284842182983182,4.21878999931037,0.0833968368321007));
#8796=CARTESIAN_POINT('',(0.284842182983175,5.11878999931037,0.0833968368321072));
#8797=CARTESIAN_POINT('',(0.284842182983182,4.21878999931037,0.0833968368321007));
#8798=CARTESIAN_POINT('',(-0.115157817016825,5.11878999931036,0.0833968368321097));
#8799=CARTESIAN_POINT('',(0.284842182983175,5.11878999931037,0.0833968368321072));
#8800=CARTESIAN_POINT('',(-0.115157817016819,4.21878999931036,0.0833968368321032));
#8801=CARTESIAN_POINT('',(0.284842182983212,0.038789999310368,0.0833968368320706));
#8802=CARTESIAN_POINT('',(0.284842182983218,-0.861210000689633,0.0833968368320642));
#8803=CARTESIAN_POINT('',(-0.115157817016789,0.0387899993103652,0.0833968368320731));
#8804=CARTESIAN_POINT('',(0.284842182983212,0.038789999310368,0.0833968368320706));
#8805=CARTESIAN_POINT('',(-0.115157817016782,-0.861210000689636,0.0833968368320667));
#8806=CARTESIAN_POINT('Origin',(2.98484218298321,5.98878999931034,6.5833968368321));
#8807=CARTESIAN_POINT('',(-2.81515781701681,5.98878999931032,2.93339683683213));
#8808=CARTESIAN_POINT('',(2.98484218298319,5.98878999931037,2.9333968368321));
#8809=CARTESIAN_POINT('',(2.98484218298319,5.98878999931037,2.9333968368321));
#8810=CARTESIAN_POINT('',(2.98484218298321,5.98878999931034,6.5833968368321));
#8811=CARTESIAN_POINT('',(-2.81515781701679,5.9887899993103,6.58339683683213));
#8812=CARTESIAN_POINT('Origin',(-0.115157817016773,-5.04121000068961,-3.41660316316796));
#8813=CARTESIAN_POINT('',(0.284842182983264,-5.04121000068965,2.93339683683203));
#8814=CARTESIAN_POINT('',(-0.115157817016735,-5.04121000068966,2.93339683683204));
#8815=CARTESIAN_POINT('',(1.43484218298327,-5.04121000068965,2.93339683683203));
#8816=CARTESIAN_POINT('',(-0.115157817016773,-5.04121000068961,-3.41660316316796));
#8817=CARTESIAN_POINT('',(0.284842182983228,-5.04121000068961,-3.41660316316797));
#8818=CARTESIAN_POINT('Origin',(0.284842182983228,-5.04121000068961,-3.41660316316797));
#8819=CARTESIAN_POINT('',(0.284842182983271,-5.94121000068965,2.93339683683203));
#8820=CARTESIAN_POINT('',(0.284842182983259,-4.35121000068965,2.93339683683204));
#8821=CARTESIAN_POINT('',(0.284842182983234,-5.94121000068961,-3.41660316316797));
#8822=CARTESIAN_POINT('Origin',(-0.115157817016846,5.11878999931039,-3.41660316316789));
#8823=CARTESIAN_POINT('',(0.284842182983192,5.11878999931035,2.93339683683211));
#8824=CARTESIAN_POINT('',(-0.115157817016808,5.11878999931034,2.93339683683211));
#8825=CARTESIAN_POINT('',(1.43484218298319,5.11878999931036,2.9333968368321));
#8826=CARTESIAN_POINT('',(-0.115157817016846,5.11878999931039,-3.41660316316789));
#8827=CARTESIAN_POINT('',(0.284842182983154,5.11878999931039,-3.41660316316789));
#8828=CARTESIAN_POINT('Origin',(0.284842182983154,5.11878999931039,-3.41660316316789));
#8829=CARTESIAN_POINT('',(0.284842182983198,4.21878999931035,2.9333968368321));
#8830=CARTESIAN_POINT('',(0.284842182983188,5.55378999931035,2.93339683683211));
#8831=CARTESIAN_POINT('',(0.284842182983161,4.21878999931039,-3.4166031631679));
#8832=CARTESIAN_POINT('Origin',(-2.8151578170167,-6.8112100006897,6.58339683683204));
#8833=CARTESIAN_POINT('',(-2.81515781701677,-0.411210000689675,2.93339683683209));
#8834=CARTESIAN_POINT('',(-2.81515781701672,-6.81121000068968,2.93339683683204));
#8835=CARTESIAN_POINT('',(-2.8151578170167,-6.8112100006897,6.58339683683204));
#8836=CARTESIAN_POINT('',(-2.81515781701673,-5.23621000068968,2.93339683683205));
#8837=CARTESIAN_POINT('Origin',(0.284842182983161,4.21878999931039,-3.4166031631679));
#8838=CARTESIAN_POINT('',(-0.115157817016802,4.21878999931034,2.9333968368321));
#8839=CARTESIAN_POINT('',(1.6348421829832,4.21878999931036,2.93339683683209));
#8840=CARTESIAN_POINT('',(-0.115157817016839,4.21878999931039,-3.4166031631679));
#8841=CARTESIAN_POINT('Origin',(-0.115157817016839,4.21878999931039,-3.4166031631679));
#8842=CARTESIAN_POINT('',(-0.115157817016808,5.10378999931034,2.93339683683211));
#8843=CARTESIAN_POINT('Origin',(0.284842182983191,0.038789999310393,-3.41660316316793));
#8844=CARTESIAN_POINT('',(0.284842182983191,0.038789999310393,-3.41660316316793));
#8845=CARTESIAN_POINT('Origin',(-0.115157817016809,0.0387899993103902,-3.41660316316793));
#8846=CARTESIAN_POINT('',(-0.115157817016809,0.0387899993103902,-3.41660316316793));
#8847=CARTESIAN_POINT('Origin',(-0.115157817016803,-0.861210000689611,-3.41660316316793));
#8848=CARTESIAN_POINT('Origin',(0.284842182983234,-5.94121000068961,-3.41660316316797));
#8849=CARTESIAN_POINT('',(-0.115157817016728,-5.94121000068966,2.93339683683203));
#8850=CARTESIAN_POINT('',(1.63484218298327,-5.94121000068964,2.93339683683202));
#8851=CARTESIAN_POINT('',(-0.115157817016767,-5.94121000068961,-3.41660316316797));
#8852=CARTESIAN_POINT('Origin',(-0.115157817016767,-5.94121000068961,-3.41660316316797));
#8853=CARTESIAN_POINT('',(-0.115157817016737,-4.80121000068966,2.93339683683204));
#8854=CARTESIAN_POINT('Origin',(2.9848421829833,-6.81121000068966,6.58339683683201));
#8855=CARTESIAN_POINT('',(2.98484218298328,-6.81121000068963,2.93339683683201));
#8856=CARTESIAN_POINT('',(2.98484218298328,-6.81121000068963,2.93339683683201));
#8857=CARTESIAN_POINT('',(2.9848421829833,-6.81121000068966,6.58339683683201));
#8858=CARTESIAN_POINT('Origin',(2.9848421829833,-6.81121000068966,6.58339683683201));
#8859=CARTESIAN_POINT('',(2.98484218298327,-5.23621000068963,2.93339683683202));
#8860=CARTESIAN_POINT('',(2.98484218298323,-0.411210000689634,2.93339683683205));
#8861=CARTESIAN_POINT('',(2.98484218298323,1.48878999931036,4.08339683683207));
#8862=CARTESIAN_POINT('Origin',(2.98484218298319,5.98878999931037,2.9333968368321));
#8863=CARTESIAN_POINT('Origin',(2.98484218298321,1.48878999931038,1.58339683683207));
#8864=CARTESIAN_POINT('Origin',(2.98484218298325,-3.66121000068963,2.93339683683203));
#8865=CARTESIAN_POINT('',(0.,0.,0.));
#8866=CARTESIAN_POINT('Origin',(10.0844990674474,-10.3812012922383,6.41811025306766));
#8867=CARTESIAN_POINT('',(7.83449555650363,-10.4873884706402,6.90668827537704));
#8868=CARTESIAN_POINT('',(6.83449555704985,-10.4873554184881,6.90668827537705));
#8869=CARTESIAN_POINT('',(10.0844955552746,-10.4874628379825,6.90668827537702));
#8870=CARTESIAN_POINT('',(7.83448292012128,-10.8697049469385,6.31184870726548));
#8871=CARTESIAN_POINT('Origin',(7.8344990686764,-10.3811269248961,6.41811025306768));
#8872=CARTESIAN_POINT('',(6.59861464903969,-10.8696640988324,6.31184870726549));
#8873=CARTESIAN_POINT('',(10.0844829188923,-10.8697793142808,6.31184870726547));
#8874=CARTESIAN_POINT('',(6.63726894777074,-10.8810868574923,6.41740552299163));
#8875=CARTESIAN_POINT('Ctrl Pts',(6.5986146490397,-10.8696640988324,6.31184870726549));
#8876=CARTESIAN_POINT('Ctrl Pts',(6.60766438536907,-10.8775814967532,6.34825059137586));
#8877=CARTESIAN_POINT('Ctrl Pts',(6.62114540537876,-10.8810398252439,6.38441467585783));
#8878=CARTESIAN_POINT('Ctrl Pts',(6.63726894777074,-10.8810868574923,6.41740552299163));
#8879=CARTESIAN_POINT('Origin',(6.58449906935919,-10.3810856097059,6.4181102530677));
#8880=CARTESIAN_POINT('Origin',(10.0844990674474,-10.3812012922383,6.41811025306766));
#8881=CARTESIAN_POINT('',(7.83447323098821,-11.162851760164,6.24809177978416));
#8882=CARTESIAN_POINT('',(6.59860495990662,-11.1628109120579,6.24809177978417));
#8883=CARTESIAN_POINT('',(10.0844732297592,-11.1629261275063,6.24809177978415));
#8884=CARTESIAN_POINT('',(7.83449344919996,-10.5511453980867,7.19983508876266));
#8885=CARTESIAN_POINT('Origin',(7.8344990686764,-10.3811269248961,6.41811025306768));
#8886=CARTESIAN_POINT('',(6.83449344974618,-10.5511123459346,7.19983508876267));
#8887=CARTESIAN_POINT('',(10.084493447971,-10.551219765429,7.19983508876264));
#8888=CARTESIAN_POINT('',(6.83447538751097,-11.0975891724314,6.77396764720876));
#8889=CARTESIAN_POINT('Origin',(6.83449906922265,-10.3810938727439,6.41811025306769));
#8890=CARTESIAN_POINT('',(6.63725912053248,-11.1784120730311,6.35273982870386));
#8891=CARTESIAN_POINT('Origin',(6.58449906935905,-10.3810856097053,6.41811025306757));
#8892=CARTESIAN_POINT('Ctrl Pts',(6.63725912053248,-11.1784120730311,6.35273982870386));
#8893=CARTESIAN_POINT('Ctrl Pts',(6.6318074498802,-11.1775130821446,6.34177701190837));
#8894=CARTESIAN_POINT('Ctrl Pts',(6.6267414212957,-11.176371146629,6.3306343006339));
#8895=CARTESIAN_POINT('Ctrl Pts',(6.6220886536239,-11.1749696251035,6.31936743837882));
#8896=CARTESIAN_POINT('Ctrl Pts',(6.61516830241024,-11.1728850548274,6.30260953225049));
#8897=CARTESIAN_POINT('Ctrl Pts',(6.60915805418757,-11.1702187994314,6.28556142584645));
#8898=CARTESIAN_POINT('Ctrl Pts',(6.60411918476889,-11.1669557506394,6.26842222247206));
#8899=CARTESIAN_POINT('Ctrl Pts',(6.60212969597304,-11.1656674062763,6.26165517807183));
#8900=CARTESIAN_POINT('Ctrl Pts',(6.60029108874221,-11.1642860658581,6.25487410627792));
#8901=CARTESIAN_POINT('Ctrl Pts',(6.59860495990663,-11.1628109120579,6.24809177978417));
#8902=CARTESIAN_POINT('Origin',(6.58449906935918,-10.3810856097059,6.41811025306769));
#8903=CARTESIAN_POINT('',(6.58447406078251,-11.1377254967841,6.13275415420676));
#8904=CARTESIAN_POINT('',(6.58447428532282,-11.1309319812506,6.10151837309136));
#8905=CARTESIAN_POINT('',(6.58447744627832,-11.0352965900809,5.66179815301294));
#8906=CARTESIAN_POINT('',(6.58447417206742,-11.1343585477954,6.13348643684746));
#8907=CARTESIAN_POINT('',(6.58447890534905,-10.9911520901713,6.16463261794742));
#8908=CARTESIAN_POINT('Origin',(6.58447912988936,-10.9843585746379,6.13339683683202));
#8909=CARTESIAN_POINT('Origin',(10.0844990674474,-10.3812012922383,6.41811025306766));
#8910=CARTESIAN_POINT('',(10.0844839725441,-10.8379008505576,6.16527530057265));
#8911=CARTESIAN_POINT('',(10.0844837480038,-10.844694366091,6.19651108168805));
#8912=CARTESIAN_POINT('',(10.0844829188923,-10.8697793142808,6.31184870726546));
#8913=CARTESIAN_POINT('',(10.0844836367189,-10.8480613150796,6.19577879904734));
#8914=CARTESIAN_POINT('',(10.0844998965589,-10.3561163440485,6.30277262749025));
#8915=CARTESIAN_POINT('Origin',(10.0844791279776,-10.9844742571703,6.133396836832));
#8916=CARTESIAN_POINT('Origin',(10.0844990674474,-10.3812012922383,6.41811025306766));
#8917=CARTESIAN_POINT('',(10.0844741701556,-11.1344742303278,6.13348643684743));
#8918=CARTESIAN_POINT('',(10.084474283411,-11.1310476637831,6.10151837309134));
#8919=CARTESIAN_POINT('Origin',(10.0844791279776,-10.9844742571703,6.133396836832));
#8920=CARTESIAN_POINT('',(10.0844740588707,-11.1378411793165,6.13275415420673));
#8921=CARTESIAN_POINT('',(10.0844998965589,-10.3561163440485,6.30277262749025));
#8922=CARTESIAN_POINT('',(10.0844774443665,-11.0354122726133,5.66179815301291));
#8923=CARTESIAN_POINT('Origin',(10.0844871334996,-10.7422654593878,5.72555508049423));
#8924=CARTESIAN_POINT('',(11.0844774438203,-11.0354453247654,5.66179815301291));
#8925=CARTESIAN_POINT('',(5.58447744682454,-11.0352635379288,5.66179815301295));
#8926=CARTESIAN_POINT('',(10.0844774443665,-11.0354122726133,5.66179815301291));
#8927=CARTESIAN_POINT('',(5.58448713595761,-10.7421167247033,5.72555508049427));
#8928=CARTESIAN_POINT('',(5.58448713595761,-10.7421167247033,5.72555508049427));
#8929=CARTESIAN_POINT('',(11.0844871329534,-10.7422985115399,5.72555508049423));
#8930=CARTESIAN_POINT('',(10.0844871334996,-10.7422654593878,5.72555508049423));
#8931=CARTESIAN_POINT('',(11.0844774438203,-11.0354453247654,5.66179815301291));
#8932=CARTESIAN_POINT('Origin',(10.0844829188923,-10.8697793142808,6.31184870726546));
#8933=CARTESIAN_POINT('',(10.0703511906567,-10.8697788471968,6.31184870726547));
#8934=CARTESIAN_POINT('',(8.83448291957506,-10.8697379990907,6.31184870726547));
#8935=CARTESIAN_POINT('',(10.0844829188923,-10.8697793142808,6.31184870726547));
#8936=CARTESIAN_POINT('Origin',(9.58448374827692,-10.8446778400149,6.19651108168805));
#8937=CARTESIAN_POINT('',(11.0844839719979,-10.8379339027097,6.16527530057265));
#8938=CARTESIAN_POINT('',(11.0844839719979,-10.8379339027097,6.16527530057265));
#8939=CARTESIAN_POINT('',(11.0844871329534,-10.7422985115399,5.72555508049423));
#8940=CARTESIAN_POINT('',(5.58448397500212,-10.837752115873,6.16527530057269));
#8941=CARTESIAN_POINT('',(5.58448713595761,-10.7421167247033,5.72555508049427));
#8942=CARTESIAN_POINT('',(6.58448397445589,-10.8377851680251,6.16527530057268));
#8943=CARTESIAN_POINT('',(5.58448397500212,-10.837752115873,6.16527530057269));
#8944=CARTESIAN_POINT('',(6.58448374991558,-10.8445786835586,6.19651108168807));
#8945=CARTESIAN_POINT('',(6.58448292080406,-10.8696636317484,6.31184870726549));
#8946=CARTESIAN_POINT('Origin',(7.08448374964247,-10.8445952096346,6.19651108168807));
#8947=CARTESIAN_POINT('',(10.0844829188923,-10.8697793142808,6.31184870726547));
#8948=CARTESIAN_POINT('Origin',(10.0844990674474,-10.3812012922383,6.41811025306766));
#8949=CARTESIAN_POINT('',(8.8344955559574,-10.4874215227923,6.90668827537703));
#8950=CARTESIAN_POINT('Origin',(8.83449906813018,-10.3811599770482,6.41811025306767));
#8951=CARTESIAN_POINT('',(9.83449555541118,-10.4874545749445,6.90668827537703));
#8952=CARTESIAN_POINT('',(10.0844955552746,-10.4874628379825,6.90668827537702));
#8953=CARTESIAN_POINT('',(10.0316961369165,-10.8811990506162,6.41740552299161));
#8954=CARTESIAN_POINT('Origin',(10.0844990674474,-10.3812012922383,6.41811025306766));
#8955=CARTESIAN_POINT('Ctrl Pts',(10.0316961369165,-10.8811990506162,6.41740552299161));
#8956=CARTESIAN_POINT('Ctrl Pts',(10.0478163357726,-10.8811530937443,6.38442152345162));
#8957=CARTESIAN_POINT('Ctrl Pts',(10.0612993353913,-10.8776970426238,6.34825700911209));
#8958=CARTESIAN_POINT('Ctrl Pts',(10.0703511906566,-10.8697788471968,6.31184870726547));
#8959=CARTESIAN_POINT('Origin',(10.0849024988636,1.82470331748827,9.58447922959235));
#8960=CARTESIAN_POINT('',(6.83489927092778,1.72709513257422,9.56322692043195));
#8961=CARTESIAN_POINT('',(6.83449555704985,-10.4873554184881,6.90668827537705));
#8962=CARTESIAN_POINT('',(6.93490250058418,1.82480743176745,9.58447922959238));
#8963=CARTESIAN_POINT('Origin',(6.93489927087316,1.727091827359,9.56322692043195));
#8964=CARTESIAN_POINT('',(9.73490249905476,1.82471488574151,9.58447922959236));
#8965=CARTESIAN_POINT('',(10.0849024988636,1.82470331748827,9.58447922959235));
#8966=CARTESIAN_POINT('',(9.83489926928912,1.72699597611785,9.56322692043192));
#8967=CARTESIAN_POINT('Origin',(9.73489926934374,1.72699928133306,9.56322692043192));
#8968=CARTESIAN_POINT('',(9.83449555541118,-10.4874545749445,6.90668827537702));
#8969=CARTESIAN_POINT('',(8.83469579804086,-4.42905404946545,8.22433144332426));
#8970=CARTESIAN_POINT('',(8.83490249954636,1.82474463267842,9.58447922959236));
#8971=CARTESIAN_POINT('',(7.83469579858708,-4.42902099731333,8.22433144332427));
#8972=CARTESIAN_POINT('Origin',(8.33469579831397,-4.42903752338939,8.22433144332427));
#8973=CARTESIAN_POINT('',(7.83490250009258,1.82477768483054,9.58447922959237));
#8974=CARTESIAN_POINT('Origin',(10.0849003915599,1.7609463900418,9.87762604297797));
#8975=CARTESIAN_POINT('',(6.93490039328052,1.76105050432098,9.877626042978));
#8976=CARTESIAN_POINT('',(6.93490039328052,1.76105050432098,9.877626042978));
#8977=CARTESIAN_POINT('',(9.7349003917511,1.76095795829504,9.87762604297797));
#8978=CARTESIAN_POINT('',(10.0849003915599,1.7609463900418,9.87762604297797));
#8979=CARTESIAN_POINT('',(9.7349003917511,1.76095795829504,9.87762604297797));
#8980=CARTESIAN_POINT('Origin',(10.084493447971,-10.551219765429,7.19983508876264));
#8981=CARTESIAN_POINT('',(6.83489716362412,1.66333820512765,9.85637373381756));
#8982=CARTESIAN_POINT('Origin',(6.9348971635695,1.66333489991243,9.85637373381756));
#8983=CARTESIAN_POINT('',(6.83449344974618,-10.5511123459346,7.19983508876267));
#8984=CARTESIAN_POINT('',(7.83469369128342,-4.49277792475982,8.51747825670988));
#8985=CARTESIAN_POINT('',(7.83446761151177,-11.3328702333547,7.02981661547915));
#8986=CARTESIAN_POINT('',(8.83469369073719,-4.49281097691194,8.51747825670988));
#8987=CARTESIAN_POINT('Origin',(8.33469369101031,-4.49279445083588,8.51747825670988));
#8988=CARTESIAN_POINT('',(8.83449344865374,-10.5511784502388,7.19983508876265));
#8989=CARTESIAN_POINT('',(8.83446761096555,-11.3329032855068,7.02981661547914));
#8990=CARTESIAN_POINT('',(9.83449344810752,-10.5512115023909,7.19983508876265));
#8991=CARTESIAN_POINT('',(10.084493447971,-10.551219765429,7.19983508876264));
#8992=CARTESIAN_POINT('',(9.83489716198545,1.66323904867128,9.85637373381754));
#8993=CARTESIAN_POINT('',(9.83449344810752,-10.5512115023909,7.19983508876265));
#8994=CARTESIAN_POINT('Origin',(9.73489716204007,1.66324235388649,9.85637373381754));
#8995=CARTESIAN_POINT('Origin',(10.0844990674474,-10.3812012922383,6.41811025306766));
#8996=CARTESIAN_POINT('',(8.83447323044199,-11.1628848123162,6.24809177978416));
#8997=CARTESIAN_POINT('Origin',(8.83449906813018,-10.3811599770482,6.41811025306767));
#8998=CARTESIAN_POINT('',(10.0703415015236,-11.1629256604223,6.24809177978415));
#8999=CARTESIAN_POINT('',(10.0844732297592,-11.1629261275063,6.24809177978415));
#9000=CARTESIAN_POINT('',(10.0316863096783,-11.178524266155,6.35273982870384));
#9001=CARTESIAN_POINT('Ctrl Pts',(10.0703415015236,-11.1629256604223,6.24809177978415));
#9002=CARTESIAN_POINT('Ctrl Pts',(10.0660707188054,-11.166661567725,6.26526968881684));
#9003=CARTESIAN_POINT('Ctrl Pts',(10.0608182674455,-11.1697954550001,6.28243880874435));
#9004=CARTESIAN_POINT('Ctrl Pts',(10.0546255497515,-11.1723412759506,6.29939471206638));
#9005=CARTESIAN_POINT('Ctrl Pts',(10.0521804888767,-11.1733464383862,6.30608938439866));
#9006=CARTESIAN_POINT('Ctrl Pts',(10.049589409775,-11.1742599541244,6.31275094096353));
#9007=CARTESIAN_POINT('Ctrl Pts',(10.0468570041143,-11.175082821068,6.3193674383788));
#9008=CARTESIAN_POINT('Ctrl Pts',(10.0422041438061,-11.1764840350225,6.33063430063387));
#9009=CARTESIAN_POINT('Ctrl Pts',(10.0371380397458,-11.1776256356493,6.34177701190834));
#9010=CARTESIAN_POINT('Ctrl Pts',(10.0316863096783,-11.178524266155,6.35273982870384));
#9011=CARTESIAN_POINT('',(9.8344753858723,-11.0976883288878,6.77396764720874));
#9012=CARTESIAN_POINT('Origin',(10.0844990674476,-10.3812012922375,6.41811025306748));
#9013=CARTESIAN_POINT('Origin',(9.83449906758399,-10.3811930292003,6.41811025306767));
#9014=CARTESIAN_POINT('Origin',(10.0844774443665,-11.0354122726133,5.66179815301291));
#9015=CARTESIAN_POINT('Origin',(9.58447405914385,-11.1378246532404,6.13275415420673));
#9016=CARTESIAN_POINT('',(7.83447323098821,-11.162851760164,6.24809177978416));
#9017=CARTESIAN_POINT('Origin',(7.0844740605094,-11.1377420228601,6.13275415420675));
#9018=CARTESIAN_POINT('',(5.58447428586904,-11.1308989290985,6.10151837309137));
#9019=CARTESIAN_POINT('',(5.58447428586904,-11.1308989290985,6.10151837309137));
#9020=CARTESIAN_POINT('',(5.58447744682454,-11.0352635379288,5.66179815301295));
#9021=CARTESIAN_POINT('',(11.0844742828648,-11.1310807159352,6.10151837309133));
#9022=CARTESIAN_POINT('',(11.0844774438203,-11.0354453247654,5.66179815301291));
#9023=CARTESIAN_POINT('',(11.0844742828648,-11.1310807159352,6.10151837309133));
#9024=CARTESIAN_POINT('Origin',(6.58449906935918,-10.3810856097059,6.41811025306769));
#9025=CARTESIAN_POINT('',(6.58448363863067,-10.8479456325472,6.19577879904737));
#9026=CARTESIAN_POINT('Origin',(6.58447912988936,-10.9843585746379,6.13339683683202));
#9027=CARTESIAN_POINT('',(6.58448374991558,-10.8445786835586,6.19651108168808));
#9028=CARTESIAN_POINT('Origin',(6.8345032908543,-10.2533674947595,5.83083947025183));
#9029=CARTESIAN_POINT('',(6.83490700473223,1.96108305630279,8.48737811530673));
#9030=CARTESIAN_POINT('',(6.83446968706455,-11.2700574098002,6.73645727900193));
#9031=CARTESIAN_POINT('Origin',(9.83450328921563,-10.2534666512158,5.83083947025181));
#9032=CARTESIAN_POINT('',(9.83490700309356,1.96098389984642,8.4873781153067));
#9033=CARTESIAN_POINT('',(9.83446968542588,-11.2701565662565,6.73645727900191));
#9034=CARTESIAN_POINT('Origin',(10.0844731974621,-11.1639032835504,6.24787925669254));
#9035=CARTESIAN_POINT('',(10.031686051411,-11.1863381985919,6.35104036515435));
#9036=CARTESIAN_POINT('Origin',(6.58447319937388,-11.163787601018,6.24787925669257));
#9037=CARTESIAN_POINT('',(6.63725889456231,-11.185248849424,6.35125288824598));
#9038=CARTESIAN_POINT('Origin',(11.0844791274314,-10.9845073093224,6.13339683683199));
#9039=CARTESIAN_POINT('Ctrl Pts',(10.0844836367189,-10.8480613150796,6.19577879904734));
#9040=CARTESIAN_POINT('Ctrl Pts',(10.0844835149883,-10.851744301526,6.20383252162258));
#9041=CARTESIAN_POINT('Ctrl Pts',(10.0842510035749,-10.8561891002843,6.21164426248306));
#9042=CARTESIAN_POINT('Ctrl Pts',(10.0828980512653,-10.8727042881579,6.23541724829772));
#9043=CARTESIAN_POINT('Ctrl Pts',(10.0809519094797,-10.8875672595443,6.24942294469055));
#9044=CARTESIAN_POINT('Ctrl Pts',(10.076967901064,-10.9191873924952,6.26974598438289));
#9045=CARTESIAN_POINT('Ctrl Pts',(10.0746511493257,-10.9380761169071,6.27743672602623));
#9046=CARTESIAN_POINT('Ctrl Pts',(10.0713257783897,-10.9774208519333,6.28455690410114));
#9047=CARTESIAN_POINT('Ctrl Pts',(10.0703469566684,-10.9978790745976,6.2839880021844));
#9048=CARTESIAN_POINT('Ctrl Pts',(10.0703463460901,-11.0163522538095,6.27997024352481));
#9049=CARTESIAN_POINT('Ctrl Pts',(10.0703457342907,-11.0348623773343,6.2759444497928));
#9050=CARTESIAN_POINT('Ctrl Pts',(10.0713273003172,-11.053742253245,6.26794227395245));
#9051=CARTESIAN_POINT('Ctrl Pts',(10.0746609864584,-11.0866195997728,6.24505702087817));
#9052=CARTESIAN_POINT('Ctrl Pts',(10.076983068232,-11.1006184006248,6.23017148895074));
#9053=CARTESIAN_POINT('Ctrl Pts',(10.0809626050098,-11.1208943962609,6.19852063098287));
#9054=CARTESIAN_POINT('Ctrl Pts',(10.0829001395372,-11.1285618016564,6.1796348585329));
#9055=CARTESIAN_POINT('Ctrl Pts',(10.0842437978128,-11.1336768522775,6.15121967502368));
#9056=CARTESIAN_POINT('Ctrl Pts',(10.0844741703298,-11.1344689625641,6.14230523470288));
#9057=CARTESIAN_POINT('Ctrl Pts',(10.0844741701556,-11.1344742303278,6.13348643684743));
#9058=CARTESIAN_POINT('Origin',(11.0844791274314,-10.9845073093224,6.13339683683199));
#9059=CARTESIAN_POINT('Origin',(11.0844791274314,-10.9845073093224,6.13339683683199));
#9060=CARTESIAN_POINT('Origin',(5.58447913043558,-10.9843255224858,6.13339683683203));
#9061=CARTESIAN_POINT('Ctrl Pts',(6.58447417206742,-11.1343585477954,6.13348643684746));
#9062=CARTESIAN_POINT('Ctrl Pts',(6.58447417224153,-11.1343532800317,6.14230523470291));
#9063=CARTESIAN_POINT('Ctrl Pts',(6.58470459711988,-11.1335611849754,6.15121967502371));
#9064=CARTESIAN_POINT('Ctrl Pts',(6.58604859351941,-11.1284462231871,6.17963485853292));
#9065=CARTESIAN_POINT('Ctrl Pts',(6.58798663489104,-11.1207789458877,6.1985206309829));
#9066=CARTESIAN_POINT('Ctrl Pts',(6.59196751199075,-11.1005032133604,6.23017148895077));
#9067=CARTESIAN_POINT('Ctrl Pts',(6.59429051914028,-11.0865045660386,6.2450570208782));
#9068=CARTESIAN_POINT('Ctrl Pts',(6.59762637860834,-11.0536274399537,6.26794227395247));
#9069=CARTESIAN_POINT('Ctrl Pts',(6.59860919267374,-11.03474762897,6.27594444979283));
#9070=CARTESIAN_POINT('Ctrl Pts',(6.59860980447316,-11.0162375054452,6.27997024352483));
#9071=CARTESIAN_POINT('Ctrl Pts',(6.59861041505149,-10.9977643262332,6.28398800218442));
#9072=CARTESIAN_POINT('Ctrl Pts',(6.59763294570894,-10.9773060389093,6.28455690410116));
#9073=CARTESIAN_POINT('Ctrl Pts',(6.59431017563653,-10.9379610841477,6.27743672602625));
#9074=CARTESIAN_POINT('Ctrl Pts',(6.59199467252925,-10.9190722066298,6.26974598438292));
#9075=CARTESIAN_POINT('Ctrl Pts',(6.58801275434919,-10.8874518103879,6.24942294469057));
#9076=CARTESIAN_POINT('Ctrl Pts',(6.58606759507423,-10.8725887103857,6.23541724829775));
#9077=CARTESIAN_POINT('Ctrl Pts',(6.58471573449254,-10.8560734331122,6.21164426248309));
#9078=CARTESIAN_POINT('Ctrl Pts',(6.58448351690005,-10.8516286189936,6.20383252162261));
#9079=CARTESIAN_POINT('Ctrl Pts',(6.58448363863067,-10.8479456325472,6.19577879904737));
#9080=CARTESIAN_POINT('Origin',(5.58447913043558,-10.9843255224858,6.13339683683203));
#9081=CARTESIAN_POINT('Origin',(5.58447913043558,-10.9843255224858,6.13339683683203));
#9082=CARTESIAN_POINT('Origin',(9.58447402684673,-11.1388018092845,6.13254163111513));
#9083=CARTESIAN_POINT('Origin',(7.08449989819759,-10.3560171875921,6.30277262749026));
#9084=CARTESIAN_POINT('Origin',(8.33469931048674,-4.32277597764523,7.7357534210149));
#9085=CARTESIAN_POINT('',(8.83469931021363,-4.32279250372129,7.7357534210149));
#9086=CARTESIAN_POINT('',(7.83469931075985,-4.32275945156917,7.7357534210149));
#9087=CARTESIAN_POINT('Origin',(7.83447323098821,-11.162851760164,6.24809177978416));
#9088=CARTESIAN_POINT('',(7.83447323098821,-11.162851760164,6.24809177978416));
#9089=CARTESIAN_POINT('Origin',(8.83447323044199,-11.1628848123162,6.24809177978416));
#9090=CARTESIAN_POINT('',(8.83447323044199,-11.1628848123162,6.24809177978416));
#9091=CARTESIAN_POINT('Origin',(8.33469931048674,-4.32277597764523,7.7357534210149));
#9092=CARTESIAN_POINT('Origin',(6.9348971635695,1.66333489991243,9.85637373381756));
#9093=CARTESIAN_POINT('Origin',(9.73490700314818,1.96098720506163,8.4873781153067));
#9094=CARTESIAN_POINT('',(0.,0.,0.));
#9095=CARTESIAN_POINT('Origin',(2.98484218298319,5.98878999931037,2.9333968368321));
#9096=CARTESIAN_POINT('',(0.284842182983198,4.21878999931035,2.9333968368321));
#9097=CARTESIAN_POINT('',(-0.115157817016802,4.21878999931034,2.9333968368321));
#9098=CARTESIAN_POINT('',(1.6348421829832,4.21878999931036,2.93339683683209));
#9099=CARTESIAN_POINT('',(0.284842182983192,5.11878999931035,2.93339683683211));
#9100=CARTESIAN_POINT('',(0.284842182983188,5.55378999931035,2.93339683683211));
#9101=CARTESIAN_POINT('',(-0.115157817016808,5.11878999931034,2.93339683683211));
#9102=CARTESIAN_POINT('',(1.43484218298319,5.11878999931036,2.9333968368321));
#9103=CARTESIAN_POINT('',(-0.115157817016808,5.10378999931034,2.93339683683211));
#9104=CARTESIAN_POINT('Origin',(-0.115157817016846,5.11878999931039,-3.41660316316789));
#9105=CARTESIAN_POINT('',(0.28484218364544,5.11878999931038,-1.41660316316789));
#9106=CARTESIAN_POINT('',(0.284842182983154,5.11878999931039,-3.41660316316789));
#9107=CARTESIAN_POINT('',(-0.115157817016835,5.11878999931038,-1.41660316316789));
#9108=CARTESIAN_POINT('',(-0.115157817016835,5.11878999931038,-1.41660316316789));
#9109=CARTESIAN_POINT('',(-0.115157817016846,5.11878999931039,-3.41660316316789));
#9110=CARTESIAN_POINT('Origin',(0.284842182983154,5.11878999931039,-3.41660316316789));
#9111=CARTESIAN_POINT('',(0.284842183645446,4.21878999931038,-1.4166031631679));
#9112=CARTESIAN_POINT('',(0.284842182983161,4.21878999931039,-3.4166031631679));
#9113=CARTESIAN_POINT('',(0.284842183645442,4.21878999931038,-2.07992812123898));
#9114=CARTESIAN_POINT('Origin',(0.284842182983174,3.71878999931038,-1.74826564220344));
#9115=CARTESIAN_POINT('',(0.284842183645435,4.21878999931039,-3.21346585982759));
#9116=CARTESIAN_POINT('',(0.284842182983161,4.21878999931039,-3.4166031631679));
#9117=CARTESIAN_POINT('',(0.284842183645429,5.11878999931039,-3.21346585982758));
#9118=CARTESIAN_POINT('Origin',(0.28484218298316,4.66878999931039,-2.8166031631679));
#9119=CARTESIAN_POINT('',(0.284842183645436,5.11878999931038,-2.07992812123897));
#9120=CARTESIAN_POINT('',(0.284842182983154,5.11878999931039,-3.41660316316789));
#9121=CARTESIAN_POINT('Origin',(0.28484218298316,5.61878999931038,-1.74826564220343));
#9122=CARTESIAN_POINT('Origin',(-0.11515781701684,4.66878999931039,-2.81660316316789));
#9123=CARTESIAN_POINT('',(-0.115157817016839,4.21878999931039,-3.21346585982759));
#9124=CARTESIAN_POINT('',(-0.115157817016839,4.21878999931039,-3.21346585982759));
#9125=CARTESIAN_POINT('',(-0.115157817016845,5.11878999931039,-3.21346585982758));
#9126=CARTESIAN_POINT('Origin',(-0.115157817016839,4.66878999931039,-2.81660316316789));
#9127=CARTESIAN_POINT('',(-0.115157817016845,5.11878999931039,-3.21346585982758));
#9128=CARTESIAN_POINT('Origin',(-0.115157817016827,3.71878999931038,-1.74826564220344));
#9129=CARTESIAN_POINT('',(-0.115157817016833,4.21878999931038,-2.07992812123898));
#9130=CARTESIAN_POINT('',(-0.115157817016829,4.21878999931038,-1.4166031631679));
#9131=CARTESIAN_POINT('Origin',(-0.115157817016826,3.71878999931038,-1.74826564220344));
#9132=CARTESIAN_POINT('',(-0.115157817016833,4.21878999931038,-2.07992812123898));
#9133=CARTESIAN_POINT('',(-0.115157817016829,4.21878999931038,-1.4166031631679));
#9134=CARTESIAN_POINT('Origin',(-0.115157817016841,5.61878999931038,-1.74826564220343));
#9135=CARTESIAN_POINT('',(-0.115157817016839,5.11878999931038,-2.07992812123897));
#9136=CARTESIAN_POINT('Origin',(-0.11515781701684,5.61878999931038,-1.74826564220343));
#9137=CARTESIAN_POINT('',(-0.115157817016839,5.11878999931038,-2.07992812123897));
#9138=CARTESIAN_POINT('Origin',(0.284842182983161,4.21878999931039,-3.4166031631679));
#9139=CARTESIAN_POINT('',(-0.115157817016839,4.21878999931039,-3.4166031631679));
#9140=CARTESIAN_POINT('Origin',(-0.115157817016846,5.11878999931039,-3.41660316316789));
#9141=CARTESIAN_POINT('',(-0.115157817016846,5.11878999931039,-3.41660316316789));
#9142=CARTESIAN_POINT('Origin',(-0.115157817016839,4.21878999931039,-3.4166031631679));
#9143=CARTESIAN_POINT('',(-0.115157817016839,4.21878999931039,-3.4166031631679));
#9144=CARTESIAN_POINT('Origin',(0.284842182983161,4.21878999931039,-3.4166031631679));
#9145=CARTESIAN_POINT('Origin',(2.98484218298325,-3.66121000068963,2.93339683683203));
#9146=CARTESIAN_POINT('',(0.284842182983271,-5.94121000068965,2.93339683683203));
#9147=CARTESIAN_POINT('',(-0.115157817016728,-5.94121000068966,2.93339683683203));
#9148=CARTESIAN_POINT('',(1.63484218298327,-5.94121000068964,2.93339683683202));
#9149=CARTESIAN_POINT('',(0.284842182983264,-5.04121000068965,2.93339683683203));
#9150=CARTESIAN_POINT('',(0.284842182983259,-4.35121000068965,2.93339683683204));
#9151=CARTESIAN_POINT('',(-0.115157817016735,-5.04121000068966,2.93339683683204));
#9152=CARTESIAN_POINT('',(1.43484218298327,-5.04121000068965,2.93339683683203));
#9153=CARTESIAN_POINT('',(-0.115157817016737,-4.80121000068966,2.93339683683204));
#9154=CARTESIAN_POINT('Origin',(-0.115157817016773,-5.04121000068961,-3.41660316316796));
#9155=CARTESIAN_POINT('',(0.284842183645513,-5.04121000068962,-1.41660316316797));
#9156=CARTESIAN_POINT('',(0.284842182983228,-5.04121000068961,-3.41660316316797));
#9157=CARTESIAN_POINT('',(-0.115157817016762,-5.04121000068963,-1.41660316316796));
#9158=CARTESIAN_POINT('',(-0.115157817016762,-5.04121000068963,-1.41660316316796));
#9159=CARTESIAN_POINT('',(-0.115157817016773,-5.04121000068961,-3.41660316316796));
#9160=CARTESIAN_POINT('Origin',(0.284842182983228,-5.04121000068961,-3.41660316316797));
#9161=CARTESIAN_POINT('',(0.284842183645519,-5.94121000068962,-1.41660316316797));
#9162=CARTESIAN_POINT('',(0.284842182983234,-5.94121000068961,-3.41660316316797));
#9163=CARTESIAN_POINT('',(0.284842183645516,-5.94121000068962,-2.07992812123905));
#9164=CARTESIAN_POINT('Origin',(0.284842182983248,-6.44121000068962,-1.74826564220352));
#9165=CARTESIAN_POINT('',(0.284842183645508,-5.94121000068961,-3.21346585982766));
#9166=CARTESIAN_POINT('',(0.284842182983234,-5.94121000068961,-3.41660316316797));
#9167=CARTESIAN_POINT('',(0.284842183645502,-5.04121000068961,-3.21346585982766));
#9168=CARTESIAN_POINT('Origin',(0.284842182983234,-5.49121000068961,-2.81660316316797));
#9169=CARTESIAN_POINT('',(0.284842183645509,-5.04121000068962,-2.07992812123905));
#9170=CARTESIAN_POINT('',(0.284842182983228,-5.04121000068961,-3.41660316316797));
#9171=CARTESIAN_POINT('Origin',(0.284842182983234,-4.54121000068962,-1.7482656422035));
#9172=CARTESIAN_POINT('Origin',(-0.115157817016767,-5.49121000068961,-2.81660316316797));
#9173=CARTESIAN_POINT('',(-0.115157817016766,-5.94121000068961,-3.21346585982766));
#9174=CARTESIAN_POINT('',(-0.115157817016766,-5.94121000068961,-3.21346585982766));
#9175=CARTESIAN_POINT('',(-0.115157817016772,-5.04121000068961,-3.21346585982765));
#9176=CARTESIAN_POINT('Origin',(-0.115157817016766,-5.49121000068961,-2.81660316316797));
#9177=CARTESIAN_POINT('',(-0.115157817016772,-5.04121000068961,-3.21346585982765));
#9178=CARTESIAN_POINT('Origin',(-0.115157817016754,-6.44121000068962,-1.74826564220351));
#9179=CARTESIAN_POINT('',(-0.115157817016759,-5.94121000068962,-2.07992812123905));
#9180=CARTESIAN_POINT('',(-0.115157817016756,-5.94121000068963,-1.41660316316797));
#9181=CARTESIAN_POINT('Origin',(-0.115157817016753,-6.44121000068962,-1.74826564220351));
#9182=CARTESIAN_POINT('',(-0.115157817016759,-5.94121000068962,-2.07992812123905));
#9183=CARTESIAN_POINT('',(-0.115157817016756,-5.94121000068963,-1.41660316316797));
#9184=CARTESIAN_POINT('Origin',(-0.115157817016768,-4.54121000068962,-1.7482656422035));
#9185=CARTESIAN_POINT('',(-0.115157817016766,-5.04121000068962,-2.07992812123904));
#9186=CARTESIAN_POINT('Origin',(-0.115157817016767,-4.54121000068962,-1.7482656422035));
#9187=CARTESIAN_POINT('',(-0.115157817016766,-5.04121000068962,-2.07992812123904));
#9188=CARTESIAN_POINT('Origin',(0.284842182983234,-5.94121000068961,-3.41660316316797));
#9189=CARTESIAN_POINT('',(-0.115157817016767,-5.94121000068961,-3.41660316316797));
#9190=CARTESIAN_POINT('Origin',(-0.115157817016773,-5.04121000068961,-3.41660316316796));
#9191=CARTESIAN_POINT('',(-0.115157817016773,-5.04121000068961,-3.41660316316796));
#9192=CARTESIAN_POINT('Origin',(-0.115157817016767,-5.94121000068961,-3.41660316316797));
#9193=CARTESIAN_POINT('',(-0.115157817016767,-5.94121000068961,-3.41660316316797));
#9194=CARTESIAN_POINT('Origin',(0.284842182983234,-5.94121000068961,-3.41660316316797));
#9195=CARTESIAN_POINT('Origin',(0.284842182983197,-0.861210000689608,-3.41660316316794));
#9196=CARTESIAN_POINT('',(-0.115157817016802,-0.861210000689612,-3.21346585982762));
#9197=CARTESIAN_POINT('',(0.284842183645472,-0.861210000689609,-3.21346585982763));
#9198=CARTESIAN_POINT('',(-0.115157817016802,-0.861210000689612,-3.21346585982762));
#9199=CARTESIAN_POINT('',(0.284842183645479,-0.861210000689617,-2.07992812123902));
#9200=CARTESIAN_POINT('',(0.284842182983197,-0.861210000689608,-3.41660316316794));
#9201=CARTESIAN_POINT('',(-0.115157817016796,-0.86121000068962,-2.07992812123901));
#9202=CARTESIAN_POINT('',(-0.115157817016796,-0.86121000068962,-2.07992812123901));
#9203=CARTESIAN_POINT('',(-0.115157817016803,-0.861210000689611,-3.41660316316793));
#9204=CARTESIAN_POINT('Origin',(-0.115157817016809,0.0387899993103902,-3.41660316316793));
#9205=CARTESIAN_POINT('',(0.284842183645466,0.0387899993103918,-3.21346585982762));
#9206=CARTESIAN_POINT('',(-0.115157817016808,0.0387899993103885,-3.21346585982762));
#9207=CARTESIAN_POINT('',(-0.115157817016808,0.0387899993103885,-3.21346585982762));
#9208=CARTESIAN_POINT('',(-0.115157817016802,0.0387899993103807,-2.07992812123901));
#9209=CARTESIAN_POINT('',(-0.115157817016809,0.0387899993103902,-3.41660316316793));
#9210=CARTESIAN_POINT('',(0.284842183645473,0.0387899993103835,-2.07992812123901));
#9211=CARTESIAN_POINT('',(-0.115157817016802,0.0387899993103807,-2.07992812123901));
#9212=CARTESIAN_POINT('',(0.284842182983191,0.038789999310393,-3.41660316316793));
#9213=CARTESIAN_POINT('Origin',(-0.115157817016804,0.538789999310378,-1.74826564220346));
#9214=CARTESIAN_POINT('',(-0.115157817016799,0.0387899993103757,-1.41660316316793));
#9215=CARTESIAN_POINT('Origin',(-0.115157817016803,0.538789999310378,-1.74826564220346));
#9216=CARTESIAN_POINT('',(0.284842183645476,0.038789999310378,-1.41660316316793));
#9217=CARTESIAN_POINT('',(-0.115157817016799,0.0387899993103757,-1.41660316316793));
#9218=CARTESIAN_POINT('Origin',(0.284842182983197,0.538789999310381,-1.74826564220347));
#9219=CARTESIAN_POINT('Origin',(-0.115157817016791,-1.36121000068962,-1.74826564220348));
#9220=CARTESIAN_POINT('',(-0.115157817016792,-0.861210000689625,-1.41660316316793));
#9221=CARTESIAN_POINT('Origin',(-0.115157817016789,-1.36121000068962,-1.74826564220348));
#9222=CARTESIAN_POINT('',(0.284842183645483,-0.861210000689622,-1.41660316316794));
#9223=CARTESIAN_POINT('Origin',(0.284842182983211,-1.36121000068962,-1.74826564220348));
#9224=CARTESIAN_POINT('',(-0.115157817016792,-0.861210000689625,-1.41660316316793));
#9225=CARTESIAN_POINT('Origin',(-0.115157817016803,-0.411210000689615,-2.81660316316793));
#9226=CARTESIAN_POINT('Origin',(0.284842182983197,-0.411210000689612,-2.81660316316793));
#9227=CARTESIAN_POINT('Origin',(-0.115157817016802,-0.411210000689615,-2.81660316316793));
#9228=CARTESIAN_POINT('Origin',(-0.115157817016803,-0.861210000689611,-3.41660316316793));
#9229=CARTESIAN_POINT('',(-0.115157817016764,-0.861210000689657,2.98339683683207));
#9230=CARTESIAN_POINT('',(-0.115157817016803,-0.861210000689611,-3.41660316316793));
#9231=CARTESIAN_POINT('',(-0.115157817016771,0.0387899993103441,2.98339683683207));
#9232=CARTESIAN_POINT('',(-0.115157817016771,0.0237899993103435,2.98339683683207));
#9233=CARTESIAN_POINT('',(-0.115157817016787,0.038789999310363,0.383396836832073));
#9234=CARTESIAN_POINT('Origin',(-0.115157817016809,0.0387899993103902,-3.41660316316793));
#9235=CARTESIAN_POINT('',(0.284842182983228,0.0387899993103469,2.98339683683207));
#9236=CARTESIAN_POINT('',(-1.46515781701677,0.0387899993103341,2.98339683683208));
#9237=CARTESIAN_POINT('',(0.284842182983191,0.038789999310393,-3.41660316316793));
#9238=CARTESIAN_POINT('Origin',(0.284842182983197,-0.861210000689608,-3.41660316316794));
#9239=CARTESIAN_POINT('',(0.284842182983235,-0.861210000689654,2.98339683683206));
#9240=CARTESIAN_POINT('',(0.284842182983197,-0.861210000689608,-3.41660316316794));
#9241=CARTESIAN_POINT('',(-1.26515781701677,-0.861210000689665,2.98339683683207));
#9242=CARTESIAN_POINT('Origin',(0.284842182983191,0.038789999310393,-3.41660316316793));
#9243=CARTESIAN_POINT('',(0.284842182983225,0.473789999310346,2.98339683683207));
#9244=CARTESIAN_POINT('Origin',(-2.81515781701678,0.908789999310324,2.9833968368321));
#9245=CARTESIAN_POINT('',(0.,0.,0.));
#9246=CARTESIAN_POINT('Origin',(1.93484218298331,-1.3768169262123,5.28339683683202));
#9247=CARTESIAN_POINT('',(-1.76515781701669,-1.3768169262123,5.28339683683204));
#9248=CARTESIAN_POINT('',(1.93484218298331,-1.3768169262123,5.28339683683202));
#9249=CARTESIAN_POINT('',(-1.76515781701669,-1.3768169262123,5.28339683683204));
#9250=CARTESIAN_POINT('',(-1.76515781701669,-1.37681692621231,5.68339683683204));
#9251=CARTESIAN_POINT('',(-1.76515781701669,-1.3768169262123,5.28339683683204));
#9252=CARTESIAN_POINT('',(1.93484218298331,-1.37681692621231,5.68339683683202));
#9253=CARTESIAN_POINT('',(-1.76515781701669,-1.37681692621231,5.68339683683204));
#9254=CARTESIAN_POINT('',(1.93484218298331,-1.3768169262123,5.28339683683202));
#9255=CARTESIAN_POINT('Origin',(1.93484218298331,-3.34560307516687,5.28339683683201));
#9256=CARTESIAN_POINT('',(1.93484218298331,-3.34560307516687,5.28339683683201));
#9257=CARTESIAN_POINT('',(1.93484218298331,-1.3768169262123,5.28339683683202));
#9258=CARTESIAN_POINT('',(1.93484218298331,-3.34560307516688,5.68339683683201));
#9259=CARTESIAN_POINT('',(1.93484218298331,-1.37681692621231,5.68339683683202));
#9260=CARTESIAN_POINT('',(1.93484218298331,-3.34560307516687,5.28339683683201));
#9261=CARTESIAN_POINT('Origin',(-1.76515781701669,-3.34560307516687,5.28339683683203));
#9262=CARTESIAN_POINT('',(-1.76515781701669,-3.34560307516687,5.28339683683203));
#9263=CARTESIAN_POINT('',(1.93484218298331,-3.34560307516687,5.28339683683201));
#9264=CARTESIAN_POINT('',(-1.76515781701669,-3.34560307516688,5.68339683683203));
#9265=CARTESIAN_POINT('',(1.93484218298331,-3.34560307516688,5.68339683683201));
#9266=CARTESIAN_POINT('',(-1.76515781701669,-3.34560307516687,5.28339683683203));
#9267=CARTESIAN_POINT('Origin',(-1.76515781701669,-1.3768169262123,5.28339683683204));
#9268=CARTESIAN_POINT('',(-1.76515781701669,-3.34560307516687,5.28339683683203));
#9269=CARTESIAN_POINT('',(-1.76515781701669,-3.34560307516688,5.68339683683203));
#9270=CARTESIAN_POINT('Origin',(0.0848421829833107,-2.3612100006896,5.68339683683203));
#9271=CARTESIAN_POINT('',(1.53484218298331,-2.94560307516688,5.68339683683201));
#9272=CARTESIAN_POINT('',(1.53484218298331,-1.77681692621231,5.68339683683202));
#9273=CARTESIAN_POINT('',(1.53484218298331,-2.36121000068959,5.68339683683202));
#9274=CARTESIAN_POINT('',(-1.36515781701669,-2.94560307516688,5.68339683683203));
#9275=CARTESIAN_POINT('',(0.809842182983311,-2.94560307516688,5.68339683683202));
#9276=CARTESIAN_POINT('',(-1.36515781701669,-1.77681692621231,5.68339683683204));
#9277=CARTESIAN_POINT('',(-1.36515781701669,-2.36121000068959,5.68339683683203));
#9278=CARTESIAN_POINT('',(-0.64015781701669,-1.77681692621231,5.68339683683203));
#9279=CARTESIAN_POINT('Origin',(-1.36515781701668,-1.77681692621232,6.78339683683204));
#9280=CARTESIAN_POINT('',(-1.36515781701668,-1.77681692621232,6.78339683683204));
#9281=CARTESIAN_POINT('',(-1.36515781701668,-1.77681692621232,6.78339683683204));
#9282=CARTESIAN_POINT('',(1.53484218298332,-1.77681692621232,6.78339683683202));
#9283=CARTESIAN_POINT('',(1.53484218298332,-1.77681692621232,6.78339683683202));
#9284=CARTESIAN_POINT('',(1.53484218298332,-1.77681692621232,6.78339683683202));
#9285=CARTESIAN_POINT('Origin',(-1.36515781701668,-2.36121000068959,6.64743826040896));
#9286=CARTESIAN_POINT('',(-1.36515781701668,-2.94560307516689,6.78339683683203));
#9287=CARTESIAN_POINT('',(-1.36515781701668,-2.94560307516689,6.78339683683203));
#9288=CARTESIAN_POINT('Origin',(-1.36515781701668,-2.36121000068959,6.64743826040896));
#9289=CARTESIAN_POINT('Origin',(1.53484218298332,-2.94560307516688,6.78339683683201));
#9290=CARTESIAN_POINT('',(1.53484218298332,-2.94560307516688,6.78339683683201));
#9291=CARTESIAN_POINT('',(1.53484218298332,-2.94560307516688,6.78339683683201));
#9292=CARTESIAN_POINT('',(1.53484218298332,-2.94560307516688,6.78339683683201));
#9293=CARTESIAN_POINT('Origin',(0.0848421829833074,-0.411210000689584,5.28339683683204));
#9294=CARTESIAN_POINT('Origin',(1.53484218298332,-2.36121000068959,6.64743826040894));
#9295=CARTESIAN_POINT('Origin',(1.53484218298332,-2.36121000068959,6.64743826040894));
#9296=CARTESIAN_POINT('Origin',(1.53484218298332,-2.36121000068959,6.64743826040894));
#9297=CARTESIAN_POINT('',(-0.0848421829832141,0.411210000689635,-0.0833968368320697));
#9298=CARTESIAN_POINT('',(-8.33484218298323,5.41121000068961,-0.0833968368321532));
#9299=CARTESIAN_POINT('',(-0.0848421829832141,0.411210000689635,-0.0833968368320697));
#9300=CARTESIAN_POINT('',(-0.0848421829832078,0.411210000689626,-0.0833968368321537));
#9301=CARTESIAN_POINT('Origin',(0.,0.,0.));
#9302=UNCERTAINTY_MEASURE_WITH_UNIT(LENGTH_MEASURE(0.01),#9314,
'DISTANCE_ACCURACY_VALUE',
'Maximum model space distance between geometric entities at asserted c
onnectivities');
#9303=UNCERTAINTY_MEASURE_WITH_UNIT(LENGTH_MEASURE(0.01),#9314,
'DISTANCE_ACCURACY_VALUE',
'Maximum model space distance between geometric entities at asserted c
onnectivities');
#9304=UNCERTAINTY_MEASURE_WITH_UNIT(LENGTH_MEASURE(0.01),#9314,
'DISTANCE_ACCURACY_VALUE',
'Maximum model space distance between geometric entities at asserted c
onnectivities');
#9305=UNCERTAINTY_MEASURE_WITH_UNIT(LENGTH_MEASURE(0.01),#9314,
'DISTANCE_ACCURACY_VALUE',
'Maximum model space distance between geometric entities at asserted c
onnectivities');
#9306=UNCERTAINTY_MEASURE_WITH_UNIT(LENGTH_MEASURE(0.01),#9314,
'DISTANCE_ACCURACY_VALUE',
'Maximum model space distance between geometric entities at asserted c
onnectivities');
#9307=UNCERTAINTY_MEASURE_WITH_UNIT(LENGTH_MEASURE(0.01),#9314,
'DISTANCE_ACCURACY_VALUE',
'Maximum model space distance between geometric entities at asserted c
onnectivities');
#9308=(
GEOMETRIC_REPRESENTATION_CONTEXT(3)
GLOBAL_UNCERTAINTY_ASSIGNED_CONTEXT((#9302))
GLOBAL_UNIT_ASSIGNED_CONTEXT((#9314,#9316,#9317))
REPRESENTATION_CONTEXT('','3D')
);
#9309=(
GEOMETRIC_REPRESENTATION_CONTEXT(3)
GLOBAL_UNCERTAINTY_ASSIGNED_CONTEXT((#9303))
GLOBAL_UNIT_ASSIGNED_CONTEXT((#9314,#9316,#9317))
REPRESENTATION_CONTEXT('','3D')
);
#9310=(
GEOMETRIC_REPRESENTATION_CONTEXT(3)
GLOBAL_UNCERTAINTY_ASSIGNED_CONTEXT((#9304))
GLOBAL_UNIT_ASSIGNED_CONTEXT((#9314,#9316,#9317))
REPRESENTATION_CONTEXT('','3D')
);
#9311=(
GEOMETRIC_REPRESENTATION_CONTEXT(3)
GLOBAL_UNCERTAINTY_ASSIGNED_CONTEXT((#9305))
GLOBAL_UNIT_ASSIGNED_CONTEXT((#9314,#9316,#9317))
REPRESENTATION_CONTEXT('','3D')
);
#9312=(
GEOMETRIC_REPRESENTATION_CONTEXT(3)
GLOBAL_UNCERTAINTY_ASSIGNED_CONTEXT((#9306))
GLOBAL_UNIT_ASSIGNED_CONTEXT((#9314,#9316,#9317))
REPRESENTATION_CONTEXT('','3D')
);
#9313=(
GEOMETRIC_REPRESENTATION_CONTEXT(3)
GLOBAL_UNCERTAINTY_ASSIGNED_CONTEXT((#9307))
GLOBAL_UNIT_ASSIGNED_CONTEXT((#9314,#9316,#9317))
REPRESENTATION_CONTEXT('','3D')
);
#9314=(
LENGTH_UNIT()
NAMED_UNIT(*)
SI_UNIT(.MILLI.,.METRE.)
);
#9315=(
LENGTH_UNIT()
NAMED_UNIT(*)
SI_UNIT($,.METRE.)
);
#9316=(
NAMED_UNIT(*)
PLANE_ANGLE_UNIT()
SI_UNIT($,.RADIAN.)
);
#9317=(
NAMED_UNIT(*)
SI_UNIT($,.STERADIAN.)
SOLID_ANGLE_UNIT()
);
#9318=SHAPE_DEFINITION_REPRESENTATION(#9323,#9332);
#9319=SHAPE_DEFINITION_REPRESENTATION(#9324,#9333);
#9320=SHAPE_DEFINITION_REPRESENTATION(#9325,#9334);
#9321=SHAPE_DEFINITION_REPRESENTATION(#9326,#9335);
#9322=SHAPE_DEFINITION_REPRESENTATION(#9327,#9336);
#9323=PRODUCT_DEFINITION_SHAPE('',$,#9338);
#9324=PRODUCT_DEFINITION_SHAPE('',$,#9339);
#9325=PRODUCT_DEFINITION_SHAPE('',$,#9340);
#9326=PRODUCT_DEFINITION_SHAPE('',$,#9341);
#9327=PRODUCT_DEFINITION_SHAPE('',$,#9342);
#9328=PRODUCT_DEFINITION_SHAPE($,$,#29);
#9329=PRODUCT_DEFINITION_SHAPE($,$,#30);
#9330=PRODUCT_DEFINITION_SHAPE($,$,#31);
#9331=PRODUCT_DEFINITION_SHAPE($,$,#32);
#9332=SHAPE_REPRESENTATION('',(#5289,#5600,#5601,#5602,#5603),#9308);
#9333=SHAPE_REPRESENTATION('',(#5290),#9309);
#9334=SHAPE_REPRESENTATION('',(#5480),#9310);
#9335=SHAPE_REPRESENTATION('',(#5537),#9311);
#9336=SHAPE_REPRESENTATION('',(#5586),#9312);
#9337=PRODUCT_DEFINITION_CONTEXT('part definition',#9354,'design');
#9338=PRODUCT_DEFINITION('Untitled','Untitled',#9343,#9337);
#9339=PRODUCT_DEFINITION('Switch Body','Switch Body',#9344,#9337);
#9340=PRODUCT_DEFINITION('Lever','Lever',#9345,#9337);
#9341=PRODUCT_DEFINITION('Contacts','Contacts',#9346,#9337);
#9342=PRODUCT_DEFINITION('Plunger','Plunger',#9347,#9337);
#9343=PRODUCT_DEFINITION_FORMATION('',$,#9356);
#9344=PRODUCT_DEFINITION_FORMATION('',$,#9357);
#9345=PRODUCT_DEFINITION_FORMATION('',$,#9358);
#9346=PRODUCT_DEFINITION_FORMATION('',$,#9359);
#9347=PRODUCT_DEFINITION_FORMATION('',$,#9360);
#9348=PRODUCT_RELATED_PRODUCT_CATEGORY('Untitled','Untitled',(#9356));
#9349=PRODUCT_RELATED_PRODUCT_CATEGORY('Switch Body','Switch Body',(#9357));
#9350=PRODUCT_RELATED_PRODUCT_CATEGORY('Lever','Lever',(#9358));
#9351=PRODUCT_RELATED_PRODUCT_CATEGORY('Contacts','Contacts',(#9359));
#9352=PRODUCT_RELATED_PRODUCT_CATEGORY('Plunger','Plunger',(#9360));
#9353=APPLICATION_PROTOCOL_DEFINITION('international standard',
'automotive_design',2009,#9354);
#9354=APPLICATION_CONTEXT(
'Core Data for Automotive Mechanical Design Process');
#9355=PRODUCT_CONTEXT('part definition',#9354,'mechanical');
#9356=PRODUCT('Untitled','Untitled',$,(#9355));
#9357=PRODUCT('Switch Body','Switch Body',$,(#9355));
#9358=PRODUCT('Lever','Lever',$,(#9355));
#9359=PRODUCT('Contacts','Contacts',$,(#9355));
#9360=PRODUCT('Plunger','Plunger',$,(#9355));
#9361=PRESENTATION_STYLE_ASSIGNMENT((#9367));
#9362=PRESENTATION_STYLE_ASSIGNMENT((#9368));
#9363=PRESENTATION_STYLE_ASSIGNMENT((#9369));
#9364=PRESENTATION_STYLE_ASSIGNMENT((#9370));
#9365=PRESENTATION_STYLE_ASSIGNMENT((#9371));
#9366=PRESENTATION_STYLE_ASSIGNMENT((NULL_STYLE(.NULL.)));
#9367=SURFACE_STYLE_USAGE(.BOTH.,#9372);
#9368=SURFACE_STYLE_USAGE(.BOTH.,#9373);
#9369=SURFACE_STYLE_USAGE(.BOTH.,#9374);
#9370=SURFACE_STYLE_USAGE(.BOTH.,#9375);
#9371=SURFACE_STYLE_USAGE(.BOTH.,#9376);
#9372=SURFACE_SIDE_STYLE('',(#9377));
#9373=SURFACE_SIDE_STYLE('',(#9378));
#9374=SURFACE_SIDE_STYLE('',(#9379));
#9375=SURFACE_SIDE_STYLE('',(#9380));
#9376=SURFACE_SIDE_STYLE('',(#9381));
#9377=SURFACE_STYLE_FILL_AREA(#9382);
#9378=SURFACE_STYLE_FILL_AREA(#9383);
#9379=SURFACE_STYLE_FILL_AREA(#9384);
#9380=SURFACE_STYLE_FILL_AREA(#9385);
#9381=SURFACE_STYLE_FILL_AREA(#9386);
#9382=FILL_AREA_STYLE('Steel - Satin',(#9387));
#9383=FILL_AREA_STYLE('Plastic - Matte (Black)',(#9388));
#9384=FILL_AREA_STYLE('Aluminum - Satin',(#9389));
#9385=FILL_AREA_STYLE('Lead - Satin',(#9390));
#9386=FILL_AREA_STYLE('Plastic - Matte (Gray)',(#9391));
#9387=FILL_AREA_STYLE_COLOUR('Steel - Satin',#9392);
#9388=FILL_AREA_STYLE_COLOUR('Plastic - Matte (Black)',#9393);
#9389=FILL_AREA_STYLE_COLOUR('Aluminum - Satin',#9394);
#9390=FILL_AREA_STYLE_COLOUR('Lead - Satin',#9395);
#9391=FILL_AREA_STYLE_COLOUR('Plastic - Matte (Gray)',#9396);
#9392=COLOUR_RGB('Steel - Satin',0.627450980392157,0.627450980392157,0.627450980392157);
#9393=COLOUR_RGB('Plastic - Matte (Black)',0.0980392156862745,0.0980392156862745,
0.0980392156862745);
#9394=COLOUR_RGB('Aluminum - Satin',0.96078431372549,0.96078431372549,0.964705882352941);
#9395=COLOUR_RGB('Lead - Satin',0.815686274509804,0.815686274509804,0.815686274509804);
#9396=COLOUR_RGB('Plastic - Matte (Gray)',0.701960784313725,0.701960784313725,
0.701960784313725);
ENDSEC;
END-ISO-10303-21;
